desc: --massif-out-file=/home/uno/Desktop/master/VerifikacijaSoftvera/Projekat/valgrind-massif/massif.out
cmd: /home/uno/Desktop/master/VerifikacijaSoftvera/Projekat/build_libre_sprite/bin/libresprite
time_unit: i
#-----------
snapshot=0
#-----------
time=0
mem_heap_B=0
mem_heap_extra_B=0
mem_stacks_B=0
heap_tree=empty
#-----------
snapshot=1
#-----------
time=102499898
mem_heap_B=1117686
mem_heap_extra_B=126050
mem_stacks_B=0
heap_tree=empty
#-----------
snapshot=2
#-----------
time=266846137
mem_heap_B=14991686
mem_heap_extra_B=552634
mem_stacks_B=0
heap_tree=empty
#-----------
snapshot=3
#-----------
time=475956357
mem_heap_B=19086716
mem_heap_extra_B=786084
mem_stacks_B=0
heap_tree=empty
#-----------
snapshot=4
#-----------
time=568990376
mem_heap_B=20701980
mem_heap_extra_B=790508
mem_stacks_B=0
heap_tree=empty
#-----------
snapshot=5
#-----------
time=706326156
mem_heap_B=20890404
mem_heap_extra_B=797572
mem_stacks_B=0
heap_tree=empty
#-----------
snapshot=6
#-----------
time=789014981
mem_heap_B=20891920
mem_heap_extra_B=797464
mem_stacks_B=0
heap_tree=empty
#-----------
snapshot=7
#-----------
time=957162162
mem_heap_B=20892680
mem_heap_extra_B=797584
mem_stacks_B=0
heap_tree=empty
#-----------
snapshot=8
#-----------
time=1131060411
mem_heap_B=21542318
mem_heap_extra_B=798610
mem_stacks_B=0
heap_tree=empty
#-----------
snapshot=9
#-----------
time=1264002518
mem_heap_B=22083262
mem_heap_extra_B=798842
mem_stacks_B=0
heap_tree=empty
#-----------
snapshot=10
#-----------
time=1382054073
mem_heap_B=22085042
mem_heap_extra_B=798622
mem_stacks_B=0
heap_tree=empty
#-----------
snapshot=11
#-----------
time=1558927321
mem_heap_B=22279802
mem_heap_extra_B=800870
mem_stacks_B=0
heap_tree=empty
#-----------
snapshot=12
#-----------
time=1685674762
mem_heap_B=22085581
mem_heap_extra_B=798811
mem_stacks_B=0
heap_tree=empty
#-----------
snapshot=13
#-----------
time=1900819979
mem_heap_B=22115365
mem_heap_extra_B=798907
mem_stacks_B=0
heap_tree=empty
#-----------
snapshot=14
#-----------
time=2027526560
mem_heap_B=22158081
mem_heap_extra_B=799319
mem_stacks_B=0
heap_tree=empty
#-----------
snapshot=15
#-----------
time=2174751828
mem_heap_B=22157705
mem_heap_extra_B=799295
mem_stacks_B=0
heap_tree=empty
#-----------
snapshot=16
#-----------
time=2282804313
mem_heap_B=22159525
mem_heap_extra_B=800643
mem_stacks_B=0
heap_tree=detailed
n8: 22159525 (heap allocation functions) malloc/new/new[], --alloc-fns, etc.
 n3: 9651888 0x181DDF1C: ???
  n2: 5730464 0x181DF139: ???
   n0: 5328032 in 375 places, all below massif's threshold (1.00%)
   n1: 402432 0x18068FE1: ???
    n0: 402432 in 29 places, all below massif's threshold (1.00%)
  n2: 3372560 0x181DEB02: ???
   n4: 3306928 0x181DEC14: ???
    n3: 1636576 0x182425A1: ???
     n1: 753296 0x18243E2A: ???
      n1: 753296 0x182FCEFC: ???
       n1: 753296 0x182FDD39: ???
        n2: 753296 0x182FE09B: ???
         n1: 425776 0x17D816B9: ???
          n1: 425776 0x17D82608: ???
           n1: 425776 0x17D82D64: ???
            n1: 425776 0x17D8444B: ???
             n1: 425776 0x17D845CC: ???
              n1: 425776 0x1802FD0D: ???
               n1: 425776 0x17FE8D96: ???
                n1: 425776 0x8756CB2: CompileShaderProgram (SDL_shaders_gl.c:587)
                 n1: 425776 0x8756CB2: GL_CreateShaderContext (SDL_shaders_gl.c:685)
                  n1: 425776 0x8756CB2: GL_CreateRenderer.lto_priv.0 (SDL_render_gl.c:1947)
                   n1: 425776 0x873E292: SDL_CreateRendererWithProperties_REAL (SDL_render.c:1142)
                    n1: 425776 0x873E576: SDL_CreateRenderer_REAL (SDL_render.c:1287)
                     n1: 425776 0x4EA2628: SDL_CreateRenderer_REAL (sdl2_compat.c:5986)
                      n1: 425776 0xC39255: she::SDL2Display::SDL2Display(int, int, int)::{lambda()#1}::operator()() const (sdl2_display.cpp:83)
                       n1: 425776 0xC39389: __invoke_impl<void, she::SDL2Display::SDL2Display(int, int, int)::<lambda()>&> (invoke.h:63)
                        n1: 425776 0xC39389: __invoke_r<void, she::SDL2Display::SDL2Display(int, int, int)::<lambda()>&> (invoke.h:113)
                         n1: 425776 0xC39389: std::_Function_handler<void (), she::SDL2Display::SDL2Display(int, int, int)::{lambda()#1}>::_M_invoke(std::_Any_data const&) (std_function.h:295)
                          n1: 425776 0x421E25: std::function<void ()>::operator()() const (std_function.h:581)
                           n1: 425776 0xC60013: she::SDL2System::gfx(std::function<void ()>&&, bool) (she.cpp:680)
                            n1: 425776 0xC38110: she::SDL2Display::SDL2Display(int, int, int) (sdl2_display.cpp:73)
                             n1: 425776 0xC5C3B6: she::SDL2System::createDisplay(int, int, int) (she.cpp:872)
                              n1: 425776 0x690189: app::create_main_display(bool, bool&, std::__cxx11::basic_string<char, std::char_traits<char>, std::allocator<char> >&) (gui.cpp:112)
                               n1: 425776 0x690A8C: app::init_module_gui() (gui.cpp:164)
                                n1: 425776 0x6894AC: app::LegacyModules::LegacyModules(int) (modules.cpp:47)
                                 n1: 425776 0x4164B3: std::__detail::_MakeUniq<app::LegacyModules>::__single_object std::make_unique<app::LegacyModules, int>(int&&) (unique_ptr.h:1105)
                                  n0: 425776 0x405304: app::App::initialize(app::AppOptions const&) (app.cpp:164)
         n1: 327520 0x17D823C6: ???
          n1: 327520 0x17D82836: ???
           n1: 327520 0x17D82E94: ???
            n1: 327520 0x17D8444B: ???
             n1: 327520 0x17D845CC: ???
              n1: 327520 0x1802FD0D: ???
               n1: 327520 0x17FE8D96: ???
                n1: 327520 0x8756CB2: CompileShaderProgram (SDL_shaders_gl.c:587)
                 n1: 327520 0x8756CB2: GL_CreateShaderContext (SDL_shaders_gl.c:685)
                  n1: 327520 0x8756CB2: GL_CreateRenderer.lto_priv.0 (SDL_render_gl.c:1947)
                   n1: 327520 0x873E292: SDL_CreateRendererWithProperties_REAL (SDL_render.c:1142)
                    n1: 327520 0x873E576: SDL_CreateRenderer_REAL (SDL_render.c:1287)
                     n1: 327520 0x4EA2628: SDL_CreateRenderer_REAL (sdl2_compat.c:5986)
                      n1: 327520 0xC39255: she::SDL2Display::SDL2Display(int, int, int)::{lambda()#1}::operator()() const (sdl2_display.cpp:83)
                       n1: 327520 0xC39389: __invoke_impl<void, she::SDL2Display::SDL2Display(int, int, int)::<lambda()>&> (invoke.h:63)
                        n1: 327520 0xC39389: __invoke_r<void, she::SDL2Display::SDL2Display(int, int, int)::<lambda()>&> (invoke.h:113)
                         n1: 327520 0xC39389: std::_Function_handler<void (), she::SDL2Display::SDL2Display(int, int, int)::{lambda()#1}>::_M_invoke(std::_Any_data const&) (std_function.h:295)
                          n1: 327520 0x421E25: std::function<void ()>::operator()() const (std_function.h:581)
                           n1: 327520 0xC60013: she::SDL2System::gfx(std::function<void ()>&&, bool) (she.cpp:680)
                            n1: 327520 0xC38110: she::SDL2Display::SDL2Display(int, int, int) (sdl2_display.cpp:73)
                             n1: 327520 0xC5C3B6: she::SDL2System::createDisplay(int, int, int) (she.cpp:872)
                              n1: 327520 0x690189: app::create_main_display(bool, bool&, std::__cxx11::basic_string<char, std::char_traits<char>, std::allocator<char> >&) (gui.cpp:112)
                               n1: 327520 0x690A8C: app::init_module_gui() (gui.cpp:164)
                                n1: 327520 0x6894AC: app::LegacyModules::LegacyModules(int) (modules.cpp:47)
                                 n1: 327520 0x4164B3: std::__detail::_MakeUniq<app::LegacyModules>::__single_object std::make_unique<app::LegacyModules, int>(int&&) (unique_ptr.h:1105)
                                  n0: 327520 0x405304: app::App::initialize(app::AppOptions const&) (app.cpp:164)
     n2: 457504 0x18243C98: ???
      n1: 457504 0x182FCC9D: ???
       n1: 457504 0x182FDD39: ???
        n2: 457504 0x182FE09B: ???
         n1: 457504 0x17D823C6: ???
          n1: 457504 0x17D82836: ???
           n1: 457504 0x17D82E94: ???
            n1: 457504 0x17D8444B: ???
             n1: 457504 0x17D845CC: ???
              n1: 457504 0x1802FD0D: ???
               n1: 457504 0x17FE8D96: ???
                n1: 457504 0x8756CB2: CompileShaderProgram (SDL_shaders_gl.c:587)
                 n1: 457504 0x8756CB2: GL_CreateShaderContext (SDL_shaders_gl.c:685)
                  n1: 457504 0x8756CB2: GL_CreateRenderer.lto_priv.0 (SDL_render_gl.c:1947)
                   n1: 457504 0x873E292: SDL_CreateRendererWithProperties_REAL (SDL_render.c:1142)
                    n1: 457504 0x873E576: SDL_CreateRenderer_REAL (SDL_render.c:1287)
                     n1: 457504 0x4EA2628: SDL_CreateRenderer_REAL (sdl2_compat.c:5986)
                      n1: 457504 0xC39255: she::SDL2Display::SDL2Display(int, int, int)::{lambda()#1}::operator()() const (sdl2_display.cpp:83)
                       n1: 457504 0xC39389: __invoke_impl<void, she::SDL2Display::SDL2Display(int, int, int)::<lambda()>&> (invoke.h:63)
                        n1: 457504 0xC39389: __invoke_r<void, she::SDL2Display::SDL2Display(int, int, int)::<lambda()>&> (invoke.h:113)
                         n1: 457504 0xC39389: std::_Function_handler<void (), she::SDL2Display::SDL2Display(int, int, int)::{lambda()#1}>::_M_invoke(std::_Any_data const&) (std_function.h:295)
                          n1: 457504 0x421E25: std::function<void ()>::operator()() const (std_function.h:581)
                           n1: 457504 0xC60013: she::SDL2System::gfx(std::function<void ()>&&, bool) (she.cpp:680)
                            n1: 457504 0xC38110: she::SDL2Display::SDL2Display(int, int, int) (sdl2_display.cpp:73)
                             n1: 457504 0xC5C3B6: she::SDL2System::createDisplay(int, int, int) (she.cpp:872)
                              n1: 457504 0x690189: app::create_main_display(bool, bool&, std::__cxx11::basic_string<char, std::char_traits<char>, std::allocator<char> >&) (gui.cpp:112)
                               n1: 457504 0x690A8C: app::init_module_gui() (gui.cpp:164)
                                n1: 457504 0x6894AC: app::LegacyModules::LegacyModules(int) (modules.cpp:47)
                                 n1: 457504 0x4164B3: std::__detail::_MakeUniq<app::LegacyModules>::__single_object std::make_unique<app::LegacyModules, int>(int&&) (unique_ptr.h:1105)
                                  n0: 457504 0x405304: app::App::initialize(app::AppOptions const&) (app.cpp:164)
         n0: 0 in 1 place, below massif's threshold (1.00%)
      n0: 0 in 2 places, all below massif's threshold (1.00%)
     n2: 425776 0x18243EBD: ???
      n1: 425776 0x182FCFBE: ???
       n1: 425776 0x182FDD39: ???
        n1: 425776 0x182FE09B: ???
         n1: 425776 0x17D823C6: ???
          n1: 425776 0x17D82836: ???
           n1: 425776 0x17D82E94: ???
            n1: 425776 0x17D8444B: ???
             n1: 425776 0x17D845CC: ???
              n1: 425776 0x1802FD0D: ???
               n1: 425776 0x17FE8D96: ???
                n1: 425776 0x8756CB2: CompileShaderProgram (SDL_shaders_gl.c:587)
                 n1: 425776 0x8756CB2: GL_CreateShaderContext (SDL_shaders_gl.c:685)
                  n1: 425776 0x8756CB2: GL_CreateRenderer.lto_priv.0 (SDL_render_gl.c:1947)
                   n1: 425776 0x873E292: SDL_CreateRendererWithProperties_REAL (SDL_render.c:1142)
                    n1: 425776 0x873E576: SDL_CreateRenderer_REAL (SDL_render.c:1287)
                     n1: 425776 0x4EA2628: SDL_CreateRenderer_REAL (sdl2_compat.c:5986)
                      n1: 425776 0xC39255: she::SDL2Display::SDL2Display(int, int, int)::{lambda()#1}::operator()() const (sdl2_display.cpp:83)
                       n1: 425776 0xC39389: __invoke_impl<void, she::SDL2Display::SDL2Display(int, int, int)::<lambda()>&> (invoke.h:63)
                        n1: 425776 0xC39389: __invoke_r<void, she::SDL2Display::SDL2Display(int, int, int)::<lambda()>&> (invoke.h:113)
                         n1: 425776 0xC39389: std::_Function_handler<void (), she::SDL2Display::SDL2Display(int, int, int)::{lambda()#1}>::_M_invoke(std::_Any_data const&) (std_function.h:295)
                          n1: 425776 0x421E25: std::function<void ()>::operator()() const (std_function.h:581)
                           n1: 425776 0xC60013: she::SDL2System::gfx(std::function<void ()>&&, bool) (she.cpp:680)
                            n1: 425776 0xC38110: she::SDL2Display::SDL2Display(int, int, int) (sdl2_display.cpp:73)
                             n1: 425776 0xC5C3B6: she::SDL2System::createDisplay(int, int, int) (she.cpp:872)
                              n1: 425776 0x690189: app::create_main_display(bool, bool&, std::__cxx11::basic_string<char, std::char_traits<char>, std::allocator<char> >&) (gui.cpp:112)
                               n1: 425776 0x690A8C: app::init_module_gui() (gui.cpp:164)
                                n1: 425776 0x6894AC: app::LegacyModules::LegacyModules(int) (modules.cpp:47)
                                 n1: 425776 0x4164B3: std::__detail::_MakeUniq<app::LegacyModules>::__single_object std::make_unique<app::LegacyModules, int>(int&&) (unique_ptr.h:1105)
                                  n0: 425776 0x405304: app::App::initialize(app::AppOptions const&) (app.cpp:164)
      n0: 0 in 1 place, below massif's threshold (1.00%)
    n2: 851552 0x18243D84: ???
     n1: 818800 0x182FCB49: ???
      n1: 818800 0x182FDD39: ???
       n2: 818800 0x182FE09B: ???
        n1: 425776 0x17D816B9: ???
         n1: 425776 0x17D82608: ???
          n1: 425776 0x17D82D64: ???
           n1: 425776 0x17D8444B: ???
            n1: 425776 0x17D845CC: ???
             n1: 425776 0x1802FD0D: ???
              n1: 425776 0x17FE8D96: ???
               n1: 425776 0x8756CB2: CompileShaderProgram (SDL_shaders_gl.c:587)
                n1: 425776 0x8756CB2: GL_CreateShaderContext (SDL_shaders_gl.c:685)
                 n1: 425776 0x8756CB2: GL_CreateRenderer.lto_priv.0 (SDL_render_gl.c:1947)
                  n1: 425776 0x873E292: SDL_CreateRendererWithProperties_REAL (SDL_render.c:1142)
                   n1: 425776 0x873E576: SDL_CreateRenderer_REAL (SDL_render.c:1287)
                    n1: 425776 0x4EA2628: SDL_CreateRenderer_REAL (sdl2_compat.c:5986)
                     n1: 425776 0xC39255: she::SDL2Display::SDL2Display(int, int, int)::{lambda()#1}::operator()() const (sdl2_display.cpp:83)
                      n1: 425776 0xC39389: __invoke_impl<void, she::SDL2Display::SDL2Display(int, int, int)::<lambda()>&> (invoke.h:63)
                       n1: 425776 0xC39389: __invoke_r<void, she::SDL2Display::SDL2Display(int, int, int)::<lambda()>&> (invoke.h:113)
                        n1: 425776 0xC39389: std::_Function_handler<void (), she::SDL2Display::SDL2Display(int, int, int)::{lambda()#1}>::_M_invoke(std::_Any_data const&) (std_function.h:295)
                         n1: 425776 0x421E25: std::function<void ()>::operator()() const (std_function.h:581)
                          n1: 425776 0xC60013: she::SDL2System::gfx(std::function<void ()>&&, bool) (she.cpp:680)
                           n1: 425776 0xC38110: she::SDL2Display::SDL2Display(int, int, int) (sdl2_display.cpp:73)
                            n1: 425776 0xC5C3B6: she::SDL2System::createDisplay(int, int, int) (she.cpp:872)
                             n1: 425776 0x690189: app::create_main_display(bool, bool&, std::__cxx11::basic_string<char, std::char_traits<char>, std::allocator<char> >&) (gui.cpp:112)
                              n1: 425776 0x690A8C: app::init_module_gui() (gui.cpp:164)
                               n1: 425776 0x6894AC: app::LegacyModules::LegacyModules(int) (modules.cpp:47)
                                n1: 425776 0x4164B3: std::__detail::_MakeUniq<app::LegacyModules>::__single_object std::make_unique<app::LegacyModules, int>(int&&) (unique_ptr.h:1105)
                                 n1: 425776 0x405304: app::App::initialize(app::AppOptions const&) (app.cpp:164)
                                  n0: 425776 0x402CED: app_main(int, char**)::{lambda()#1}::operator()() const (main.cpp:87)
        n1: 393024 0x17D823C6: ???
         n1: 393024 0x17D82836: ???
          n1: 393024 0x17D82E94: ???
           n1: 393024 0x17D8444B: ???
            n1: 393024 0x17D845CC: ???
             n1: 393024 0x1802FD0D: ???
              n1: 393024 0x17FE8D96: ???
               n1: 393024 0x8756CB2: CompileShaderProgram (SDL_shaders_gl.c:587)
                n1: 393024 0x8756CB2: GL_CreateShaderContext (SDL_shaders_gl.c:685)
                 n1: 393024 0x8756CB2: GL_CreateRenderer.lto_priv.0 (SDL_render_gl.c:1947)
                  n1: 393024 0x873E292: SDL_CreateRendererWithProperties_REAL (SDL_render.c:1142)
                   n1: 393024 0x873E576: SDL_CreateRenderer_REAL (SDL_render.c:1287)
                    n1: 393024 0x4EA2628: SDL_CreateRenderer_REAL (sdl2_compat.c:5986)
                     n1: 393024 0xC39255: she::SDL2Display::SDL2Display(int, int, int)::{lambda()#1}::operator()() const (sdl2_display.cpp:83)
                      n1: 393024 0xC39389: __invoke_impl<void, she::SDL2Display::SDL2Display(int, int, int)::<lambda()>&> (invoke.h:63)
                       n1: 393024 0xC39389: __invoke_r<void, she::SDL2Display::SDL2Display(int, int, int)::<lambda()>&> (invoke.h:113)
                        n1: 393024 0xC39389: std::_Function_handler<void (), she::SDL2Display::SDL2Display(int, int, int)::{lambda()#1}>::_M_invoke(std::_Any_data const&) (std_function.h:295)
                         n1: 393024 0x421E25: std::function<void ()>::operator()() const (std_function.h:581)
                          n1: 393024 0xC60013: she::SDL2System::gfx(std::function<void ()>&&, bool) (she.cpp:680)
                           n1: 393024 0xC38110: she::SDL2Display::SDL2Display(int, int, int) (sdl2_display.cpp:73)
                            n1: 393024 0xC5C3B6: she::SDL2System::createDisplay(int, int, int) (she.cpp:872)
                             n1: 393024 0x690189: app::create_main_display(bool, bool&, std::__cxx11::basic_string<char, std::char_traits<char>, std::allocator<char> >&) (gui.cpp:112)
                              n1: 393024 0x690A8C: app::init_module_gui() (gui.cpp:164)
                               n1: 393024 0x6894AC: app::LegacyModules::LegacyModules(int) (modules.cpp:47)
                                n1: 393024 0x4164B3: std::__detail::_MakeUniq<app::LegacyModules>::__single_object std::make_unique<app::LegacyModules, int>(int&&) (unique_ptr.h:1105)
                                 n1: 393024 0x405304: app::App::initialize(app::AppOptions const&) (app.cpp:164)
                                  n0: 393024 0x402CED: app_main(int, char**)::{lambda()#1}::operator()() const (main.cpp:87)
     n0: 32752 in 3 places, all below massif's threshold (1.00%)
    n1: 818800 0x182FADA5: ???
     n2: 818800 0x182FDFCF: ???
      n1: 425776 0x17D816B9: ???
       n1: 425776 0x17D82608: ???
        n1: 425776 0x17D82D64: ???
         n1: 425776 0x17D8444B: ???
          n1: 425776 0x17D845CC: ???
           n1: 425776 0x1802FD0D: ???
            n1: 425776 0x17FE8D96: ???
             n1: 425776 0x8756CB2: CompileShaderProgram (SDL_shaders_gl.c:587)
              n1: 425776 0x8756CB2: GL_CreateShaderContext (SDL_shaders_gl.c:685)
               n1: 425776 0x8756CB2: GL_CreateRenderer.lto_priv.0 (SDL_render_gl.c:1947)
                n1: 425776 0x873E292: SDL_CreateRendererWithProperties_REAL (SDL_render.c:1142)
                 n1: 425776 0x873E576: SDL_CreateRenderer_REAL (SDL_render.c:1287)
                  n1: 425776 0x4EA2628: SDL_CreateRenderer_REAL (sdl2_compat.c:5986)
                   n1: 425776 0xC39255: she::SDL2Display::SDL2Display(int, int, int)::{lambda()#1}::operator()() const (sdl2_display.cpp:83)
                    n1: 425776 0xC39389: __invoke_impl<void, she::SDL2Display::SDL2Display(int, int, int)::<lambda()>&> (invoke.h:63)
                     n1: 425776 0xC39389: __invoke_r<void, she::SDL2Display::SDL2Display(int, int, int)::<lambda()>&> (invoke.h:113)
                      n1: 425776 0xC39389: std::_Function_handler<void (), she::SDL2Display::SDL2Display(int, int, int)::{lambda()#1}>::_M_invoke(std::_Any_data const&) (std_function.h:295)
                       n1: 425776 0x421E25: std::function<void ()>::operator()() const (std_function.h:581)
                        n1: 425776 0xC60013: she::SDL2System::gfx(std::function<void ()>&&, bool) (she.cpp:680)
                         n1: 425776 0xC38110: she::SDL2Display::SDL2Display(int, int, int) (sdl2_display.cpp:73)
                          n1: 425776 0xC5C3B6: she::SDL2System::createDisplay(int, int, int) (she.cpp:872)
                           n1: 425776 0x690189: app::create_main_display(bool, bool&, std::__cxx11::basic_string<char, std::char_traits<char>, std::allocator<char> >&) (gui.cpp:112)
                            n1: 425776 0x690A8C: app::init_module_gui() (gui.cpp:164)
                             n1: 425776 0x6894AC: app::LegacyModules::LegacyModules(int) (modules.cpp:47)
                              n1: 425776 0x4164B3: std::__detail::_MakeUniq<app::LegacyModules>::__single_object std::make_unique<app::LegacyModules, int>(int&&) (unique_ptr.h:1105)
                               n1: 425776 0x405304: app::App::initialize(app::AppOptions const&) (app.cpp:164)
                                n1: 425776 0x402CED: app_main(int, char**)::{lambda()#1}::operator()() const (main.cpp:87)
                                 n1: 425776 0x403C20: int std::__invoke_impl<int, app_main(int, char**)::{lambda()#1}&>(std::__invoke_other, app_main(int, char**)::{lambda()#1}&) (invoke.h:63)
                                  n0: 425776 0x4039CB: std::enable_if<is_invocable_r_v<int, app_main(int, char**)::{lambda()#1}&>, int>::type std::__invoke_r<int, app_main(int, char**)::{lambda()#1}&>(app_main(int, char**)::{lambda()#1}&) (invoke.h:116)
      n1: 393024 0x17D823C6: ???
       n1: 393024 0x17D82836: ???
        n1: 393024 0x17D82E94: ???
         n1: 393024 0x17D8444B: ???
          n1: 393024 0x17D845CC: ???
           n1: 393024 0x1802FD0D: ???
            n1: 393024 0x17FE8D96: ???
             n1: 393024 0x8756CB2: CompileShaderProgram (SDL_shaders_gl.c:587)
              n1: 393024 0x8756CB2: GL_CreateShaderContext (SDL_shaders_gl.c:685)
               n1: 393024 0x8756CB2: GL_CreateRenderer.lto_priv.0 (SDL_render_gl.c:1947)
                n1: 393024 0x873E292: SDL_CreateRendererWithProperties_REAL (SDL_render.c:1142)
                 n1: 393024 0x873E576: SDL_CreateRenderer_REAL (SDL_render.c:1287)
                  n1: 393024 0x4EA2628: SDL_CreateRenderer_REAL (sdl2_compat.c:5986)
                   n1: 393024 0xC39255: she::SDL2Display::SDL2Display(int, int, int)::{lambda()#1}::operator()() const (sdl2_display.cpp:83)
                    n1: 393024 0xC39389: __invoke_impl<void, she::SDL2Display::SDL2Display(int, int, int)::<lambda()>&> (invoke.h:63)
                     n1: 393024 0xC39389: __invoke_r<void, she::SDL2Display::SDL2Display(int, int, int)::<lambda()>&> (invoke.h:113)
                      n1: 393024 0xC39389: std::_Function_handler<void (), she::SDL2Display::SDL2Display(int, int, int)::{lambda()#1}>::_M_invoke(std::_Any_data const&) (std_function.h:295)
                       n1: 393024 0x421E25: std::function<void ()>::operator()() const (std_function.h:581)
                        n1: 393024 0xC60013: she::SDL2System::gfx(std::function<void ()>&&, bool) (she.cpp:680)
                         n1: 393024 0xC38110: she::SDL2Display::SDL2Display(int, int, int) (sdl2_display.cpp:73)
                          n1: 393024 0xC5C3B6: she::SDL2System::createDisplay(int, int, int) (she.cpp:872)
                           n1: 393024 0x690189: app::create_main_display(bool, bool&, std::__cxx11::basic_string<char, std::char_traits<char>, std::allocator<char> >&) (gui.cpp:112)
                            n1: 393024 0x690A8C: app::init_module_gui() (gui.cpp:164)
                             n1: 393024 0x6894AC: app::LegacyModules::LegacyModules(int) (modules.cpp:47)
                              n1: 393024 0x4164B3: std::__detail::_MakeUniq<app::LegacyModules>::__single_object std::make_unique<app::LegacyModules, int>(int&&) (unique_ptr.h:1105)
                               n1: 393024 0x405304: app::App::initialize(app::AppOptions const&) (app.cpp:164)
                                n1: 393024 0x402CED: app_main(int, char**)::{lambda()#1}::operator()() const (main.cpp:87)
                                 n1: 393024 0x403C20: int std::__invoke_impl<int, app_main(int, char**)::{lambda()#1}&>(std::__invoke_other, app_main(int, char**)::{lambda()#1}&) (invoke.h:63)
                                  n0: 393024 0x4039CB: std::enable_if<is_invocable_r_v<int, app_main(int, char**)::{lambda()#1}&>, int>::type std::__invoke_r<int, app_main(int, char**)::{lambda()#1}&>(app_main(int, char**)::{lambda()#1}&) (invoke.h:116)
    n0: 0 in 2 places, all below massif's threshold (1.00%)
   n0: 65632 in 1 place, below massif's threshold (1.00%)
  n0: 548864 in 69 places, all below massif's threshold (1.00%)
 n1: 4205712 0x878F613: real_malloc (SDL_malloc.c:6334)
  n1: 4205712 0x878F613: SDL_malloc_REAL (SDL_malloc.c:6459)
   n1: 4205712 0x878F613: SDL_aligned_alloc_REAL (SDL_stdlib.c:540)
    n4: 4205712 0x87F73B5: SDL_CreateSurface_REAL (SDL_surface.c:236)
     n2: 2914672 0x4EA9115: SDL_CreateRGBSurface_REAL (sdl2_compat.c:4429)
      n2: 2347336 0xC589DE: she::SDL2Surface::SDL2Surface(int, int, she::SDL2Surface::DestroyFlag) (sdl2_surface.cpp:61)
       n2: 2347336 0xC37D92: she::SDL2Display::recreateSurface() (sdl2_display.cpp:216)
        n2: 2347336 0xC6285F: she::SDL2EventQueue::getEventInternal(she::Event&, bool) (she.cpp:423)
         n1: 2347336 0xC6394A: she::SDL2EventQueue::refresh() (she.cpp:347)
          n1: 2347336 0xC63A15: she::SDL2System::refresh() (she.cpp:789)
           n1: 2347336 0xC63C03: she::SDL2System::sleep() (she.cpp:697)
            n1: 2347336 0xC9187E: ui::MessageLoop::pumpMessages() (message_loop.cpp:30)
             n1: 2347336 0xC8321E: ui::Manager::run() (manager.cpp:172)
              n1: 2347336 0x40C798: app::App::run() (app.cpp:664)
               n1: 2347336 0x402D7D: app_main(int, char**)::{lambda()#1}::operator()() const (main.cpp:92)
                n1: 2347336 0x403C20: int std::__invoke_impl<int, app_main(int, char**)::{lambda()#1}&>(std::__invoke_other, app_main(int, char**)::{lambda()#1}&) (invoke.h:63)
                 n1: 2347336 0x4039CB: std::enable_if<is_invocable_r_v<int, app_main(int, char**)::{lambda()#1}&>, int>::type std::__invoke_r<int, app_main(int, char**)::{lambda()#1}&>(app_main(int, char**)::{lambda()#1}&) (invoke.h:116)
                  n1: 2347336 0x40378A: std::_Function_handler<int (), app_main(int, char**)::{lambda()#1}>::_M_invoke(std::_Any_data const&) (std_function.h:295)
                   n1: 2347336 0xC5D4E5: std::function<int ()>::operator()() const (std_function.h:581)
                    n1: 2347336 0xC5D547: she::SDL2System::run(std::function<int ()>&&) (she.cpp:723)
                     n1: 2347336 0x403361: app_main(int, char**) (main.cpp:73)
                      n0: 2347336 0xC5AC2E: main (she.cpp:993)
         n0: 0 in 1 place, below massif's threshold (1.00%)
        n0: 0 in 1 place, below massif's threshold (1.00%)
       n0: 0 in 1 place, below massif's threshold (1.00%)
      n1: 567336 0xC58DCB: she::SDL2Surface::SDL2Surface(int, int, int, she::SDL2Surface::DestroyFlag) (sdl2_surface.cpp:71)
       n2: 567336 0xC5C262: she::SDL2System::createRgbaSurface(int, int) (she.cpp:880)
        n1: 566472 0x91A9DC: app::Editor::drawOneSpriteUnclippedRect(ui::Graphics*, gfx::RectT<int> const&, int, int) (editor.cpp:533)
         n1: 566472 0x91B32D: app::Editor::drawSpriteUnclippedRect(ui::Graphics*, gfx::RectT<int> const&) (editor.cpp:566)
          n1: 566472 0x923366: app::Editor::onPaint(ui::PaintEvent&) (editor.cpp:1389)
           n1: 566472 0xCA792D: ui::Widget::paintEvent(ui::Graphics*) (widget.cpp:1054)
            n1: 566472 0xCA7BDE: ui::Widget::onProcessMessage(ui::Message*) (widget.cpp:1354)
             n1: 566472 0x922C04: app::Editor::onProcessMessage(ui::Message*) (editor.cpp:1346)
              n1: 566472 0x90C5CE: app::AppEditor::onProcessMessage(ui::Message*) (document_view.cpp:130)
               n1: 566472 0xCA20B6: ui::Widget::sendMessage(ui::Message*) (widget.cpp:1156)
                n1: 566472 0xC84B2A: ui::Manager::pumpQueue() (manager.cpp:1334)
                 n1: 566472 0xC84CA0: ui::Manager::dispatchMessages() (manager.cpp:604)
                  n1: 566472 0xC91849: ui::MessageLoop::pumpMessages() (message_loop.cpp:26)
                   n1: 566472 0xC8321E: ui::Manager::run() (manager.cpp:172)
                    n1: 566472 0x40C798: app::App::run() (app.cpp:664)
                     n1: 566472 0x402D7D: app_main(int, char**)::{lambda()#1}::operator()() const (main.cpp:92)
                      n1: 566472 0x403C20: int std::__invoke_impl<int, app_main(int, char**)::{lambda()#1}&>(std::__invoke_other, app_main(int, char**)::{lambda()#1}&) (invoke.h:63)
                       n1: 566472 0x4039CB: std::enable_if<is_invocable_r_v<int, app_main(int, char**)::{lambda()#1}&>, int>::type std::__invoke_r<int, app_main(int, char**)::{lambda()#1}&>(app_main(int, char**)::{lambda()#1}&) (invoke.h:116)
                        n1: 566472 0x40378A: std::_Function_handler<int (), app_main(int, char**)::{lambda()#1}>::_M_invoke(std::_Any_data const&) (std_function.h:295)
                         n1: 566472 0xC5D4E5: std::function<int ()>::operator()() const (std_function.h:581)
                          n1: 566472 0xC5D547: she::SDL2System::run(std::function<int ()>&&) (she.cpp:723)
                           n1: 566472 0x403361: app_main(int, char**) (main.cpp:73)
                            n0: 566472 0xC5AC2E: main (she.cpp:993)
        n0: 864 in 2 places, all below massif's threshold (1.00%)
     n1: 743240 0x4EA9154: SDL_CreateRGBSurfaceWithFormat_REAL (sdl2_compat.c:4435)
      n1: 743240 0xC57528: she::SDL2Surface::applyScale(int) (sdl2_surface.cpp:168)
       n2: 743240 0x9EB15C: app::skin::SkinTheme::sliceSheet(she::Surface*, gfx::RectT<int> const&) (skin_theme.cpp:859)
        n0: 418848 in 10 places, all below massif's threshold (1.00%)
        n1: 324392 0x9E7745: app::skin::SkinTheme::loadSkinXml(std::__cxx11::basic_string<char, std::char_traits<char>, std::allocator<char> > const&) (skin_theme.cpp:729)
         n1: 324392 0x9DF497: app::skin::SkinTheme::loadXml(std::__cxx11::basic_string<char, std::char_traits<char>, std::allocator<char> > const&) (skin_theme.cpp:325)
          n1: 324392 0x9DBC67: app::skin::SkinTheme::onRegenerate() (skin_theme.cpp:226)
           n1: 324392 0xC9B0A1: ui::Theme::regenerate() (theme.cpp:44)
            n1: 324392 0xC9B113: ui::CurrentTheme::set(ui::Theme*) (theme.cpp:64)
             n1: 324392 0x691160: app::init_module_gui() (gui.cpp:214)
              n1: 324392 0x6894AC: app::LegacyModules::LegacyModules(int) (modules.cpp:47)
               n1: 324392 0x4164B3: std::__detail::_MakeUniq<app::LegacyModules>::__single_object std::make_unique<app::LegacyModules, int>(int&&) (unique_ptr.h:1105)
                n1: 324392 0x405304: app::App::initialize(app::AppOptions const&) (app.cpp:164)
                 n1: 324392 0x402CED: app_main(int, char**)::{lambda()#1}::operator()() const (main.cpp:87)
                  n1: 324392 0x403C20: int std::__invoke_impl<int, app_main(int, char**)::{lambda()#1}&>(std::__invoke_other, app_main(int, char**)::{lambda()#1}&) (invoke.h:63)
                   n1: 324392 0x4039CB: std::enable_if<is_invocable_r_v<int, app_main(int, char**)::{lambda()#1}&>, int>::type std::__invoke_r<int, app_main(int, char**)::{lambda()#1}&>(app_main(int, char**)::{lambda()#1}&) (invoke.h:116)
                    n1: 324392 0x40378A: std::_Function_handler<int (), app_main(int, char**)::{lambda()#1}>::_M_invoke(std::_Any_data const&) (std_function.h:295)
                     n1: 324392 0xC5D4E5: std::function<int ()>::operator()() const (std_function.h:581)
                      n1: 324392 0xC5D547: she::SDL2System::run(std::function<int ()>&&) (she.cpp:723)
                       n1: 324392 0x403361: app_main(int, char**) (main.cpp:73)
                        n0: 324392 0xC5AC2E: main (she.cpp:993)
     n2: 547800 0x880156E: SDL_ConvertSurfaceRectAndColorspace.lto_priv.0 (SDL_surface.c:1930)
      n1: 531344 0x4EA90C3: SDL_ConvertSurfaceFormat_REAL (sdl2_compat.c:4357)
       n2: 531344 0xC5CC59: she::SDL2System::loadRgbaSurface(char const*) (she.cpp:909)
        n1: 326472 0x9DC16E: app::skin::SkinTheme::loadSheet(std::__cxx11::basic_string<char, std::char_traits<char>, std::allocator<char> > const&) (skin_theme.cpp:248)
         n1: 326472 0x9DBC1F: app::skin::SkinTheme::onRegenerate() (skin_theme.cpp:225)
          n1: 326472 0xC9B0A1: ui::Theme::regenerate() (theme.cpp:44)
           n1: 326472 0xC9B113: ui::CurrentTheme::set(ui::Theme*) (theme.cpp:64)
            n1: 326472 0x691160: app::init_module_gui() (gui.cpp:214)
             n1: 326472 0x6894AC: app::LegacyModules::LegacyModules(int) (modules.cpp:47)
              n1: 326472 0x4164B3: std::__detail::_MakeUniq<app::LegacyModules>::__single_object std::make_unique<app::LegacyModules, int>(int&&) (unique_ptr.h:1105)
               n1: 326472 0x405304: app::App::initialize(app::AppOptions const&) (app.cpp:164)
                n1: 326472 0x402CED: app_main(int, char**)::{lambda()#1}::operator()() const (main.cpp:87)
                 n1: 326472 0x403C20: int std::__invoke_impl<int, app_main(int, char**)::{lambda()#1}&>(std::__invoke_other, app_main(int, char**)::{lambda()#1}&) (invoke.h:63)
                  n1: 326472 0x4039CB: std::enable_if<is_invocable_r_v<int, app_main(int, char**)::{lambda()#1}&>, int>::type std::__invoke_r<int, app_main(int, char**)::{lambda()#1}&>(app_main(int, char**)::{lambda()#1}&) (invoke.h:116)
                   n1: 326472 0x40378A: std::_Function_handler<int (), app_main(int, char**)::{lambda()#1}>::_M_invoke(std::_Any_data const&) (std_function.h:295)
                    n1: 326472 0xC5D4E5: std::function<int ()>::operator()() const (std_function.h:581)
                     n1: 326472 0xC5D547: she::SDL2System::run(std::function<int ()>&&) (she.cpp:723)
                      n1: 326472 0x403361: app_main(int, char**) (main.cpp:73)
                       n0: 326472 0xC5AC2E: main (she.cpp:993)
        n0: 204872 in 1 place, below massif's threshold (1.00%)
      n0: 16456 in 1 place, below massif's threshold (1.00%)
     n0: 0 in 1 place, below massif's threshold (1.00%)
 n0: 3792047 in 1445 places, all below massif's threshold (1.00%)
 n1: 2347264 0x8752FC3: real_calloc (SDL_malloc.c:6335)
  n1: 2347264 0x8752FC3: SDL_calloc_REAL (SDL_malloc.c:6478)
   n1: 2347264 0x8752FC3: GL_CreateTexture (SDL_render_gl.c:601)
    n1: 2347264 0x873B0DE: SDL_CreateTextureWithProperties_REAL (SDL_render.c:1574)
     n1: 2347264 0x4EA36E3: SDL_CreateTexture_REAL (sdl2_compat.c:6698)
      n1: 2347264 0xC590AF: she::SDL2Surface::getTexture(SDL_Rect const*) (sdl2_surface.cpp:535)
       n1: 2347264 0xC375EA: she::SDL2Display::flip(gfx::RectT<int> const&) (sdl2_display.cpp:272)
        n1: 2347264 0xC5C935: she::SDL2EventQueue::forceFlip() (she.cpp:331)
         n2: 2347264 0xC6267D: she::SDL2EventQueue::getEventInternal(she::Event&, bool) (she.cpp:393)
          n1: 2347264 0xC6394A: she::SDL2EventQueue::refresh() (she.cpp:347)
           n1: 2347264 0xC63A15: she::SDL2System::refresh() (she.cpp:789)
            n1: 2347264 0xC63C03: she::SDL2System::sleep() (she.cpp:697)
             n1: 2347264 0xC9187E: ui::MessageLoop::pumpMessages() (message_loop.cpp:30)
              n1: 2347264 0xC8321E: ui::Manager::run() (manager.cpp:172)
               n1: 2347264 0x40C798: app::App::run() (app.cpp:664)
                n1: 2347264 0x402D7D: app_main(int, char**)::{lambda()#1}::operator()() const (main.cpp:92)
                 n1: 2347264 0x403C20: int std::__invoke_impl<int, app_main(int, char**)::{lambda()#1}&>(std::__invoke_other, app_main(int, char**)::{lambda()#1}&) (invoke.h:63)
                  n1: 2347264 0x4039CB: std::enable_if<is_invocable_r_v<int, app_main(int, char**)::{lambda()#1}&>, int>::type std::__invoke_r<int, app_main(int, char**)::{lambda()#1}&>(app_main(int, char**)::{lambda()#1}&) (invoke.h:116)
                   n1: 2347264 0x40378A: std::_Function_handler<int (), app_main(int, char**)::{lambda()#1}>::_M_invoke(std::_Any_data const&) (std_function.h:295)
                    n1: 2347264 0xC5D4E5: std::function<int ()>::operator()() const (std_function.h:581)
                     n1: 2347264 0xC5D547: she::SDL2System::run(std::function<int ()>&&) (she.cpp:723)
                      n1: 2347264 0x403361: app_main(int, char**) (main.cpp:73)
                       n0: 2347264 0xC5AC2E: main (she.cpp:993)
          n0: 0 in 1 place, below massif's threshold (1.00%)
 n1: 843472 0x17D62C8D: ???
  n1: 843472 0x17D73C10: ???
   n1: 843472 0x17CE02D6: ???
    n1: 843472 0x17CE4438: ???
     n1: 843472 0x17BECA0E: ???
      n1: 843472 0x17BDF119: ???
       n1: 843472 0x87E6D30: SDL_EGL_CreateContext (SDL_egl.c:1105)
        n1: 843472 0x8878F2D: Wayland_GLES_CreateContext (SDL_waylandopengles.c:60)
         n1: 843472 0x880E9F4: SDL_GL_CreateContext_REAL (SDL_video.c:5432)
          n1: 843472 0x8756277: GL_CreateRenderer.lto_priv.0 (SDL_render_gl.c:1847)
           n1: 843472 0x873E292: SDL_CreateRendererWithProperties_REAL (SDL_render.c:1142)
            n1: 843472 0x873E576: SDL_CreateRenderer_REAL (SDL_render.c:1287)
             n1: 843472 0x4EA2628: SDL_CreateRenderer_REAL (sdl2_compat.c:5986)
              n1: 843472 0xC39255: she::SDL2Display::SDL2Display(int, int, int)::{lambda()#1}::operator()() const (sdl2_display.cpp:83)
               n1: 843472 0xC39389: __invoke_impl<void, she::SDL2Display::SDL2Display(int, int, int)::<lambda()>&> (invoke.h:63)
                n1: 843472 0xC39389: __invoke_r<void, she::SDL2Display::SDL2Display(int, int, int)::<lambda()>&> (invoke.h:113)
                 n1: 843472 0xC39389: std::_Function_handler<void (), she::SDL2Display::SDL2Display(int, int, int)::{lambda()#1}>::_M_invoke(std::_Any_data const&) (std_function.h:295)
                  n1: 843472 0x421E25: std::function<void ()>::operator()() const (std_function.h:581)
                   n1: 843472 0xC60013: she::SDL2System::gfx(std::function<void ()>&&, bool) (she.cpp:680)
                    n1: 843472 0xC38110: she::SDL2Display::SDL2Display(int, int, int) (sdl2_display.cpp:73)
                     n1: 843472 0xC5C3B6: she::SDL2System::createDisplay(int, int, int) (she.cpp:872)
                      n1: 843472 0x690189: app::create_main_display(bool, bool&, std::__cxx11::basic_string<char, std::char_traits<char>, std::allocator<char> >&) (gui.cpp:112)
                       n1: 843472 0x690A8C: app::init_module_gui() (gui.cpp:164)
                        n1: 843472 0x6894AC: app::LegacyModules::LegacyModules(int) (modules.cpp:47)
                         n1: 843472 0x4164B3: std::__detail::_MakeUniq<app::LegacyModules>::__single_object std::make_unique<app::LegacyModules, int>(int&&) (unique_ptr.h:1105)
                          n1: 843472 0x405304: app::App::initialize(app::AppOptions const&) (app.cpp:164)
                           n1: 843472 0x402CED: app_main(int, char**)::{lambda()#1}::operator()() const (main.cpp:87)
                            n1: 843472 0x403C20: int std::__invoke_impl<int, app_main(int, char**)::{lambda()#1}&>(std::__invoke_other, app_main(int, char**)::{lambda()#1}&) (invoke.h:63)
                             n1: 843472 0x4039CB: std::enable_if<is_invocable_r_v<int, app_main(int, char**)::{lambda()#1}&>, int>::type std::__invoke_r<int, app_main(int, char**)::{lambda()#1}&>(app_main(int, char**)::{lambda()#1}&) (invoke.h:116)
                              n1: 843472 0x40378A: std::_Function_handler<int (), app_main(int, char**)::{lambda()#1}>::_M_invoke(std::_Any_data const&) (std_function.h:295)
                               n1: 843472 0xC5D4E5: std::function<int ()>::operator()() const (std_function.h:581)
                                n0: 843472 0xC5D547: she::SDL2System::run(std::function<int ()>&&) (she.cpp:723)
 n1: 806622 0x4404C0: std::__new_allocator<unsigned char>::allocate(unsigned long, void const*) (new_allocator.h:162)
  n1: 806622 0x43A818: allocate (allocator.h:206)
   n1: 806622 0x43A818: allocate (alloc_traits.h:638)
    n2: 806622 0x43A818: std::_Vector_base<unsigned char, std::allocator<unsigned char> >::_M_allocate(unsigned long) (stl_vector.h:389)
     n1: 806412 0x464EA4: std::vector<unsigned char, std::allocator<unsigned char> >::_M_default_append(unsigned long) (vector.tcc:857)
      n1: 806412 0x464730: std::vector<unsigned char, std::allocator<unsigned char> >::resize(unsigned long) (stl_vector.h:1136)
       n1: 806412 0xBB1B81: doc::ImageBuffer::resizeIfNecessary(unsigned long) (image_buffer.h:27)
        n1: 806412 0xBB2C6C: doc::ImageImpl<doc::RgbTraits>::ImageImpl(int, int, base::SharedPtr<doc::ImageBuffer> const&) (image_impl.h:68)
         n2: 806412 0xBB15D3: doc::Image::create(doc::PixelFormat, int, int, base::SharedPtr<doc::ImageBuffer> const&) (image.cpp:55)
          n1: 724800 0x919E03: app::Editor::drawOneSpriteUnclippedRect(ui::Graphics*, gfx::RectT<int> const&, int, int) (editor.cpp:471)
           n1: 724800 0x91B32D: app::Editor::drawSpriteUnclippedRect(ui::Graphics*, gfx::RectT<int> const&) (editor.cpp:566)
            n1: 724800 0x923366: app::Editor::onPaint(ui::PaintEvent&) (editor.cpp:1389)
             n1: 724800 0xCA792D: ui::Widget::paintEvent(ui::Graphics*) (widget.cpp:1054)
              n1: 724800 0xCA7BDE: ui::Widget::onProcessMessage(ui::Message*) (widget.cpp:1354)
               n1: 724800 0x922C04: app::Editor::onProcessMessage(ui::Message*) (editor.cpp:1346)
                n1: 724800 0x90C5CE: app::AppEditor::onProcessMessage(ui::Message*) (document_view.cpp:130)
                 n1: 724800 0xCA20B6: ui::Widget::sendMessage(ui::Message*) (widget.cpp:1156)
                  n1: 724800 0xC84B2A: ui::Manager::pumpQueue() (manager.cpp:1334)
                   n1: 724800 0xC84CA0: ui::Manager::dispatchMessages() (manager.cpp:604)
                    n1: 724800 0xC91849: ui::MessageLoop::pumpMessages() (message_loop.cpp:26)
                     n1: 724800 0xC8321E: ui::Manager::run() (manager.cpp:172)
                      n1: 724800 0x40C798: app::App::run() (app.cpp:664)
                       n1: 724800 0x402D7D: app_main(int, char**)::{lambda()#1}::operator()() const (main.cpp:92)
                        n1: 724800 0x403C20: int std::__invoke_impl<int, app_main(int, char**)::{lambda()#1}&>(std::__invoke_other, app_main(int, char**)::{lambda()#1}&) (invoke.h:63)
                         n1: 724800 0x4039CB: std::enable_if<is_invocable_r_v<int, app_main(int, char**)::{lambda()#1}&>, int>::type std::__invoke_r<int, app_main(int, char**)::{lambda()#1}&>(app_main(int, char**)::{lambda()#1}&) (invoke.h:116)
                          n1: 724800 0x40378A: std::_Function_handler<int (), app_main(int, char**)::{lambda()#1}>::_M_invoke(std::_Any_data const&) (std_function.h:295)
                           n1: 724800 0xC5D4E5: std::function<int ()>::operator()() const (std_function.h:581)
                            n1: 724800 0xC5D547: she::SDL2System::run(std::function<int ()>&&) (she.cpp:723)
                             n1: 724800 0x403361: app_main(int, char**) (main.cpp:73)
                              n0: 724800 0xC5AC2E: main (she.cpp:993)
          n0: 81612 in 3 places, all below massif's threshold (1.00%)
     n0: 210 in 1 place, below massif's threshold (1.00%)
 n1: 271576 0x17FEBDB5: ???
  n1: 271576 0x17ED3A8B: ???
   n1: 271576 0x17D62CED: ???
    n1: 271576 0x17D73C10: ???
     n1: 271576 0x17CE02D6: ???
      n1: 271576 0x17CE4438: ???
       n1: 271576 0x17BECA0E: ???
        n1: 271576 0x17BDF119: ???
         n1: 271576 0x87E6D30: SDL_EGL_CreateContext (SDL_egl.c:1105)
          n1: 271576 0x8878F2D: Wayland_GLES_CreateContext (SDL_waylandopengles.c:60)
           n1: 271576 0x880E9F4: SDL_GL_CreateContext_REAL (SDL_video.c:5432)
            n1: 271576 0x8756277: GL_CreateRenderer.lto_priv.0 (SDL_render_gl.c:1847)
             n1: 271576 0x873E292: SDL_CreateRendererWithProperties_REAL (SDL_render.c:1142)
              n1: 271576 0x873E576: SDL_CreateRenderer_REAL (SDL_render.c:1287)
               n1: 271576 0x4EA2628: SDL_CreateRenderer_REAL (sdl2_compat.c:5986)
                n1: 271576 0xC39255: she::SDL2Display::SDL2Display(int, int, int)::{lambda()#1}::operator()() const (sdl2_display.cpp:83)
                 n1: 271576 0xC39389: __invoke_impl<void, she::SDL2Display::SDL2Display(int, int, int)::<lambda()>&> (invoke.h:63)
                  n1: 271576 0xC39389: __invoke_r<void, she::SDL2Display::SDL2Display(int, int, int)::<lambda()>&> (invoke.h:113)
                   n1: 271576 0xC39389: std::_Function_handler<void (), she::SDL2Display::SDL2Display(int, int, int)::{lambda()#1}>::_M_invoke(std::_Any_data const&) (std_function.h:295)
                    n1: 271576 0x421E25: std::function<void ()>::operator()() const (std_function.h:581)
                     n1: 271576 0xC60013: she::SDL2System::gfx(std::function<void ()>&&, bool) (she.cpp:680)
                      n1: 271576 0xC38110: she::SDL2Display::SDL2Display(int, int, int) (sdl2_display.cpp:73)
                       n1: 271576 0xC5C3B6: she::SDL2System::createDisplay(int, int, int) (she.cpp:872)
                        n1: 271576 0x690189: app::create_main_display(bool, bool&, std::__cxx11::basic_string<char, std::char_traits<char>, std::allocator<char> >&) (gui.cpp:112)
                         n1: 271576 0x690A8C: app::init_module_gui() (gui.cpp:164)
                          n1: 271576 0x6894AC: app::LegacyModules::LegacyModules(int) (modules.cpp:47)
                           n1: 271576 0x4164B3: std::__detail::_MakeUniq<app::LegacyModules>::__single_object std::make_unique<app::LegacyModules, int>(int&&) (unique_ptr.h:1105)
                            n1: 271576 0x405304: app::App::initialize(app::AppOptions const&) (app.cpp:164)
                             n1: 271576 0x402CED: app_main(int, char**)::{lambda()#1}::operator()() const (main.cpp:87)
                              n1: 271576 0x403C20: int std::__invoke_impl<int, app_main(int, char**)::{lambda()#1}&>(std::__invoke_other, app_main(int, char**)::{lambda()#1}&) (invoke.h:63)
                               n1: 271576 0x4039CB: std::enable_if<is_invocable_r_v<int, app_main(int, char**)::{lambda()#1}&>, int>::type std::__invoke_r<int, app_main(int, char**)::{lambda()#1}&>(app_main(int, char**)::{lambda()#1}&) (invoke.h:116)
                                n0: 271576 0x40378A: std::_Function_handler<int (), app_main(int, char**)::{lambda()#1}>::_M_invoke(std::_Any_data const&) (std_function.h:295)
 n1: 240944 0x87F71DB: real_malloc (SDL_malloc.c:6334)
  n1: 240944 0x87F71DB: SDL_malloc_REAL (SDL_malloc.c:6459)
   n2: 240944 0x87F71DB: SDL_CreateSurface_REAL (SDL_surface.c:221)
    n1: 238280 0x4EA9154: SDL_CreateRGBSurfaceWithFormat_REAL (sdl2_compat.c:4435)
     n1: 238280 0xC57528: she::SDL2Surface::applyScale(int) (sdl2_surface.cpp:168)
      n1: 238280 0x9EB15C: app::skin::SkinTheme::sliceSheet(she::Surface*, gfx::RectT<int> const&) (skin_theme.cpp:859)
       n0: 238280 in 11 places, all below massif's threshold (1.00%)
    n0: 2664 in 3 places, all below massif's threshold (1.00%)
#-----------
snapshot=17
#-----------
time=2413699181
mem_heap_B=22157649
mem_heap_extra_B=799319
mem_stacks_B=0
heap_tree=empty
#-----------
snapshot=18
#-----------
time=2578103660
mem_heap_B=23076174
mem_heap_extra_B=799650
mem_stacks_B=0
heap_tree=empty
#-----------
snapshot=19
#-----------
time=2686700696
mem_heap_B=22158713
mem_heap_extra_B=799895
mem_stacks_B=0
heap_tree=empty
#-----------
snapshot=20
#-----------
time=2804050504
mem_heap_B=22163041
mem_heap_extra_B=799391
mem_stacks_B=0
heap_tree=empty
#-----------
snapshot=21
#-----------
time=2949409893
mem_heap_B=22163001
mem_heap_extra_B=799303
mem_stacks_B=0
heap_tree=empty
#-----------
snapshot=22
#-----------
time=3096011924
mem_heap_B=22166841
mem_heap_extra_B=799591
mem_stacks_B=0
heap_tree=empty
#-----------
snapshot=23
#-----------
time=3210376302
mem_heap_B=22169605
mem_heap_extra_B=799555
mem_stacks_B=0
heap_tree=empty
#-----------
snapshot=24
#-----------
time=3382859985
mem_heap_B=22177657
mem_heap_extra_B=800119
mem_stacks_B=0
heap_tree=empty
#-----------
snapshot=25
#-----------
time=3525891881
mem_heap_B=22180993
mem_heap_extra_B=799727
mem_stacks_B=0
heap_tree=empty
#-----------
snapshot=26
#-----------
time=3640722935
mem_heap_B=22183564
mem_heap_extra_B=799836
mem_stacks_B=0
heap_tree=empty
#-----------
snapshot=27
#-----------
time=3756212378
mem_heap_B=22190088
mem_heap_extra_B=800152
mem_stacks_B=0
heap_tree=empty
#-----------
snapshot=28
#-----------
time=3867491613
mem_heap_B=24601102
mem_heap_extra_B=799386
mem_stacks_B=0
heap_tree=peak
n8: 24601102 (heap allocation functions) malloc/new/new[], --alloc-fns, etc.
 n3: 9651888 0x181DDF1C: ???
  n2: 5730464 0x181DF139: ???
   n0: 5328032 in 375 places, all below massif's threshold (1.00%)
   n1: 402432 0x18068FE1: ???
    n0: 402432 in 29 places, all below massif's threshold (1.00%)
  n2: 3372560 0x181DEB02: ???
   n4: 3306928 0x181DEC14: ???
    n3: 1636576 0x182425A1: ???
     n1: 753296 0x18243E2A: ???
      n1: 753296 0x182FCEFC: ???
       n1: 753296 0x182FDD39: ???
        n2: 753296 0x182FE09B: ???
         n1: 425776 0x17D816B9: ???
          n1: 425776 0x17D82608: ???
           n1: 425776 0x17D82D64: ???
            n1: 425776 0x17D8444B: ???
             n1: 425776 0x17D845CC: ???
              n1: 425776 0x1802FD0D: ???
               n1: 425776 0x17FE8D96: ???
                n1: 425776 0x8756CB2: CompileShaderProgram (SDL_shaders_gl.c:587)
                 n1: 425776 0x8756CB2: GL_CreateShaderContext (SDL_shaders_gl.c:685)
                  n1: 425776 0x8756CB2: GL_CreateRenderer.lto_priv.0 (SDL_render_gl.c:1947)
                   n1: 425776 0x873E292: SDL_CreateRendererWithProperties_REAL (SDL_render.c:1142)
                    n1: 425776 0x873E576: SDL_CreateRenderer_REAL (SDL_render.c:1287)
                     n1: 425776 0x4EA2628: SDL_CreateRenderer_REAL (sdl2_compat.c:5986)
                      n1: 425776 0xC39255: she::SDL2Display::SDL2Display(int, int, int)::{lambda()#1}::operator()() const (sdl2_display.cpp:83)
                       n1: 425776 0xC39389: __invoke_impl<void, she::SDL2Display::SDL2Display(int, int, int)::<lambda()>&> (invoke.h:63)
                        n1: 425776 0xC39389: __invoke_r<void, she::SDL2Display::SDL2Display(int, int, int)::<lambda()>&> (invoke.h:113)
                         n1: 425776 0xC39389: std::_Function_handler<void (), she::SDL2Display::SDL2Display(int, int, int)::{lambda()#1}>::_M_invoke(std::_Any_data const&) (std_function.h:295)
                          n1: 425776 0x421E25: std::function<void ()>::operator()() const (std_function.h:581)
                           n1: 425776 0xC60013: she::SDL2System::gfx(std::function<void ()>&&, bool) (she.cpp:680)
                            n1: 425776 0xC38110: she::SDL2Display::SDL2Display(int, int, int) (sdl2_display.cpp:73)
                             n1: 425776 0xC5C3B6: she::SDL2System::createDisplay(int, int, int) (she.cpp:872)
                              n1: 425776 0x690189: app::create_main_display(bool, bool&, std::__cxx11::basic_string<char, std::char_traits<char>, std::allocator<char> >&) (gui.cpp:112)
                               n1: 425776 0x690A8C: app::init_module_gui() (gui.cpp:164)
                                n1: 425776 0x6894AC: app::LegacyModules::LegacyModules(int) (modules.cpp:47)
                                 n1: 425776 0x4164B3: std::__detail::_MakeUniq<app::LegacyModules>::__single_object std::make_unique<app::LegacyModules, int>(int&&) (unique_ptr.h:1105)
                                  n0: 425776 0x405304: app::App::initialize(app::AppOptions const&) (app.cpp:164)
         n1: 327520 0x17D823C6: ???
          n1: 327520 0x17D82836: ???
           n1: 327520 0x17D82E94: ???
            n1: 327520 0x17D8444B: ???
             n1: 327520 0x17D845CC: ???
              n1: 327520 0x1802FD0D: ???
               n1: 327520 0x17FE8D96: ???
                n1: 327520 0x8756CB2: CompileShaderProgram (SDL_shaders_gl.c:587)
                 n1: 327520 0x8756CB2: GL_CreateShaderContext (SDL_shaders_gl.c:685)
                  n1: 327520 0x8756CB2: GL_CreateRenderer.lto_priv.0 (SDL_render_gl.c:1947)
                   n1: 327520 0x873E292: SDL_CreateRendererWithProperties_REAL (SDL_render.c:1142)
                    n1: 327520 0x873E576: SDL_CreateRenderer_REAL (SDL_render.c:1287)
                     n1: 327520 0x4EA2628: SDL_CreateRenderer_REAL (sdl2_compat.c:5986)
                      n1: 327520 0xC39255: she::SDL2Display::SDL2Display(int, int, int)::{lambda()#1}::operator()() const (sdl2_display.cpp:83)
                       n1: 327520 0xC39389: __invoke_impl<void, she::SDL2Display::SDL2Display(int, int, int)::<lambda()>&> (invoke.h:63)
                        n1: 327520 0xC39389: __invoke_r<void, she::SDL2Display::SDL2Display(int, int, int)::<lambda()>&> (invoke.h:113)
                         n1: 327520 0xC39389: std::_Function_handler<void (), she::SDL2Display::SDL2Display(int, int, int)::{lambda()#1}>::_M_invoke(std::_Any_data const&) (std_function.h:295)
                          n1: 327520 0x421E25: std::function<void ()>::operator()() const (std_function.h:581)
                           n1: 327520 0xC60013: she::SDL2System::gfx(std::function<void ()>&&, bool) (she.cpp:680)
                            n1: 327520 0xC38110: she::SDL2Display::SDL2Display(int, int, int) (sdl2_display.cpp:73)
                             n1: 327520 0xC5C3B6: she::SDL2System::createDisplay(int, int, int) (she.cpp:872)
                              n1: 327520 0x690189: app::create_main_display(bool, bool&, std::__cxx11::basic_string<char, std::char_traits<char>, std::allocator<char> >&) (gui.cpp:112)
                               n1: 327520 0x690A8C: app::init_module_gui() (gui.cpp:164)
                                n1: 327520 0x6894AC: app::LegacyModules::LegacyModules(int) (modules.cpp:47)
                                 n1: 327520 0x4164B3: std::__detail::_MakeUniq<app::LegacyModules>::__single_object std::make_unique<app::LegacyModules, int>(int&&) (unique_ptr.h:1105)
                                  n0: 327520 0x405304: app::App::initialize(app::AppOptions const&) (app.cpp:164)
     n2: 457504 0x18243C98: ???
      n1: 457504 0x182FCC9D: ???
       n1: 457504 0x182FDD39: ???
        n2: 457504 0x182FE09B: ???
         n1: 457504 0x17D823C6: ???
          n1: 457504 0x17D82836: ???
           n1: 457504 0x17D82E94: ???
            n1: 457504 0x17D8444B: ???
             n1: 457504 0x17D845CC: ???
              n1: 457504 0x1802FD0D: ???
               n1: 457504 0x17FE8D96: ???
                n1: 457504 0x8756CB2: CompileShaderProgram (SDL_shaders_gl.c:587)
                 n1: 457504 0x8756CB2: GL_CreateShaderContext (SDL_shaders_gl.c:685)
                  n1: 457504 0x8756CB2: GL_CreateRenderer.lto_priv.0 (SDL_render_gl.c:1947)
                   n1: 457504 0x873E292: SDL_CreateRendererWithProperties_REAL (SDL_render.c:1142)
                    n1: 457504 0x873E576: SDL_CreateRenderer_REAL (SDL_render.c:1287)
                     n1: 457504 0x4EA2628: SDL_CreateRenderer_REAL (sdl2_compat.c:5986)
                      n1: 457504 0xC39255: she::SDL2Display::SDL2Display(int, int, int)::{lambda()#1}::operator()() const (sdl2_display.cpp:83)
                       n1: 457504 0xC39389: __invoke_impl<void, she::SDL2Display::SDL2Display(int, int, int)::<lambda()>&> (invoke.h:63)
                        n1: 457504 0xC39389: __invoke_r<void, she::SDL2Display::SDL2Display(int, int, int)::<lambda()>&> (invoke.h:113)
                         n1: 457504 0xC39389: std::_Function_handler<void (), she::SDL2Display::SDL2Display(int, int, int)::{lambda()#1}>::_M_invoke(std::_Any_data const&) (std_function.h:295)
                          n1: 457504 0x421E25: std::function<void ()>::operator()() const (std_function.h:581)
                           n1: 457504 0xC60013: she::SDL2System::gfx(std::function<void ()>&&, bool) (she.cpp:680)
                            n1: 457504 0xC38110: she::SDL2Display::SDL2Display(int, int, int) (sdl2_display.cpp:73)
                             n1: 457504 0xC5C3B6: she::SDL2System::createDisplay(int, int, int) (she.cpp:872)
                              n1: 457504 0x690189: app::create_main_display(bool, bool&, std::__cxx11::basic_string<char, std::char_traits<char>, std::allocator<char> >&) (gui.cpp:112)
                               n1: 457504 0x690A8C: app::init_module_gui() (gui.cpp:164)
                                n1: 457504 0x6894AC: app::LegacyModules::LegacyModules(int) (modules.cpp:47)
                                 n1: 457504 0x4164B3: std::__detail::_MakeUniq<app::LegacyModules>::__single_object std::make_unique<app::LegacyModules, int>(int&&) (unique_ptr.h:1105)
                                  n0: 457504 0x405304: app::App::initialize(app::AppOptions const&) (app.cpp:164)
         n0: 0 in 1 place, below massif's threshold (1.00%)
      n0: 0 in 2 places, all below massif's threshold (1.00%)
     n2: 425776 0x18243EBD: ???
      n1: 425776 0x182FCFBE: ???
       n1: 425776 0x182FDD39: ???
        n1: 425776 0x182FE09B: ???
         n1: 425776 0x17D823C6: ???
          n1: 425776 0x17D82836: ???
           n1: 425776 0x17D82E94: ???
            n1: 425776 0x17D8444B: ???
             n1: 425776 0x17D845CC: ???
              n1: 425776 0x1802FD0D: ???
               n1: 425776 0x17FE8D96: ???
                n1: 425776 0x8756CB2: CompileShaderProgram (SDL_shaders_gl.c:587)
                 n1: 425776 0x8756CB2: GL_CreateShaderContext (SDL_shaders_gl.c:685)
                  n1: 425776 0x8756CB2: GL_CreateRenderer.lto_priv.0 (SDL_render_gl.c:1947)
                   n1: 425776 0x873E292: SDL_CreateRendererWithProperties_REAL (SDL_render.c:1142)
                    n1: 425776 0x873E576: SDL_CreateRenderer_REAL (SDL_render.c:1287)
                     n1: 425776 0x4EA2628: SDL_CreateRenderer_REAL (sdl2_compat.c:5986)
                      n1: 425776 0xC39255: she::SDL2Display::SDL2Display(int, int, int)::{lambda()#1}::operator()() const (sdl2_display.cpp:83)
                       n1: 425776 0xC39389: __invoke_impl<void, she::SDL2Display::SDL2Display(int, int, int)::<lambda()>&> (invoke.h:63)
                        n1: 425776 0xC39389: __invoke_r<void, she::SDL2Display::SDL2Display(int, int, int)::<lambda()>&> (invoke.h:113)
                         n1: 425776 0xC39389: std::_Function_handler<void (), she::SDL2Display::SDL2Display(int, int, int)::{lambda()#1}>::_M_invoke(std::_Any_data const&) (std_function.h:295)
                          n1: 425776 0x421E25: std::function<void ()>::operator()() const (std_function.h:581)
                           n1: 425776 0xC60013: she::SDL2System::gfx(std::function<void ()>&&, bool) (she.cpp:680)
                            n1: 425776 0xC38110: she::SDL2Display::SDL2Display(int, int, int) (sdl2_display.cpp:73)
                             n1: 425776 0xC5C3B6: she::SDL2System::createDisplay(int, int, int) (she.cpp:872)
                              n1: 425776 0x690189: app::create_main_display(bool, bool&, std::__cxx11::basic_string<char, std::char_traits<char>, std::allocator<char> >&) (gui.cpp:112)
                               n1: 425776 0x690A8C: app::init_module_gui() (gui.cpp:164)
                                n1: 425776 0x6894AC: app::LegacyModules::LegacyModules(int) (modules.cpp:47)
                                 n1: 425776 0x4164B3: std::__detail::_MakeUniq<app::LegacyModules>::__single_object std::make_unique<app::LegacyModules, int>(int&&) (unique_ptr.h:1105)
                                  n0: 425776 0x405304: app::App::initialize(app::AppOptions const&) (app.cpp:164)
      n0: 0 in 1 place, below massif's threshold (1.00%)
    n2: 851552 0x18243D84: ???
     n1: 818800 0x182FCB49: ???
      n1: 818800 0x182FDD39: ???
       n2: 818800 0x182FE09B: ???
        n1: 425776 0x17D816B9: ???
         n1: 425776 0x17D82608: ???
          n1: 425776 0x17D82D64: ???
           n1: 425776 0x17D8444B: ???
            n1: 425776 0x17D845CC: ???
             n1: 425776 0x1802FD0D: ???
              n1: 425776 0x17FE8D96: ???
               n1: 425776 0x8756CB2: CompileShaderProgram (SDL_shaders_gl.c:587)
                n1: 425776 0x8756CB2: GL_CreateShaderContext (SDL_shaders_gl.c:685)
                 n1: 425776 0x8756CB2: GL_CreateRenderer.lto_priv.0 (SDL_render_gl.c:1947)
                  n1: 425776 0x873E292: SDL_CreateRendererWithProperties_REAL (SDL_render.c:1142)
                   n1: 425776 0x873E576: SDL_CreateRenderer_REAL (SDL_render.c:1287)
                    n1: 425776 0x4EA2628: SDL_CreateRenderer_REAL (sdl2_compat.c:5986)
                     n1: 425776 0xC39255: she::SDL2Display::SDL2Display(int, int, int)::{lambda()#1}::operator()() const (sdl2_display.cpp:83)
                      n1: 425776 0xC39389: __invoke_impl<void, she::SDL2Display::SDL2Display(int, int, int)::<lambda()>&> (invoke.h:63)
                       n1: 425776 0xC39389: __invoke_r<void, she::SDL2Display::SDL2Display(int, int, int)::<lambda()>&> (invoke.h:113)
                        n1: 425776 0xC39389: std::_Function_handler<void (), she::SDL2Display::SDL2Display(int, int, int)::{lambda()#1}>::_M_invoke(std::_Any_data const&) (std_function.h:295)
                         n1: 425776 0x421E25: std::function<void ()>::operator()() const (std_function.h:581)
                          n1: 425776 0xC60013: she::SDL2System::gfx(std::function<void ()>&&, bool) (she.cpp:680)
                           n1: 425776 0xC38110: she::SDL2Display::SDL2Display(int, int, int) (sdl2_display.cpp:73)
                            n1: 425776 0xC5C3B6: she::SDL2System::createDisplay(int, int, int) (she.cpp:872)
                             n1: 425776 0x690189: app::create_main_display(bool, bool&, std::__cxx11::basic_string<char, std::char_traits<char>, std::allocator<char> >&) (gui.cpp:112)
                              n1: 425776 0x690A8C: app::init_module_gui() (gui.cpp:164)
                               n1: 425776 0x6894AC: app::LegacyModules::LegacyModules(int) (modules.cpp:47)
                                n1: 425776 0x4164B3: std::__detail::_MakeUniq<app::LegacyModules>::__single_object std::make_unique<app::LegacyModules, int>(int&&) (unique_ptr.h:1105)
                                 n1: 425776 0x405304: app::App::initialize(app::AppOptions const&) (app.cpp:164)
                                  n0: 425776 0x402CED: app_main(int, char**)::{lambda()#1}::operator()() const (main.cpp:87)
        n1: 393024 0x17D823C6: ???
         n1: 393024 0x17D82836: ???
          n1: 393024 0x17D82E94: ???
           n1: 393024 0x17D8444B: ???
            n1: 393024 0x17D845CC: ???
             n1: 393024 0x1802FD0D: ???
              n1: 393024 0x17FE8D96: ???
               n1: 393024 0x8756CB2: CompileShaderProgram (SDL_shaders_gl.c:587)
                n1: 393024 0x8756CB2: GL_CreateShaderContext (SDL_shaders_gl.c:685)
                 n1: 393024 0x8756CB2: GL_CreateRenderer.lto_priv.0 (SDL_render_gl.c:1947)
                  n1: 393024 0x873E292: SDL_CreateRendererWithProperties_REAL (SDL_render.c:1142)
                   n1: 393024 0x873E576: SDL_CreateRenderer_REAL (SDL_render.c:1287)
                    n1: 393024 0x4EA2628: SDL_CreateRenderer_REAL (sdl2_compat.c:5986)
                     n1: 393024 0xC39255: she::SDL2Display::SDL2Display(int, int, int)::{lambda()#1}::operator()() const (sdl2_display.cpp:83)
                      n1: 393024 0xC39389: __invoke_impl<void, she::SDL2Display::SDL2Display(int, int, int)::<lambda()>&> (invoke.h:63)
                       n1: 393024 0xC39389: __invoke_r<void, she::SDL2Display::SDL2Display(int, int, int)::<lambda()>&> (invoke.h:113)
                        n1: 393024 0xC39389: std::_Function_handler<void (), she::SDL2Display::SDL2Display(int, int, int)::{lambda()#1}>::_M_invoke(std::_Any_data const&) (std_function.h:295)
                         n1: 393024 0x421E25: std::function<void ()>::operator()() const (std_function.h:581)
                          n1: 393024 0xC60013: she::SDL2System::gfx(std::function<void ()>&&, bool) (she.cpp:680)
                           n1: 393024 0xC38110: she::SDL2Display::SDL2Display(int, int, int) (sdl2_display.cpp:73)
                            n1: 393024 0xC5C3B6: she::SDL2System::createDisplay(int, int, int) (she.cpp:872)
                             n1: 393024 0x690189: app::create_main_display(bool, bool&, std::__cxx11::basic_string<char, std::char_traits<char>, std::allocator<char> >&) (gui.cpp:112)
                              n1: 393024 0x690A8C: app::init_module_gui() (gui.cpp:164)
                               n1: 393024 0x6894AC: app::LegacyModules::LegacyModules(int) (modules.cpp:47)
                                n1: 393024 0x4164B3: std::__detail::_MakeUniq<app::LegacyModules>::__single_object std::make_unique<app::LegacyModules, int>(int&&) (unique_ptr.h:1105)
                                 n1: 393024 0x405304: app::App::initialize(app::AppOptions const&) (app.cpp:164)
                                  n0: 393024 0x402CED: app_main(int, char**)::{lambda()#1}::operator()() const (main.cpp:87)
     n0: 32752 in 3 places, all below massif's threshold (1.00%)
    n1: 818800 0x182FADA5: ???
     n2: 818800 0x182FDFCF: ???
      n1: 425776 0x17D816B9: ???
       n1: 425776 0x17D82608: ???
        n1: 425776 0x17D82D64: ???
         n1: 425776 0x17D8444B: ???
          n1: 425776 0x17D845CC: ???
           n1: 425776 0x1802FD0D: ???
            n1: 425776 0x17FE8D96: ???
             n1: 425776 0x8756CB2: CompileShaderProgram (SDL_shaders_gl.c:587)
              n1: 425776 0x8756CB2: GL_CreateShaderContext (SDL_shaders_gl.c:685)
               n1: 425776 0x8756CB2: GL_CreateRenderer.lto_priv.0 (SDL_render_gl.c:1947)
                n1: 425776 0x873E292: SDL_CreateRendererWithProperties_REAL (SDL_render.c:1142)
                 n1: 425776 0x873E576: SDL_CreateRenderer_REAL (SDL_render.c:1287)
                  n1: 425776 0x4EA2628: SDL_CreateRenderer_REAL (sdl2_compat.c:5986)
                   n1: 425776 0xC39255: she::SDL2Display::SDL2Display(int, int, int)::{lambda()#1}::operator()() const (sdl2_display.cpp:83)
                    n1: 425776 0xC39389: __invoke_impl<void, she::SDL2Display::SDL2Display(int, int, int)::<lambda()>&> (invoke.h:63)
                     n1: 425776 0xC39389: __invoke_r<void, she::SDL2Display::SDL2Display(int, int, int)::<lambda()>&> (invoke.h:113)
                      n1: 425776 0xC39389: std::_Function_handler<void (), she::SDL2Display::SDL2Display(int, int, int)::{lambda()#1}>::_M_invoke(std::_Any_data const&) (std_function.h:295)
                       n1: 425776 0x421E25: std::function<void ()>::operator()() const (std_function.h:581)
                        n1: 425776 0xC60013: she::SDL2System::gfx(std::function<void ()>&&, bool) (she.cpp:680)
                         n1: 425776 0xC38110: she::SDL2Display::SDL2Display(int, int, int) (sdl2_display.cpp:73)
                          n1: 425776 0xC5C3B6: she::SDL2System::createDisplay(int, int, int) (she.cpp:872)
                           n1: 425776 0x690189: app::create_main_display(bool, bool&, std::__cxx11::basic_string<char, std::char_traits<char>, std::allocator<char> >&) (gui.cpp:112)
                            n1: 425776 0x690A8C: app::init_module_gui() (gui.cpp:164)
                             n1: 425776 0x6894AC: app::LegacyModules::LegacyModules(int) (modules.cpp:47)
                              n1: 425776 0x4164B3: std::__detail::_MakeUniq<app::LegacyModules>::__single_object std::make_unique<app::LegacyModules, int>(int&&) (unique_ptr.h:1105)
                               n1: 425776 0x405304: app::App::initialize(app::AppOptions const&) (app.cpp:164)
                                n1: 425776 0x402CED: app_main(int, char**)::{lambda()#1}::operator()() const (main.cpp:87)
                                 n1: 425776 0x403C20: int std::__invoke_impl<int, app_main(int, char**)::{lambda()#1}&>(std::__invoke_other, app_main(int, char**)::{lambda()#1}&) (invoke.h:63)
                                  n0: 425776 0x4039CB: std::enable_if<is_invocable_r_v<int, app_main(int, char**)::{lambda()#1}&>, int>::type std::__invoke_r<int, app_main(int, char**)::{lambda()#1}&>(app_main(int, char**)::{lambda()#1}&) (invoke.h:116)
      n1: 393024 0x17D823C6: ???
       n1: 393024 0x17D82836: ???
        n1: 393024 0x17D82E94: ???
         n1: 393024 0x17D8444B: ???
          n1: 393024 0x17D845CC: ???
           n1: 393024 0x1802FD0D: ???
            n1: 393024 0x17FE8D96: ???
             n1: 393024 0x8756CB2: CompileShaderProgram (SDL_shaders_gl.c:587)
              n1: 393024 0x8756CB2: GL_CreateShaderContext (SDL_shaders_gl.c:685)
               n1: 393024 0x8756CB2: GL_CreateRenderer.lto_priv.0 (SDL_render_gl.c:1947)
                n1: 393024 0x873E292: SDL_CreateRendererWithProperties_REAL (SDL_render.c:1142)
                 n1: 393024 0x873E576: SDL_CreateRenderer_REAL (SDL_render.c:1287)
                  n1: 393024 0x4EA2628: SDL_CreateRenderer_REAL (sdl2_compat.c:5986)
                   n1: 393024 0xC39255: she::SDL2Display::SDL2Display(int, int, int)::{lambda()#1}::operator()() const (sdl2_display.cpp:83)
                    n1: 393024 0xC39389: __invoke_impl<void, she::SDL2Display::SDL2Display(int, int, int)::<lambda()>&> (invoke.h:63)
                     n1: 393024 0xC39389: __invoke_r<void, she::SDL2Display::SDL2Display(int, int, int)::<lambda()>&> (invoke.h:113)
                      n1: 393024 0xC39389: std::_Function_handler<void (), she::SDL2Display::SDL2Display(int, int, int)::{lambda()#1}>::_M_invoke(std::_Any_data const&) (std_function.h:295)
                       n1: 393024 0x421E25: std::function<void ()>::operator()() const (std_function.h:581)
                        n1: 393024 0xC60013: she::SDL2System::gfx(std::function<void ()>&&, bool) (she.cpp:680)
                         n1: 393024 0xC38110: she::SDL2Display::SDL2Display(int, int, int) (sdl2_display.cpp:73)
                          n1: 393024 0xC5C3B6: she::SDL2System::createDisplay(int, int, int) (she.cpp:872)
                           n1: 393024 0x690189: app::create_main_display(bool, bool&, std::__cxx11::basic_string<char, std::char_traits<char>, std::allocator<char> >&) (gui.cpp:112)
                            n1: 393024 0x690A8C: app::init_module_gui() (gui.cpp:164)
                             n1: 393024 0x6894AC: app::LegacyModules::LegacyModules(int) (modules.cpp:47)
                              n1: 393024 0x4164B3: std::__detail::_MakeUniq<app::LegacyModules>::__single_object std::make_unique<app::LegacyModules, int>(int&&) (unique_ptr.h:1105)
                               n1: 393024 0x405304: app::App::initialize(app::AppOptions const&) (app.cpp:164)
                                n1: 393024 0x402CED: app_main(int, char**)::{lambda()#1}::operator()() const (main.cpp:87)
                                 n1: 393024 0x403C20: int std::__invoke_impl<int, app_main(int, char**)::{lambda()#1}&>(std::__invoke_other, app_main(int, char**)::{lambda()#1}&) (invoke.h:63)
                                  n0: 393024 0x4039CB: std::enable_if<is_invocable_r_v<int, app_main(int, char**)::{lambda()#1}&>, int>::type std::__invoke_r<int, app_main(int, char**)::{lambda()#1}&>(app_main(int, char**)::{lambda()#1}&) (invoke.h:116)
    n0: 0 in 2 places, all below massif's threshold (1.00%)
   n0: 65632 in 1 place, below massif's threshold (1.00%)
  n0: 548864 in 69 places, all below massif's threshold (1.00%)
 n1: 4212112 0x878F613: real_malloc (SDL_malloc.c:6334)
  n1: 4212112 0x878F613: SDL_malloc_REAL (SDL_malloc.c:6459)
   n1: 4212112 0x878F613: SDL_aligned_alloc_REAL (SDL_stdlib.c:540)
    n4: 4212112 0x87F73B5: SDL_CreateSurface_REAL (SDL_surface.c:236)
     n2: 2921072 0x4EA9115: SDL_CreateRGBSurface_REAL (sdl2_compat.c:4429)
      n2: 2347336 0xC589DE: she::SDL2Surface::SDL2Surface(int, int, she::SDL2Surface::DestroyFlag) (sdl2_surface.cpp:61)
       n2: 2347336 0xC37D92: she::SDL2Display::recreateSurface() (sdl2_display.cpp:216)
        n2: 2347336 0xC6285F: she::SDL2EventQueue::getEventInternal(she::Event&, bool) (she.cpp:423)
         n1: 2347336 0xC6394A: she::SDL2EventQueue::refresh() (she.cpp:347)
          n1: 2347336 0xC63A15: she::SDL2System::refresh() (she.cpp:789)
           n1: 2347336 0xC63C03: she::SDL2System::sleep() (she.cpp:697)
            n1: 2347336 0xC9187E: ui::MessageLoop::pumpMessages() (message_loop.cpp:30)
             n1: 2347336 0xC8321E: ui::Manager::run() (manager.cpp:172)
              n1: 2347336 0x40C798: app::App::run() (app.cpp:664)
               n1: 2347336 0x402D7D: app_main(int, char**)::{lambda()#1}::operator()() const (main.cpp:92)
                n1: 2347336 0x403C20: int std::__invoke_impl<int, app_main(int, char**)::{lambda()#1}&>(std::__invoke_other, app_main(int, char**)::{lambda()#1}&) (invoke.h:63)
                 n1: 2347336 0x4039CB: std::enable_if<is_invocable_r_v<int, app_main(int, char**)::{lambda()#1}&>, int>::type std::__invoke_r<int, app_main(int, char**)::{lambda()#1}&>(app_main(int, char**)::{lambda()#1}&) (invoke.h:116)
                  n1: 2347336 0x40378A: std::_Function_handler<int (), app_main(int, char**)::{lambda()#1}>::_M_invoke(std::_Any_data const&) (std_function.h:295)
                   n1: 2347336 0xC5D4E5: std::function<int ()>::operator()() const (std_function.h:581)
                    n1: 2347336 0xC5D547: she::SDL2System::run(std::function<int ()>&&) (she.cpp:723)
                     n1: 2347336 0x403361: app_main(int, char**) (main.cpp:73)
                      n0: 2347336 0xC5AC2E: main (she.cpp:993)
         n0: 0 in 1 place, below massif's threshold (1.00%)
        n0: 0 in 1 place, below massif's threshold (1.00%)
       n0: 0 in 1 place, below massif's threshold (1.00%)
      n1: 573736 0xC58DCB: she::SDL2Surface::SDL2Surface(int, int, int, she::SDL2Surface::DestroyFlag) (sdl2_surface.cpp:71)
       n2: 573736 0xC5C262: she::SDL2System::createRgbaSurface(int, int) (she.cpp:880)
        n1: 572872 0x91A9DC: app::Editor::drawOneSpriteUnclippedRect(ui::Graphics*, gfx::RectT<int> const&, int, int) (editor.cpp:533)
         n1: 572872 0x91B32D: app::Editor::drawSpriteUnclippedRect(ui::Graphics*, gfx::RectT<int> const&) (editor.cpp:566)
          n1: 572872 0x923366: app::Editor::onPaint(ui::PaintEvent&) (editor.cpp:1389)
           n1: 572872 0xCA792D: ui::Widget::paintEvent(ui::Graphics*) (widget.cpp:1054)
            n1: 572872 0xCA7BDE: ui::Widget::onProcessMessage(ui::Message*) (widget.cpp:1354)
             n1: 572872 0x922C04: app::Editor::onProcessMessage(ui::Message*) (editor.cpp:1346)
              n1: 572872 0x90C5CE: app::AppEditor::onProcessMessage(ui::Message*) (document_view.cpp:130)
               n1: 572872 0xCA20B6: ui::Widget::sendMessage(ui::Message*) (widget.cpp:1156)
                n1: 572872 0xC84B2A: ui::Manager::pumpQueue() (manager.cpp:1334)
                 n1: 572872 0xC84CA0: ui::Manager::dispatchMessages() (manager.cpp:604)
                  n1: 572872 0xC91849: ui::MessageLoop::pumpMessages() (message_loop.cpp:26)
                   n1: 572872 0xC8321E: ui::Manager::run() (manager.cpp:172)
                    n1: 572872 0x40C798: app::App::run() (app.cpp:664)
                     n1: 572872 0x402D7D: app_main(int, char**)::{lambda()#1}::operator()() const (main.cpp:92)
                      n1: 572872 0x403C20: int std::__invoke_impl<int, app_main(int, char**)::{lambda()#1}&>(std::__invoke_other, app_main(int, char**)::{lambda()#1}&) (invoke.h:63)
                       n1: 572872 0x4039CB: std::enable_if<is_invocable_r_v<int, app_main(int, char**)::{lambda()#1}&>, int>::type std::__invoke_r<int, app_main(int, char**)::{lambda()#1}&>(app_main(int, char**)::{lambda()#1}&) (invoke.h:116)
                        n1: 572872 0x40378A: std::_Function_handler<int (), app_main(int, char**)::{lambda()#1}>::_M_invoke(std::_Any_data const&) (std_function.h:295)
                         n1: 572872 0xC5D4E5: std::function<int ()>::operator()() const (std_function.h:581)
                          n1: 572872 0xC5D547: she::SDL2System::run(std::function<int ()>&&) (she.cpp:723)
                           n1: 572872 0x403361: app_main(int, char**) (main.cpp:73)
                            n0: 572872 0xC5AC2E: main (she.cpp:993)
        n0: 864 in 2 places, all below massif's threshold (1.00%)
     n1: 743240 0x4EA9154: SDL_CreateRGBSurfaceWithFormat_REAL (sdl2_compat.c:4435)
      n1: 743240 0xC57528: she::SDL2Surface::applyScale(int) (sdl2_surface.cpp:168)
       n2: 743240 0x9EB15C: app::skin::SkinTheme::sliceSheet(she::Surface*, gfx::RectT<int> const&) (skin_theme.cpp:859)
        n0: 418848 in 10 places, all below massif's threshold (1.00%)
        n1: 324392 0x9E7745: app::skin::SkinTheme::loadSkinXml(std::__cxx11::basic_string<char, std::char_traits<char>, std::allocator<char> > const&) (skin_theme.cpp:729)
         n1: 324392 0x9DF497: app::skin::SkinTheme::loadXml(std::__cxx11::basic_string<char, std::char_traits<char>, std::allocator<char> > const&) (skin_theme.cpp:325)
          n1: 324392 0x9DBC67: app::skin::SkinTheme::onRegenerate() (skin_theme.cpp:226)
           n1: 324392 0xC9B0A1: ui::Theme::regenerate() (theme.cpp:44)
            n1: 324392 0xC9B113: ui::CurrentTheme::set(ui::Theme*) (theme.cpp:64)
             n1: 324392 0x691160: app::init_module_gui() (gui.cpp:214)
              n1: 324392 0x6894AC: app::LegacyModules::LegacyModules(int) (modules.cpp:47)
               n1: 324392 0x4164B3: std::__detail::_MakeUniq<app::LegacyModules>::__single_object std::make_unique<app::LegacyModules, int>(int&&) (unique_ptr.h:1105)
                n1: 324392 0x405304: app::App::initialize(app::AppOptions const&) (app.cpp:164)
                 n1: 324392 0x402CED: app_main(int, char**)::{lambda()#1}::operator()() const (main.cpp:87)
                  n1: 324392 0x403C20: int std::__invoke_impl<int, app_main(int, char**)::{lambda()#1}&>(std::__invoke_other, app_main(int, char**)::{lambda()#1}&) (invoke.h:63)
                   n1: 324392 0x4039CB: std::enable_if<is_invocable_r_v<int, app_main(int, char**)::{lambda()#1}&>, int>::type std::__invoke_r<int, app_main(int, char**)::{lambda()#1}&>(app_main(int, char**)::{lambda()#1}&) (invoke.h:116)
                    n1: 324392 0x40378A: std::_Function_handler<int (), app_main(int, char**)::{lambda()#1}>::_M_invoke(std::_Any_data const&) (std_function.h:295)
                     n1: 324392 0xC5D4E5: std::function<int ()>::operator()() const (std_function.h:581)
                      n1: 324392 0xC5D547: she::SDL2System::run(std::function<int ()>&&) (she.cpp:723)
                       n1: 324392 0x403361: app_main(int, char**) (main.cpp:73)
                        n0: 324392 0xC5AC2E: main (she.cpp:993)
     n2: 547800 0x880156E: SDL_ConvertSurfaceRectAndColorspace.lto_priv.0 (SDL_surface.c:1930)
      n1: 531344 0x4EA90C3: SDL_ConvertSurfaceFormat_REAL (sdl2_compat.c:4357)
       n2: 531344 0xC5CC59: she::SDL2System::loadRgbaSurface(char const*) (she.cpp:909)
        n1: 326472 0x9DC16E: app::skin::SkinTheme::loadSheet(std::__cxx11::basic_string<char, std::char_traits<char>, std::allocator<char> > const&) (skin_theme.cpp:248)
         n1: 326472 0x9DBC1F: app::skin::SkinTheme::onRegenerate() (skin_theme.cpp:225)
          n1: 326472 0xC9B0A1: ui::Theme::regenerate() (theme.cpp:44)
           n1: 326472 0xC9B113: ui::CurrentTheme::set(ui::Theme*) (theme.cpp:64)
            n1: 326472 0x691160: app::init_module_gui() (gui.cpp:214)
             n1: 326472 0x6894AC: app::LegacyModules::LegacyModules(int) (modules.cpp:47)
              n1: 326472 0x4164B3: std::__detail::_MakeUniq<app::LegacyModules>::__single_object std::make_unique<app::LegacyModules, int>(int&&) (unique_ptr.h:1105)
               n1: 326472 0x405304: app::App::initialize(app::AppOptions const&) (app.cpp:164)
                n1: 326472 0x402CED: app_main(int, char**)::{lambda()#1}::operator()() const (main.cpp:87)
                 n1: 326472 0x403C20: int std::__invoke_impl<int, app_main(int, char**)::{lambda()#1}&>(std::__invoke_other, app_main(int, char**)::{lambda()#1}&) (invoke.h:63)
                  n1: 326472 0x4039CB: std::enable_if<is_invocable_r_v<int, app_main(int, char**)::{lambda()#1}&>, int>::type std::__invoke_r<int, app_main(int, char**)::{lambda()#1}&>(app_main(int, char**)::{lambda()#1}&) (invoke.h:116)
                   n1: 326472 0x40378A: std::_Function_handler<int (), app_main(int, char**)::{lambda()#1}>::_M_invoke(std::_Any_data const&) (std_function.h:295)
                    n1: 326472 0xC5D4E5: std::function<int ()>::operator()() const (std_function.h:581)
                     n1: 326472 0xC5D547: she::SDL2System::run(std::function<int ()>&&) (she.cpp:723)
                      n1: 326472 0x403361: app_main(int, char**) (main.cpp:73)
                       n0: 326472 0xC5AC2E: main (she.cpp:993)
        n0: 204872 in 1 place, below massif's threshold (1.00%)
      n0: 16456 in 1 place, below massif's threshold (1.00%)
     n0: 0 in 1 place, below massif's threshold (1.00%)
 n0: 4045796 in 1449 places, all below massif's threshold (1.00%)
 n1: 2391552 0x19A4A8A6: ???
  n1: 2391552 0x18C80EDF: ???
   n1: 2391552 0x17D5CE07: ???
    n1: 2391552 0x17D2C5B0: ???
     n1: 2391552 0x17D2FB3D: ???
      n1: 2391552 0x17D36848: ???
       n1: 2391552 0x8753838: GL_UpdateTexture (SDL_render_gl.c:805)
        n1: 2391552 0x874A481: SDL_UpdateTexture_REAL (SDL_render.c:2364)
         n1: 2391552 0x874A481: SDL_UpdateTexture_REAL (SDL_render.c:2326)
          n2: 2391552 0x4E9AF1D: SDL_UpdateTexture_REAL (sdl3_syms.h:707)
           n1: 2391552 0xC58F96: she::SDL2Surface::getTexture(SDL_Rect const*) (sdl2_surface.cpp:542)
            n1: 2391552 0xC375EA: she::SDL2Display::flip(gfx::RectT<int> const&) (sdl2_display.cpp:272)
             n1: 2391552 0xC845B4: ui::Manager::flipDisplay() (manager.cpp:195)
              n1: 2391552 0xC84CBA: ui::Manager::dispatchMessages() (manager.cpp:605)
               n2: 2391552 0xC91849: ui::MessageLoop::pumpMessages() (message_loop.cpp:26)
                n1: 2391552 0xC8321E: ui::Manager::run() (manager.cpp:172)
                 n1: 2391552 0x40C798: app::App::run() (app.cpp:664)
                  n1: 2391552 0x402D7D: app_main(int, char**)::{lambda()#1}::operator()() const (main.cpp:92)
                   n1: 2391552 0x403C20: int std::__invoke_impl<int, app_main(int, char**)::{lambda()#1}&>(std::__invoke_other, app_main(int, char**)::{lambda()#1}&) (invoke.h:63)
                    n1: 2391552 0x4039CB: std::enable_if<is_invocable_r_v<int, app_main(int, char**)::{lambda()#1}&>, int>::type std::__invoke_r<int, app_main(int, char**)::{lambda()#1}&>(app_main(int, char**)::{lambda()#1}&) (invoke.h:116)
                     n1: 2391552 0x40378A: std::_Function_handler<int (), app_main(int, char**)::{lambda()#1}>::_M_invoke(std::_Any_data const&) (std_function.h:295)
                      n1: 2391552 0xC5D4E5: std::function<int ()>::operator()() const (std_function.h:581)
                       n1: 2391552 0xC5D547: she::SDL2System::run(std::function<int ()>&&) (she.cpp:723)
                        n1: 2391552 0x403361: app_main(int, char**) (main.cpp:73)
                         n0: 2391552 0xC5AC2E: main (she.cpp:993)
                n0: 0 in 1 place, below massif's threshold (1.00%)
           n0: 0 in 1 place, below massif's threshold (1.00%)
 n1: 2347264 0x8752FC3: real_calloc (SDL_malloc.c:6335)
  n1: 2347264 0x8752FC3: SDL_calloc_REAL (SDL_malloc.c:6478)
   n1: 2347264 0x8752FC3: GL_CreateTexture (SDL_render_gl.c:601)
    n1: 2347264 0x873B0DE: SDL_CreateTextureWithProperties_REAL (SDL_render.c:1574)
     n1: 2347264 0x4EA36E3: SDL_CreateTexture_REAL (sdl2_compat.c:6698)
      n1: 2347264 0xC590AF: she::SDL2Surface::getTexture(SDL_Rect const*) (sdl2_surface.cpp:535)
       n1: 2347264 0xC375EA: she::SDL2Display::flip(gfx::RectT<int> const&) (sdl2_display.cpp:272)
        n1: 2347264 0xC5C935: she::SDL2EventQueue::forceFlip() (she.cpp:331)
         n2: 2347264 0xC6267D: she::SDL2EventQueue::getEventInternal(she::Event&, bool) (she.cpp:393)
          n1: 2347264 0xC6394A: she::SDL2EventQueue::refresh() (she.cpp:347)
           n1: 2347264 0xC63A15: she::SDL2System::refresh() (she.cpp:789)
            n1: 2347264 0xC63C03: she::SDL2System::sleep() (she.cpp:697)
             n1: 2347264 0xC9187E: ui::MessageLoop::pumpMessages() (message_loop.cpp:30)
              n1: 2347264 0xC8321E: ui::Manager::run() (manager.cpp:172)
               n1: 2347264 0x40C798: app::App::run() (app.cpp:664)
                n1: 2347264 0x402D7D: app_main(int, char**)::{lambda()#1}::operator()() const (main.cpp:92)
                 n1: 2347264 0x403C20: int std::__invoke_impl<int, app_main(int, char**)::{lambda()#1}&>(std::__invoke_other, app_main(int, char**)::{lambda()#1}&) (invoke.h:63)
                  n1: 2347264 0x4039CB: std::enable_if<is_invocable_r_v<int, app_main(int, char**)::{lambda()#1}&>, int>::type std::__invoke_r<int, app_main(int, char**)::{lambda()#1}&>(app_main(int, char**)::{lambda()#1}&) (invoke.h:116)
                   n1: 2347264 0x40378A: std::_Function_handler<int (), app_main(int, char**)::{lambda()#1}>::_M_invoke(std::_Any_data const&) (std_function.h:295)
                    n1: 2347264 0xC5D4E5: std::function<int ()>::operator()() const (std_function.h:581)
                     n1: 2347264 0xC5D547: she::SDL2System::run(std::function<int ()>&&) (she.cpp:723)
                      n1: 2347264 0x403361: app_main(int, char**) (main.cpp:73)
                       n0: 2347264 0xC5AC2E: main (she.cpp:993)
          n0: 0 in 1 place, below massif's threshold (1.00%)
 n1: 843472 0x17D62C8D: ???
  n1: 843472 0x17D73C10: ???
   n1: 843472 0x17CE02D6: ???
    n1: 843472 0x17CE4438: ???
     n1: 843472 0x17BECA0E: ???
      n1: 843472 0x17BDF119: ???
       n1: 843472 0x87E6D30: SDL_EGL_CreateContext (SDL_egl.c:1105)
        n1: 843472 0x8878F2D: Wayland_GLES_CreateContext (SDL_waylandopengles.c:60)
         n1: 843472 0x880E9F4: SDL_GL_CreateContext_REAL (SDL_video.c:5432)
          n1: 843472 0x8756277: GL_CreateRenderer.lto_priv.0 (SDL_render_gl.c:1847)
           n1: 843472 0x873E292: SDL_CreateRendererWithProperties_REAL (SDL_render.c:1142)
            n1: 843472 0x873E576: SDL_CreateRenderer_REAL (SDL_render.c:1287)
             n1: 843472 0x4EA2628: SDL_CreateRenderer_REAL (sdl2_compat.c:5986)
              n1: 843472 0xC39255: she::SDL2Display::SDL2Display(int, int, int)::{lambda()#1}::operator()() const (sdl2_display.cpp:83)
               n1: 843472 0xC39389: __invoke_impl<void, she::SDL2Display::SDL2Display(int, int, int)::<lambda()>&> (invoke.h:63)
                n1: 843472 0xC39389: __invoke_r<void, she::SDL2Display::SDL2Display(int, int, int)::<lambda()>&> (invoke.h:113)
                 n1: 843472 0xC39389: std::_Function_handler<void (), she::SDL2Display::SDL2Display(int, int, int)::{lambda()#1}>::_M_invoke(std::_Any_data const&) (std_function.h:295)
                  n1: 843472 0x421E25: std::function<void ()>::operator()() const (std_function.h:581)
                   n1: 843472 0xC60013: she::SDL2System::gfx(std::function<void ()>&&, bool) (she.cpp:680)
                    n1: 843472 0xC38110: she::SDL2Display::SDL2Display(int, int, int) (sdl2_display.cpp:73)
                     n1: 843472 0xC5C3B6: she::SDL2System::createDisplay(int, int, int) (she.cpp:872)
                      n1: 843472 0x690189: app::create_main_display(bool, bool&, std::__cxx11::basic_string<char, std::char_traits<char>, std::allocator<char> >&) (gui.cpp:112)
                       n1: 843472 0x690A8C: app::init_module_gui() (gui.cpp:164)
                        n1: 843472 0x6894AC: app::LegacyModules::LegacyModules(int) (modules.cpp:47)
                         n1: 843472 0x4164B3: std::__detail::_MakeUniq<app::LegacyModules>::__single_object std::make_unique<app::LegacyModules, int>(int&&) (unique_ptr.h:1105)
                          n1: 843472 0x405304: app::App::initialize(app::AppOptions const&) (app.cpp:164)
                           n1: 843472 0x402CED: app_main(int, char**)::{lambda()#1}::operator()() const (main.cpp:87)
                            n1: 843472 0x403C20: int std::__invoke_impl<int, app_main(int, char**)::{lambda()#1}&>(std::__invoke_other, app_main(int, char**)::{lambda()#1}&) (invoke.h:63)
                             n1: 843472 0x4039CB: std::enable_if<is_invocable_r_v<int, app_main(int, char**)::{lambda()#1}&>, int>::type std::__invoke_r<int, app_main(int, char**)::{lambda()#1}&>(app_main(int, char**)::{lambda()#1}&) (invoke.h:116)
                              n1: 843472 0x40378A: std::_Function_handler<int (), app_main(int, char**)::{lambda()#1}>::_M_invoke(std::_Any_data const&) (std_function.h:295)
                               n1: 843472 0xC5D4E5: std::function<int ()>::operator()() const (std_function.h:581)
                                n0: 843472 0xC5D547: she::SDL2System::run(std::function<int ()>&&) (she.cpp:723)
 n1: 837442 0x4404C0: std::__new_allocator<unsigned char>::allocate(unsigned long, void const*) (new_allocator.h:162)
  n1: 837442 0x43A818: allocate (allocator.h:206)
   n1: 837442 0x43A818: allocate (alloc_traits.h:638)
    n2: 837442 0x43A818: std::_Vector_base<unsigned char, std::allocator<unsigned char> >::_M_allocate(unsigned long) (stl_vector.h:389)
     n1: 806412 0x464EA4: std::vector<unsigned char, std::allocator<unsigned char> >::_M_default_append(unsigned long) (vector.tcc:857)
      n1: 806412 0x464730: std::vector<unsigned char, std::allocator<unsigned char> >::resize(unsigned long) (stl_vector.h:1136)
       n1: 806412 0xBB1B81: doc::ImageBuffer::resizeIfNecessary(unsigned long) (image_buffer.h:27)
        n1: 806412 0xBB2C6C: doc::ImageImpl<doc::RgbTraits>::ImageImpl(int, int, base::SharedPtr<doc::ImageBuffer> const&) (image_impl.h:68)
         n2: 806412 0xBB15D3: doc::Image::create(doc::PixelFormat, int, int, base::SharedPtr<doc::ImageBuffer> const&) (image.cpp:55)
          n1: 724800 0x919E03: app::Editor::drawOneSpriteUnclippedRect(ui::Graphics*, gfx::RectT<int> const&, int, int) (editor.cpp:471)
           n1: 724800 0x91B32D: app::Editor::drawSpriteUnclippedRect(ui::Graphics*, gfx::RectT<int> const&) (editor.cpp:566)
            n1: 724800 0x923366: app::Editor::onPaint(ui::PaintEvent&) (editor.cpp:1389)
             n1: 724800 0xCA792D: ui::Widget::paintEvent(ui::Graphics*) (widget.cpp:1054)
              n1: 724800 0xCA7BDE: ui::Widget::onProcessMessage(ui::Message*) (widget.cpp:1354)
               n1: 724800 0x922C04: app::Editor::onProcessMessage(ui::Message*) (editor.cpp:1346)
                n1: 724800 0x90C5CE: app::AppEditor::onProcessMessage(ui::Message*) (document_view.cpp:130)
                 n1: 724800 0xCA20B6: ui::Widget::sendMessage(ui::Message*) (widget.cpp:1156)
                  n1: 724800 0xC84B2A: ui::Manager::pumpQueue() (manager.cpp:1334)
                   n1: 724800 0xC84CA0: ui::Manager::dispatchMessages() (manager.cpp:604)
                    n1: 724800 0xC91849: ui::MessageLoop::pumpMessages() (message_loop.cpp:26)
                     n1: 724800 0xC8321E: ui::Manager::run() (manager.cpp:172)
                      n1: 724800 0x40C798: app::App::run() (app.cpp:664)
                       n1: 724800 0x402D7D: app_main(int, char**)::{lambda()#1}::operator()() const (main.cpp:92)
                        n1: 724800 0x403C20: int std::__invoke_impl<int, app_main(int, char**)::{lambda()#1}&>(std::__invoke_other, app_main(int, char**)::{lambda()#1}&) (invoke.h:63)
                         n1: 724800 0x4039CB: std::enable_if<is_invocable_r_v<int, app_main(int, char**)::{lambda()#1}&>, int>::type std::__invoke_r<int, app_main(int, char**)::{lambda()#1}&>(app_main(int, char**)::{lambda()#1}&) (invoke.h:116)
                          n1: 724800 0x40378A: std::_Function_handler<int (), app_main(int, char**)::{lambda()#1}>::_M_invoke(std::_Any_data const&) (std_function.h:295)
                           n1: 724800 0xC5D4E5: std::function<int ()>::operator()() const (std_function.h:581)
                            n1: 724800 0xC5D547: she::SDL2System::run(std::function<int ()>&&) (she.cpp:723)
                             n1: 724800 0x403361: app_main(int, char**) (main.cpp:73)
                              n0: 724800 0xC5AC2E: main (she.cpp:993)
          n0: 81612 in 3 places, all below massif's threshold (1.00%)
     n0: 31030 in 1 place, below massif's threshold (1.00%)
 n1: 271576 0x17FEBDB5: ???
  n1: 271576 0x17ED3A8B: ???
   n1: 271576 0x17D62CED: ???
    n1: 271576 0x17D73C10: ???
     n1: 271576 0x17CE02D6: ???
      n1: 271576 0x17CE4438: ???
       n1: 271576 0x17BECA0E: ???
        n1: 271576 0x17BDF119: ???
         n1: 271576 0x87E6D30: SDL_EGL_CreateContext (SDL_egl.c:1105)
          n1: 271576 0x8878F2D: Wayland_GLES_CreateContext (SDL_waylandopengles.c:60)
           n1: 271576 0x880E9F4: SDL_GL_CreateContext_REAL (SDL_video.c:5432)
            n1: 271576 0x8756277: GL_CreateRenderer.lto_priv.0 (SDL_render_gl.c:1847)
             n1: 271576 0x873E292: SDL_CreateRendererWithProperties_REAL (SDL_render.c:1142)
              n1: 271576 0x873E576: SDL_CreateRenderer_REAL (SDL_render.c:1287)
               n1: 271576 0x4EA2628: SDL_CreateRenderer_REAL (sdl2_compat.c:5986)
                n1: 271576 0xC39255: she::SDL2Display::SDL2Display(int, int, int)::{lambda()#1}::operator()() const (sdl2_display.cpp:83)
                 n1: 271576 0xC39389: __invoke_impl<void, she::SDL2Display::SDL2Display(int, int, int)::<lambda()>&> (invoke.h:63)
                  n1: 271576 0xC39389: __invoke_r<void, she::SDL2Display::SDL2Display(int, int, int)::<lambda()>&> (invoke.h:113)
                   n1: 271576 0xC39389: std::_Function_handler<void (), she::SDL2Display::SDL2Display(int, int, int)::{lambda()#1}>::_M_invoke(std::_Any_data const&) (std_function.h:295)
                    n1: 271576 0x421E25: std::function<void ()>::operator()() const (std_function.h:581)
                     n1: 271576 0xC60013: she::SDL2System::gfx(std::function<void ()>&&, bool) (she.cpp:680)
                      n1: 271576 0xC38110: she::SDL2Display::SDL2Display(int, int, int) (sdl2_display.cpp:73)
                       n1: 271576 0xC5C3B6: she::SDL2System::createDisplay(int, int, int) (she.cpp:872)
                        n1: 271576 0x690189: app::create_main_display(bool, bool&, std::__cxx11::basic_string<char, std::char_traits<char>, std::allocator<char> >&) (gui.cpp:112)
                         n1: 271576 0x690A8C: app::init_module_gui() (gui.cpp:164)
                          n1: 271576 0x6894AC: app::LegacyModules::LegacyModules(int) (modules.cpp:47)
                           n1: 271576 0x4164B3: std::__detail::_MakeUniq<app::LegacyModules>::__single_object std::make_unique<app::LegacyModules, int>(int&&) (unique_ptr.h:1105)
                            n1: 271576 0x405304: app::App::initialize(app::AppOptions const&) (app.cpp:164)
                             n1: 271576 0x402CED: app_main(int, char**)::{lambda()#1}::operator()() const (main.cpp:87)
                              n1: 271576 0x403C20: int std::__invoke_impl<int, app_main(int, char**)::{lambda()#1}&>(std::__invoke_other, app_main(int, char**)::{lambda()#1}&) (invoke.h:63)
                               n1: 271576 0x4039CB: std::enable_if<is_invocable_r_v<int, app_main(int, char**)::{lambda()#1}&>, int>::type std::__invoke_r<int, app_main(int, char**)::{lambda()#1}&>(app_main(int, char**)::{lambda()#1}&) (invoke.h:116)
                                n0: 271576 0x40378A: std::_Function_handler<int (), app_main(int, char**)::{lambda()#1}>::_M_invoke(std::_Any_data const&) (std_function.h:295)
#-----------
snapshot=29
#-----------
time=4013733367
mem_heap_B=22208622
mem_heap_extra_B=799378
mem_stacks_B=0
heap_tree=empty
#-----------
snapshot=30
#-----------
time=4154020016
mem_heap_B=22209150
mem_heap_extra_B=799354
mem_stacks_B=0
heap_tree=empty
#-----------
snapshot=31
#-----------
time=4259133212
mem_heap_B=22209902
mem_heap_extra_B=799434
mem_stacks_B=0
heap_tree=detailed
n8: 22209902 (heap allocation functions) malloc/new/new[], --alloc-fns, etc.
 n3: 9651888 0x181DDF1C: ???
  n2: 5730464 0x181DF139: ???
   n0: 5328032 in 375 places, all below massif's threshold (1.00%)
   n1: 402432 0x18068FE1: ???
    n0: 402432 in 29 places, all below massif's threshold (1.00%)
  n2: 3372560 0x181DEB02: ???
   n4: 3306928 0x181DEC14: ???
    n3: 1636576 0x182425A1: ???
     n1: 753296 0x18243E2A: ???
      n1: 753296 0x182FCEFC: ???
       n1: 753296 0x182FDD39: ???
        n2: 753296 0x182FE09B: ???
         n1: 425776 0x17D816B9: ???
          n1: 425776 0x17D82608: ???
           n1: 425776 0x17D82D64: ???
            n1: 425776 0x17D8444B: ???
             n1: 425776 0x17D845CC: ???
              n1: 425776 0x1802FD0D: ???
               n1: 425776 0x17FE8D96: ???
                n1: 425776 0x8756CB2: CompileShaderProgram (SDL_shaders_gl.c:587)
                 n1: 425776 0x8756CB2: GL_CreateShaderContext (SDL_shaders_gl.c:685)
                  n1: 425776 0x8756CB2: GL_CreateRenderer.lto_priv.0 (SDL_render_gl.c:1947)
                   n1: 425776 0x873E292: SDL_CreateRendererWithProperties_REAL (SDL_render.c:1142)
                    n1: 425776 0x873E576: SDL_CreateRenderer_REAL (SDL_render.c:1287)
                     n1: 425776 0x4EA2628: SDL_CreateRenderer_REAL (sdl2_compat.c:5986)
                      n1: 425776 0xC39255: she::SDL2Display::SDL2Display(int, int, int)::{lambda()#1}::operator()() const (sdl2_display.cpp:83)
                       n1: 425776 0xC39389: __invoke_impl<void, she::SDL2Display::SDL2Display(int, int, int)::<lambda()>&> (invoke.h:63)
                        n1: 425776 0xC39389: __invoke_r<void, she::SDL2Display::SDL2Display(int, int, int)::<lambda()>&> (invoke.h:113)
                         n1: 425776 0xC39389: std::_Function_handler<void (), she::SDL2Display::SDL2Display(int, int, int)::{lambda()#1}>::_M_invoke(std::_Any_data const&) (std_function.h:295)
                          n1: 425776 0x421E25: std::function<void ()>::operator()() const (std_function.h:581)
                           n1: 425776 0xC60013: she::SDL2System::gfx(std::function<void ()>&&, bool) (she.cpp:680)
                            n1: 425776 0xC38110: she::SDL2Display::SDL2Display(int, int, int) (sdl2_display.cpp:73)
                             n1: 425776 0xC5C3B6: she::SDL2System::createDisplay(int, int, int) (she.cpp:872)
                              n1: 425776 0x690189: app::create_main_display(bool, bool&, std::__cxx11::basic_string<char, std::char_traits<char>, std::allocator<char> >&) (gui.cpp:112)
                               n1: 425776 0x690A8C: app::init_module_gui() (gui.cpp:164)
                                n1: 425776 0x6894AC: app::LegacyModules::LegacyModules(int) (modules.cpp:47)
                                 n1: 425776 0x4164B3: std::__detail::_MakeUniq<app::LegacyModules>::__single_object std::make_unique<app::LegacyModules, int>(int&&) (unique_ptr.h:1105)
                                  n0: 425776 0x405304: app::App::initialize(app::AppOptions const&) (app.cpp:164)
         n1: 327520 0x17D823C6: ???
          n1: 327520 0x17D82836: ???
           n1: 327520 0x17D82E94: ???
            n1: 327520 0x17D8444B: ???
             n1: 327520 0x17D845CC: ???
              n1: 327520 0x1802FD0D: ???
               n1: 327520 0x17FE8D96: ???
                n1: 327520 0x8756CB2: CompileShaderProgram (SDL_shaders_gl.c:587)
                 n1: 327520 0x8756CB2: GL_CreateShaderContext (SDL_shaders_gl.c:685)
                  n1: 327520 0x8756CB2: GL_CreateRenderer.lto_priv.0 (SDL_render_gl.c:1947)
                   n1: 327520 0x873E292: SDL_CreateRendererWithProperties_REAL (SDL_render.c:1142)
                    n1: 327520 0x873E576: SDL_CreateRenderer_REAL (SDL_render.c:1287)
                     n1: 327520 0x4EA2628: SDL_CreateRenderer_REAL (sdl2_compat.c:5986)
                      n1: 327520 0xC39255: she::SDL2Display::SDL2Display(int, int, int)::{lambda()#1}::operator()() const (sdl2_display.cpp:83)
                       n1: 327520 0xC39389: __invoke_impl<void, she::SDL2Display::SDL2Display(int, int, int)::<lambda()>&> (invoke.h:63)
                        n1: 327520 0xC39389: __invoke_r<void, she::SDL2Display::SDL2Display(int, int, int)::<lambda()>&> (invoke.h:113)
                         n1: 327520 0xC39389: std::_Function_handler<void (), she::SDL2Display::SDL2Display(int, int, int)::{lambda()#1}>::_M_invoke(std::_Any_data const&) (std_function.h:295)
                          n1: 327520 0x421E25: std::function<void ()>::operator()() const (std_function.h:581)
                           n1: 327520 0xC60013: she::SDL2System::gfx(std::function<void ()>&&, bool) (she.cpp:680)
                            n1: 327520 0xC38110: she::SDL2Display::SDL2Display(int, int, int) (sdl2_display.cpp:73)
                             n1: 327520 0xC5C3B6: she::SDL2System::createDisplay(int, int, int) (she.cpp:872)
                              n1: 327520 0x690189: app::create_main_display(bool, bool&, std::__cxx11::basic_string<char, std::char_traits<char>, std::allocator<char> >&) (gui.cpp:112)
                               n1: 327520 0x690A8C: app::init_module_gui() (gui.cpp:164)
                                n1: 327520 0x6894AC: app::LegacyModules::LegacyModules(int) (modules.cpp:47)
                                 n1: 327520 0x4164B3: std::__detail::_MakeUniq<app::LegacyModules>::__single_object std::make_unique<app::LegacyModules, int>(int&&) (unique_ptr.h:1105)
                                  n0: 327520 0x405304: app::App::initialize(app::AppOptions const&) (app.cpp:164)
     n2: 457504 0x18243C98: ???
      n1: 457504 0x182FCC9D: ???
       n1: 457504 0x182FDD39: ???
        n2: 457504 0x182FE09B: ???
         n1: 457504 0x17D823C6: ???
          n1: 457504 0x17D82836: ???
           n1: 457504 0x17D82E94: ???
            n1: 457504 0x17D8444B: ???
             n1: 457504 0x17D845CC: ???
              n1: 457504 0x1802FD0D: ???
               n1: 457504 0x17FE8D96: ???
                n1: 457504 0x8756CB2: CompileShaderProgram (SDL_shaders_gl.c:587)
                 n1: 457504 0x8756CB2: GL_CreateShaderContext (SDL_shaders_gl.c:685)
                  n1: 457504 0x8756CB2: GL_CreateRenderer.lto_priv.0 (SDL_render_gl.c:1947)
                   n1: 457504 0x873E292: SDL_CreateRendererWithProperties_REAL (SDL_render.c:1142)
                    n1: 457504 0x873E576: SDL_CreateRenderer_REAL (SDL_render.c:1287)
                     n1: 457504 0x4EA2628: SDL_CreateRenderer_REAL (sdl2_compat.c:5986)
                      n1: 457504 0xC39255: she::SDL2Display::SDL2Display(int, int, int)::{lambda()#1}::operator()() const (sdl2_display.cpp:83)
                       n1: 457504 0xC39389: __invoke_impl<void, she::SDL2Display::SDL2Display(int, int, int)::<lambda()>&> (invoke.h:63)
                        n1: 457504 0xC39389: __invoke_r<void, she::SDL2Display::SDL2Display(int, int, int)::<lambda()>&> (invoke.h:113)
                         n1: 457504 0xC39389: std::_Function_handler<void (), she::SDL2Display::SDL2Display(int, int, int)::{lambda()#1}>::_M_invoke(std::_Any_data const&) (std_function.h:295)
                          n1: 457504 0x421E25: std::function<void ()>::operator()() const (std_function.h:581)
                           n1: 457504 0xC60013: she::SDL2System::gfx(std::function<void ()>&&, bool) (she.cpp:680)
                            n1: 457504 0xC38110: she::SDL2Display::SDL2Display(int, int, int) (sdl2_display.cpp:73)
                             n1: 457504 0xC5C3B6: she::SDL2System::createDisplay(int, int, int) (she.cpp:872)
                              n1: 457504 0x690189: app::create_main_display(bool, bool&, std::__cxx11::basic_string<char, std::char_traits<char>, std::allocator<char> >&) (gui.cpp:112)
                               n1: 457504 0x690A8C: app::init_module_gui() (gui.cpp:164)
                                n1: 457504 0x6894AC: app::LegacyModules::LegacyModules(int) (modules.cpp:47)
                                 n1: 457504 0x4164B3: std::__detail::_MakeUniq<app::LegacyModules>::__single_object std::make_unique<app::LegacyModules, int>(int&&) (unique_ptr.h:1105)
                                  n0: 457504 0x405304: app::App::initialize(app::AppOptions const&) (app.cpp:164)
         n0: 0 in 1 place, below massif's threshold (1.00%)
      n0: 0 in 2 places, all below massif's threshold (1.00%)
     n2: 425776 0x18243EBD: ???
      n1: 425776 0x182FCFBE: ???
       n1: 425776 0x182FDD39: ???
        n1: 425776 0x182FE09B: ???
         n1: 425776 0x17D823C6: ???
          n1: 425776 0x17D82836: ???
           n1: 425776 0x17D82E94: ???
            n1: 425776 0x17D8444B: ???
             n1: 425776 0x17D845CC: ???
              n1: 425776 0x1802FD0D: ???
               n1: 425776 0x17FE8D96: ???
                n1: 425776 0x8756CB2: CompileShaderProgram (SDL_shaders_gl.c:587)
                 n1: 425776 0x8756CB2: GL_CreateShaderContext (SDL_shaders_gl.c:685)
                  n1: 425776 0x8756CB2: GL_CreateRenderer.lto_priv.0 (SDL_render_gl.c:1947)
                   n1: 425776 0x873E292: SDL_CreateRendererWithProperties_REAL (SDL_render.c:1142)
                    n1: 425776 0x873E576: SDL_CreateRenderer_REAL (SDL_render.c:1287)
                     n1: 425776 0x4EA2628: SDL_CreateRenderer_REAL (sdl2_compat.c:5986)
                      n1: 425776 0xC39255: she::SDL2Display::SDL2Display(int, int, int)::{lambda()#1}::operator()() const (sdl2_display.cpp:83)
                       n1: 425776 0xC39389: __invoke_impl<void, she::SDL2Display::SDL2Display(int, int, int)::<lambda()>&> (invoke.h:63)
                        n1: 425776 0xC39389: __invoke_r<void, she::SDL2Display::SDL2Display(int, int, int)::<lambda()>&> (invoke.h:113)
                         n1: 425776 0xC39389: std::_Function_handler<void (), she::SDL2Display::SDL2Display(int, int, int)::{lambda()#1}>::_M_invoke(std::_Any_data const&) (std_function.h:295)
                          n1: 425776 0x421E25: std::function<void ()>::operator()() const (std_function.h:581)
                           n1: 425776 0xC60013: she::SDL2System::gfx(std::function<void ()>&&, bool) (she.cpp:680)
                            n1: 425776 0xC38110: she::SDL2Display::SDL2Display(int, int, int) (sdl2_display.cpp:73)
                             n1: 425776 0xC5C3B6: she::SDL2System::createDisplay(int, int, int) (she.cpp:872)
                              n1: 425776 0x690189: app::create_main_display(bool, bool&, std::__cxx11::basic_string<char, std::char_traits<char>, std::allocator<char> >&) (gui.cpp:112)
                               n1: 425776 0x690A8C: app::init_module_gui() (gui.cpp:164)
                                n1: 425776 0x6894AC: app::LegacyModules::LegacyModules(int) (modules.cpp:47)
                                 n1: 425776 0x4164B3: std::__detail::_MakeUniq<app::LegacyModules>::__single_object std::make_unique<app::LegacyModules, int>(int&&) (unique_ptr.h:1105)
                                  n0: 425776 0x405304: app::App::initialize(app::AppOptions const&) (app.cpp:164)
      n0: 0 in 1 place, below massif's threshold (1.00%)
    n2: 851552 0x18243D84: ???
     n1: 818800 0x182FCB49: ???
      n1: 818800 0x182FDD39: ???
       n2: 818800 0x182FE09B: ???
        n1: 425776 0x17D816B9: ???
         n1: 425776 0x17D82608: ???
          n1: 425776 0x17D82D64: ???
           n1: 425776 0x17D8444B: ???
            n1: 425776 0x17D845CC: ???
             n1: 425776 0x1802FD0D: ???
              n1: 425776 0x17FE8D96: ???
               n1: 425776 0x8756CB2: CompileShaderProgram (SDL_shaders_gl.c:587)
                n1: 425776 0x8756CB2: GL_CreateShaderContext (SDL_shaders_gl.c:685)
                 n1: 425776 0x8756CB2: GL_CreateRenderer.lto_priv.0 (SDL_render_gl.c:1947)
                  n1: 425776 0x873E292: SDL_CreateRendererWithProperties_REAL (SDL_render.c:1142)
                   n1: 425776 0x873E576: SDL_CreateRenderer_REAL (SDL_render.c:1287)
                    n1: 425776 0x4EA2628: SDL_CreateRenderer_REAL (sdl2_compat.c:5986)
                     n1: 425776 0xC39255: she::SDL2Display::SDL2Display(int, int, int)::{lambda()#1}::operator()() const (sdl2_display.cpp:83)
                      n1: 425776 0xC39389: __invoke_impl<void, she::SDL2Display::SDL2Display(int, int, int)::<lambda()>&> (invoke.h:63)
                       n1: 425776 0xC39389: __invoke_r<void, she::SDL2Display::SDL2Display(int, int, int)::<lambda()>&> (invoke.h:113)
                        n1: 425776 0xC39389: std::_Function_handler<void (), she::SDL2Display::SDL2Display(int, int, int)::{lambda()#1}>::_M_invoke(std::_Any_data const&) (std_function.h:295)
                         n1: 425776 0x421E25: std::function<void ()>::operator()() const (std_function.h:581)
                          n1: 425776 0xC60013: she::SDL2System::gfx(std::function<void ()>&&, bool) (she.cpp:680)
                           n1: 425776 0xC38110: she::SDL2Display::SDL2Display(int, int, int) (sdl2_display.cpp:73)
                            n1: 425776 0xC5C3B6: she::SDL2System::createDisplay(int, int, int) (she.cpp:872)
                             n1: 425776 0x690189: app::create_main_display(bool, bool&, std::__cxx11::basic_string<char, std::char_traits<char>, std::allocator<char> >&) (gui.cpp:112)
                              n1: 425776 0x690A8C: app::init_module_gui() (gui.cpp:164)
                               n1: 425776 0x6894AC: app::LegacyModules::LegacyModules(int) (modules.cpp:47)
                                n1: 425776 0x4164B3: std::__detail::_MakeUniq<app::LegacyModules>::__single_object std::make_unique<app::LegacyModules, int>(int&&) (unique_ptr.h:1105)
                                 n1: 425776 0x405304: app::App::initialize(app::AppOptions const&) (app.cpp:164)
                                  n0: 425776 0x402CED: app_main(int, char**)::{lambda()#1}::operator()() const (main.cpp:87)
        n1: 393024 0x17D823C6: ???
         n1: 393024 0x17D82836: ???
          n1: 393024 0x17D82E94: ???
           n1: 393024 0x17D8444B: ???
            n1: 393024 0x17D845CC: ???
             n1: 393024 0x1802FD0D: ???
              n1: 393024 0x17FE8D96: ???
               n1: 393024 0x8756CB2: CompileShaderProgram (SDL_shaders_gl.c:587)
                n1: 393024 0x8756CB2: GL_CreateShaderContext (SDL_shaders_gl.c:685)
                 n1: 393024 0x8756CB2: GL_CreateRenderer.lto_priv.0 (SDL_render_gl.c:1947)
                  n1: 393024 0x873E292: SDL_CreateRendererWithProperties_REAL (SDL_render.c:1142)
                   n1: 393024 0x873E576: SDL_CreateRenderer_REAL (SDL_render.c:1287)
                    n1: 393024 0x4EA2628: SDL_CreateRenderer_REAL (sdl2_compat.c:5986)
                     n1: 393024 0xC39255: she::SDL2Display::SDL2Display(int, int, int)::{lambda()#1}::operator()() const (sdl2_display.cpp:83)
                      n1: 393024 0xC39389: __invoke_impl<void, she::SDL2Display::SDL2Display(int, int, int)::<lambda()>&> (invoke.h:63)
                       n1: 393024 0xC39389: __invoke_r<void, she::SDL2Display::SDL2Display(int, int, int)::<lambda()>&> (invoke.h:113)
                        n1: 393024 0xC39389: std::_Function_handler<void (), she::SDL2Display::SDL2Display(int, int, int)::{lambda()#1}>::_M_invoke(std::_Any_data const&) (std_function.h:295)
                         n1: 393024 0x421E25: std::function<void ()>::operator()() const (std_function.h:581)
                          n1: 393024 0xC60013: she::SDL2System::gfx(std::function<void ()>&&, bool) (she.cpp:680)
                           n1: 393024 0xC38110: she::SDL2Display::SDL2Display(int, int, int) (sdl2_display.cpp:73)
                            n1: 393024 0xC5C3B6: she::SDL2System::createDisplay(int, int, int) (she.cpp:872)
                             n1: 393024 0x690189: app::create_main_display(bool, bool&, std::__cxx11::basic_string<char, std::char_traits<char>, std::allocator<char> >&) (gui.cpp:112)
                              n1: 393024 0x690A8C: app::init_module_gui() (gui.cpp:164)
                               n1: 393024 0x6894AC: app::LegacyModules::LegacyModules(int) (modules.cpp:47)
                                n1: 393024 0x4164B3: std::__detail::_MakeUniq<app::LegacyModules>::__single_object std::make_unique<app::LegacyModules, int>(int&&) (unique_ptr.h:1105)
                                 n1: 393024 0x405304: app::App::initialize(app::AppOptions const&) (app.cpp:164)
                                  n0: 393024 0x402CED: app_main(int, char**)::{lambda()#1}::operator()() const (main.cpp:87)
     n0: 32752 in 3 places, all below massif's threshold (1.00%)
    n1: 818800 0x182FADA5: ???
     n2: 818800 0x182FDFCF: ???
      n1: 425776 0x17D816B9: ???
       n1: 425776 0x17D82608: ???
        n1: 425776 0x17D82D64: ???
         n1: 425776 0x17D8444B: ???
          n1: 425776 0x17D845CC: ???
           n1: 425776 0x1802FD0D: ???
            n1: 425776 0x17FE8D96: ???
             n1: 425776 0x8756CB2: CompileShaderProgram (SDL_shaders_gl.c:587)
              n1: 425776 0x8756CB2: GL_CreateShaderContext (SDL_shaders_gl.c:685)
               n1: 425776 0x8756CB2: GL_CreateRenderer.lto_priv.0 (SDL_render_gl.c:1947)
                n1: 425776 0x873E292: SDL_CreateRendererWithProperties_REAL (SDL_render.c:1142)
                 n1: 425776 0x873E576: SDL_CreateRenderer_REAL (SDL_render.c:1287)
                  n1: 425776 0x4EA2628: SDL_CreateRenderer_REAL (sdl2_compat.c:5986)
                   n1: 425776 0xC39255: she::SDL2Display::SDL2Display(int, int, int)::{lambda()#1}::operator()() const (sdl2_display.cpp:83)
                    n1: 425776 0xC39389: __invoke_impl<void, she::SDL2Display::SDL2Display(int, int, int)::<lambda()>&> (invoke.h:63)
                     n1: 425776 0xC39389: __invoke_r<void, she::SDL2Display::SDL2Display(int, int, int)::<lambda()>&> (invoke.h:113)
                      n1: 425776 0xC39389: std::_Function_handler<void (), she::SDL2Display::SDL2Display(int, int, int)::{lambda()#1}>::_M_invoke(std::_Any_data const&) (std_function.h:295)
                       n1: 425776 0x421E25: std::function<void ()>::operator()() const (std_function.h:581)
                        n1: 425776 0xC60013: she::SDL2System::gfx(std::function<void ()>&&, bool) (she.cpp:680)
                         n1: 425776 0xC38110: she::SDL2Display::SDL2Display(int, int, int) (sdl2_display.cpp:73)
                          n1: 425776 0xC5C3B6: she::SDL2System::createDisplay(int, int, int) (she.cpp:872)
                           n1: 425776 0x690189: app::create_main_display(bool, bool&, std::__cxx11::basic_string<char, std::char_traits<char>, std::allocator<char> >&) (gui.cpp:112)
                            n1: 425776 0x690A8C: app::init_module_gui() (gui.cpp:164)
                             n1: 425776 0x6894AC: app::LegacyModules::LegacyModules(int) (modules.cpp:47)
                              n1: 425776 0x4164B3: std::__detail::_MakeUniq<app::LegacyModules>::__single_object std::make_unique<app::LegacyModules, int>(int&&) (unique_ptr.h:1105)
                               n1: 425776 0x405304: app::App::initialize(app::AppOptions const&) (app.cpp:164)
                                n1: 425776 0x402CED: app_main(int, char**)::{lambda()#1}::operator()() const (main.cpp:87)
                                 n1: 425776 0x403C20: int std::__invoke_impl<int, app_main(int, char**)::{lambda()#1}&>(std::__invoke_other, app_main(int, char**)::{lambda()#1}&) (invoke.h:63)
                                  n0: 425776 0x4039CB: std::enable_if<is_invocable_r_v<int, app_main(int, char**)::{lambda()#1}&>, int>::type std::__invoke_r<int, app_main(int, char**)::{lambda()#1}&>(app_main(int, char**)::{lambda()#1}&) (invoke.h:116)
      n1: 393024 0x17D823C6: ???
       n1: 393024 0x17D82836: ???
        n1: 393024 0x17D82E94: ???
         n1: 393024 0x17D8444B: ???
          n1: 393024 0x17D845CC: ???
           n1: 393024 0x1802FD0D: ???
            n1: 393024 0x17FE8D96: ???
             n1: 393024 0x8756CB2: CompileShaderProgram (SDL_shaders_gl.c:587)
              n1: 393024 0x8756CB2: GL_CreateShaderContext (SDL_shaders_gl.c:685)
               n1: 393024 0x8756CB2: GL_CreateRenderer.lto_priv.0 (SDL_render_gl.c:1947)
                n1: 393024 0x873E292: SDL_CreateRendererWithProperties_REAL (SDL_render.c:1142)
                 n1: 393024 0x873E576: SDL_CreateRenderer_REAL (SDL_render.c:1287)
                  n1: 393024 0x4EA2628: SDL_CreateRenderer_REAL (sdl2_compat.c:5986)
                   n1: 393024 0xC39255: she::SDL2Display::SDL2Display(int, int, int)::{lambda()#1}::operator()() const (sdl2_display.cpp:83)
                    n1: 393024 0xC39389: __invoke_impl<void, she::SDL2Display::SDL2Display(int, int, int)::<lambda()>&> (invoke.h:63)
                     n1: 393024 0xC39389: __invoke_r<void, she::SDL2Display::SDL2Display(int, int, int)::<lambda()>&> (invoke.h:113)
                      n1: 393024 0xC39389: std::_Function_handler<void (), she::SDL2Display::SDL2Display(int, int, int)::{lambda()#1}>::_M_invoke(std::_Any_data const&) (std_function.h:295)
                       n1: 393024 0x421E25: std::function<void ()>::operator()() const (std_function.h:581)
                        n1: 393024 0xC60013: she::SDL2System::gfx(std::function<void ()>&&, bool) (she.cpp:680)
                         n1: 393024 0xC38110: she::SDL2Display::SDL2Display(int, int, int) (sdl2_display.cpp:73)
                          n1: 393024 0xC5C3B6: she::SDL2System::createDisplay(int, int, int) (she.cpp:872)
                           n1: 393024 0x690189: app::create_main_display(bool, bool&, std::__cxx11::basic_string<char, std::char_traits<char>, std::allocator<char> >&) (gui.cpp:112)
                            n1: 393024 0x690A8C: app::init_module_gui() (gui.cpp:164)
                             n1: 393024 0x6894AC: app::LegacyModules::LegacyModules(int) (modules.cpp:47)
                              n1: 393024 0x4164B3: std::__detail::_MakeUniq<app::LegacyModules>::__single_object std::make_unique<app::LegacyModules, int>(int&&) (unique_ptr.h:1105)
                               n1: 393024 0x405304: app::App::initialize(app::AppOptions const&) (app.cpp:164)
                                n1: 393024 0x402CED: app_main(int, char**)::{lambda()#1}::operator()() const (main.cpp:87)
                                 n1: 393024 0x403C20: int std::__invoke_impl<int, app_main(int, char**)::{lambda()#1}&>(std::__invoke_other, app_main(int, char**)::{lambda()#1}&) (invoke.h:63)
                                  n0: 393024 0x4039CB: std::enable_if<is_invocable_r_v<int, app_main(int, char**)::{lambda()#1}&>, int>::type std::__invoke_r<int, app_main(int, char**)::{lambda()#1}&>(app_main(int, char**)::{lambda()#1}&) (invoke.h:116)
    n0: 0 in 2 places, all below massif's threshold (1.00%)
   n0: 65632 in 1 place, below massif's threshold (1.00%)
  n0: 548864 in 69 places, all below massif's threshold (1.00%)
 n1: 4212112 0x878F613: real_malloc (SDL_malloc.c:6334)
  n1: 4212112 0x878F613: SDL_malloc_REAL (SDL_malloc.c:6459)
   n1: 4212112 0x878F613: SDL_aligned_alloc_REAL (SDL_stdlib.c:540)
    n4: 4212112 0x87F73B5: SDL_CreateSurface_REAL (SDL_surface.c:236)
     n2: 2921072 0x4EA9115: SDL_CreateRGBSurface_REAL (sdl2_compat.c:4429)
      n2: 2347336 0xC589DE: she::SDL2Surface::SDL2Surface(int, int, she::SDL2Surface::DestroyFlag) (sdl2_surface.cpp:61)
       n2: 2347336 0xC37D92: she::SDL2Display::recreateSurface() (sdl2_display.cpp:216)
        n2: 2347336 0xC6285F: she::SDL2EventQueue::getEventInternal(she::Event&, bool) (she.cpp:423)
         n1: 2347336 0xC6394A: she::SDL2EventQueue::refresh() (she.cpp:347)
          n1: 2347336 0xC63A15: she::SDL2System::refresh() (she.cpp:789)
           n1: 2347336 0xC63C03: she::SDL2System::sleep() (she.cpp:697)
            n1: 2347336 0xC9187E: ui::MessageLoop::pumpMessages() (message_loop.cpp:30)
             n1: 2347336 0xC8321E: ui::Manager::run() (manager.cpp:172)
              n1: 2347336 0x40C798: app::App::run() (app.cpp:664)
               n1: 2347336 0x402D7D: app_main(int, char**)::{lambda()#1}::operator()() const (main.cpp:92)
                n1: 2347336 0x403C20: int std::__invoke_impl<int, app_main(int, char**)::{lambda()#1}&>(std::__invoke_other, app_main(int, char**)::{lambda()#1}&) (invoke.h:63)
                 n1: 2347336 0x4039CB: std::enable_if<is_invocable_r_v<int, app_main(int, char**)::{lambda()#1}&>, int>::type std::__invoke_r<int, app_main(int, char**)::{lambda()#1}&>(app_main(int, char**)::{lambda()#1}&) (invoke.h:116)
                  n1: 2347336 0x40378A: std::_Function_handler<int (), app_main(int, char**)::{lambda()#1}>::_M_invoke(std::_Any_data const&) (std_function.h:295)
                   n1: 2347336 0xC5D4E5: std::function<int ()>::operator()() const (std_function.h:581)
                    n1: 2347336 0xC5D547: she::SDL2System::run(std::function<int ()>&&) (she.cpp:723)
                     n1: 2347336 0x403361: app_main(int, char**) (main.cpp:73)
                      n0: 2347336 0xC5AC2E: main (she.cpp:993)
         n0: 0 in 1 place, below massif's threshold (1.00%)
        n0: 0 in 1 place, below massif's threshold (1.00%)
       n0: 0 in 1 place, below massif's threshold (1.00%)
      n1: 573736 0xC58DCB: she::SDL2Surface::SDL2Surface(int, int, int, she::SDL2Surface::DestroyFlag) (sdl2_surface.cpp:71)
       n2: 573736 0xC5C262: she::SDL2System::createRgbaSurface(int, int) (she.cpp:880)
        n1: 572872 0x91A9DC: app::Editor::drawOneSpriteUnclippedRect(ui::Graphics*, gfx::RectT<int> const&, int, int) (editor.cpp:533)
         n1: 572872 0x91B32D: app::Editor::drawSpriteUnclippedRect(ui::Graphics*, gfx::RectT<int> const&) (editor.cpp:566)
          n1: 572872 0x923366: app::Editor::onPaint(ui::PaintEvent&) (editor.cpp:1389)
           n1: 572872 0xCA792D: ui::Widget::paintEvent(ui::Graphics*) (widget.cpp:1054)
            n1: 572872 0xCA7BDE: ui::Widget::onProcessMessage(ui::Message*) (widget.cpp:1354)
             n1: 572872 0x922C04: app::Editor::onProcessMessage(ui::Message*) (editor.cpp:1346)
              n1: 572872 0x90C5CE: app::AppEditor::onProcessMessage(ui::Message*) (document_view.cpp:130)
               n1: 572872 0xCA20B6: ui::Widget::sendMessage(ui::Message*) (widget.cpp:1156)
                n1: 572872 0xC84B2A: ui::Manager::pumpQueue() (manager.cpp:1334)
                 n1: 572872 0xC84CA0: ui::Manager::dispatchMessages() (manager.cpp:604)
                  n1: 572872 0xC91849: ui::MessageLoop::pumpMessages() (message_loop.cpp:26)
                   n1: 572872 0xC8321E: ui::Manager::run() (manager.cpp:172)
                    n1: 572872 0x40C798: app::App::run() (app.cpp:664)
                     n1: 572872 0x402D7D: app_main(int, char**)::{lambda()#1}::operator()() const (main.cpp:92)
                      n1: 572872 0x403C20: int std::__invoke_impl<int, app_main(int, char**)::{lambda()#1}&>(std::__invoke_other, app_main(int, char**)::{lambda()#1}&) (invoke.h:63)
                       n1: 572872 0x4039CB: std::enable_if<is_invocable_r_v<int, app_main(int, char**)::{lambda()#1}&>, int>::type std::__invoke_r<int, app_main(int, char**)::{lambda()#1}&>(app_main(int, char**)::{lambda()#1}&) (invoke.h:116)
                        n1: 572872 0x40378A: std::_Function_handler<int (), app_main(int, char**)::{lambda()#1}>::_M_invoke(std::_Any_data const&) (std_function.h:295)
                         n1: 572872 0xC5D4E5: std::function<int ()>::operator()() const (std_function.h:581)
                          n1: 572872 0xC5D547: she::SDL2System::run(std::function<int ()>&&) (she.cpp:723)
                           n1: 572872 0x403361: app_main(int, char**) (main.cpp:73)
                            n0: 572872 0xC5AC2E: main (she.cpp:993)
        n0: 864 in 2 places, all below massif's threshold (1.00%)
     n1: 743240 0x4EA9154: SDL_CreateRGBSurfaceWithFormat_REAL (sdl2_compat.c:4435)
      n1: 743240 0xC57528: she::SDL2Surface::applyScale(int) (sdl2_surface.cpp:168)
       n2: 743240 0x9EB15C: app::skin::SkinTheme::sliceSheet(she::Surface*, gfx::RectT<int> const&) (skin_theme.cpp:859)
        n0: 418848 in 10 places, all below massif's threshold (1.00%)
        n1: 324392 0x9E7745: app::skin::SkinTheme::loadSkinXml(std::__cxx11::basic_string<char, std::char_traits<char>, std::allocator<char> > const&) (skin_theme.cpp:729)
         n1: 324392 0x9DF497: app::skin::SkinTheme::loadXml(std::__cxx11::basic_string<char, std::char_traits<char>, std::allocator<char> > const&) (skin_theme.cpp:325)
          n1: 324392 0x9DBC67: app::skin::SkinTheme::onRegenerate() (skin_theme.cpp:226)
           n1: 324392 0xC9B0A1: ui::Theme::regenerate() (theme.cpp:44)
            n1: 324392 0xC9B113: ui::CurrentTheme::set(ui::Theme*) (theme.cpp:64)
             n1: 324392 0x691160: app::init_module_gui() (gui.cpp:214)
              n1: 324392 0x6894AC: app::LegacyModules::LegacyModules(int) (modules.cpp:47)
               n1: 324392 0x4164B3: std::__detail::_MakeUniq<app::LegacyModules>::__single_object std::make_unique<app::LegacyModules, int>(int&&) (unique_ptr.h:1105)
                n1: 324392 0x405304: app::App::initialize(app::AppOptions const&) (app.cpp:164)
                 n1: 324392 0x402CED: app_main(int, char**)::{lambda()#1}::operator()() const (main.cpp:87)
                  n1: 324392 0x403C20: int std::__invoke_impl<int, app_main(int, char**)::{lambda()#1}&>(std::__invoke_other, app_main(int, char**)::{lambda()#1}&) (invoke.h:63)
                   n1: 324392 0x4039CB: std::enable_if<is_invocable_r_v<int, app_main(int, char**)::{lambda()#1}&>, int>::type std::__invoke_r<int, app_main(int, char**)::{lambda()#1}&>(app_main(int, char**)::{lambda()#1}&) (invoke.h:116)
                    n1: 324392 0x40378A: std::_Function_handler<int (), app_main(int, char**)::{lambda()#1}>::_M_invoke(std::_Any_data const&) (std_function.h:295)
                     n1: 324392 0xC5D4E5: std::function<int ()>::operator()() const (std_function.h:581)
                      n1: 324392 0xC5D547: she::SDL2System::run(std::function<int ()>&&) (she.cpp:723)
                       n1: 324392 0x403361: app_main(int, char**) (main.cpp:73)
                        n0: 324392 0xC5AC2E: main (she.cpp:993)
     n2: 547800 0x880156E: SDL_ConvertSurfaceRectAndColorspace.lto_priv.0 (SDL_surface.c:1930)
      n1: 531344 0x4EA90C3: SDL_ConvertSurfaceFormat_REAL (sdl2_compat.c:4357)
       n2: 531344 0xC5CC59: she::SDL2System::loadRgbaSurface(char const*) (she.cpp:909)
        n1: 326472 0x9DC16E: app::skin::SkinTheme::loadSheet(std::__cxx11::basic_string<char, std::char_traits<char>, std::allocator<char> > const&) (skin_theme.cpp:248)
         n1: 326472 0x9DBC1F: app::skin::SkinTheme::onRegenerate() (skin_theme.cpp:225)
          n1: 326472 0xC9B0A1: ui::Theme::regenerate() (theme.cpp:44)
           n1: 326472 0xC9B113: ui::CurrentTheme::set(ui::Theme*) (theme.cpp:64)
            n1: 326472 0x691160: app::init_module_gui() (gui.cpp:214)
             n1: 326472 0x6894AC: app::LegacyModules::LegacyModules(int) (modules.cpp:47)
              n1: 326472 0x4164B3: std::__detail::_MakeUniq<app::LegacyModules>::__single_object std::make_unique<app::LegacyModules, int>(int&&) (unique_ptr.h:1105)
               n1: 326472 0x405304: app::App::initialize(app::AppOptions const&) (app.cpp:164)
                n1: 326472 0x402CED: app_main(int, char**)::{lambda()#1}::operator()() const (main.cpp:87)
                 n1: 326472 0x403C20: int std::__invoke_impl<int, app_main(int, char**)::{lambda()#1}&>(std::__invoke_other, app_main(int, char**)::{lambda()#1}&) (invoke.h:63)
                  n1: 326472 0x4039CB: std::enable_if<is_invocable_r_v<int, app_main(int, char**)::{lambda()#1}&>, int>::type std::__invoke_r<int, app_main(int, char**)::{lambda()#1}&>(app_main(int, char**)::{lambda()#1}&) (invoke.h:116)
                   n1: 326472 0x40378A: std::_Function_handler<int (), app_main(int, char**)::{lambda()#1}>::_M_invoke(std::_Any_data const&) (std_function.h:295)
                    n1: 326472 0xC5D4E5: std::function<int ()>::operator()() const (std_function.h:581)
                     n1: 326472 0xC5D547: she::SDL2System::run(std::function<int ()>&&) (she.cpp:723)
                      n1: 326472 0x403361: app_main(int, char**) (main.cpp:73)
                       n0: 326472 0xC5AC2E: main (she.cpp:993)
        n0: 204872 in 1 place, below massif's threshold (1.00%)
      n0: 16456 in 1 place, below massif's threshold (1.00%)
     n0: 0 in 1 place, below massif's threshold (1.00%)
 n0: 3805204 in 1450 places, all below massif's threshold (1.00%)
 n1: 2347264 0x8752FC3: real_calloc (SDL_malloc.c:6335)
  n1: 2347264 0x8752FC3: SDL_calloc_REAL (SDL_malloc.c:6478)
   n1: 2347264 0x8752FC3: GL_CreateTexture (SDL_render_gl.c:601)
    n1: 2347264 0x873B0DE: SDL_CreateTextureWithProperties_REAL (SDL_render.c:1574)
     n1: 2347264 0x4EA36E3: SDL_CreateTexture_REAL (sdl2_compat.c:6698)
      n1: 2347264 0xC590AF: she::SDL2Surface::getTexture(SDL_Rect const*) (sdl2_surface.cpp:535)
       n1: 2347264 0xC375EA: she::SDL2Display::flip(gfx::RectT<int> const&) (sdl2_display.cpp:272)
        n1: 2347264 0xC5C935: she::SDL2EventQueue::forceFlip() (she.cpp:331)
         n2: 2347264 0xC6267D: she::SDL2EventQueue::getEventInternal(she::Event&, bool) (she.cpp:393)
          n1: 2347264 0xC6394A: she::SDL2EventQueue::refresh() (she.cpp:347)
           n1: 2347264 0xC63A15: she::SDL2System::refresh() (she.cpp:789)
            n1: 2347264 0xC63C03: she::SDL2System::sleep() (she.cpp:697)
             n1: 2347264 0xC9187E: ui::MessageLoop::pumpMessages() (message_loop.cpp:30)
              n1: 2347264 0xC8321E: ui::Manager::run() (manager.cpp:172)
               n1: 2347264 0x40C798: app::App::run() (app.cpp:664)
                n1: 2347264 0x402D7D: app_main(int, char**)::{lambda()#1}::operator()() const (main.cpp:92)
                 n1: 2347264 0x403C20: int std::__invoke_impl<int, app_main(int, char**)::{lambda()#1}&>(std::__invoke_other, app_main(int, char**)::{lambda()#1}&) (invoke.h:63)
                  n1: 2347264 0x4039CB: std::enable_if<is_invocable_r_v<int, app_main(int, char**)::{lambda()#1}&>, int>::type std::__invoke_r<int, app_main(int, char**)::{lambda()#1}&>(app_main(int, char**)::{lambda()#1}&) (invoke.h:116)
                   n1: 2347264 0x40378A: std::_Function_handler<int (), app_main(int, char**)::{lambda()#1}>::_M_invoke(std::_Any_data const&) (std_function.h:295)
                    n1: 2347264 0xC5D4E5: std::function<int ()>::operator()() const (std_function.h:581)
                     n1: 2347264 0xC5D547: she::SDL2System::run(std::function<int ()>&&) (she.cpp:723)
                      n1: 2347264 0x403361: app_main(int, char**) (main.cpp:73)
                       n0: 2347264 0xC5AC2E: main (she.cpp:993)
          n0: 0 in 1 place, below massif's threshold (1.00%)
 n1: 843472 0x17D62C8D: ???
  n1: 843472 0x17D73C10: ???
   n1: 843472 0x17CE02D6: ???
    n1: 843472 0x17CE4438: ???
     n1: 843472 0x17BECA0E: ???
      n1: 843472 0x17BDF119: ???
       n1: 843472 0x87E6D30: SDL_EGL_CreateContext (SDL_egl.c:1105)
        n1: 843472 0x8878F2D: Wayland_GLES_CreateContext (SDL_waylandopengles.c:60)
         n1: 843472 0x880E9F4: SDL_GL_CreateContext_REAL (SDL_video.c:5432)
          n1: 843472 0x8756277: GL_CreateRenderer.lto_priv.0 (SDL_render_gl.c:1847)
           n1: 843472 0x873E292: SDL_CreateRendererWithProperties_REAL (SDL_render.c:1142)
            n1: 843472 0x873E576: SDL_CreateRenderer_REAL (SDL_render.c:1287)
             n1: 843472 0x4EA2628: SDL_CreateRenderer_REAL (sdl2_compat.c:5986)
              n1: 843472 0xC39255: she::SDL2Display::SDL2Display(int, int, int)::{lambda()#1}::operator()() const (sdl2_display.cpp:83)
               n1: 843472 0xC39389: __invoke_impl<void, she::SDL2Display::SDL2Display(int, int, int)::<lambda()>&> (invoke.h:63)
                n1: 843472 0xC39389: __invoke_r<void, she::SDL2Display::SDL2Display(int, int, int)::<lambda()>&> (invoke.h:113)
                 n1: 843472 0xC39389: std::_Function_handler<void (), she::SDL2Display::SDL2Display(int, int, int)::{lambda()#1}>::_M_invoke(std::_Any_data const&) (std_function.h:295)
                  n1: 843472 0x421E25: std::function<void ()>::operator()() const (std_function.h:581)
                   n1: 843472 0xC60013: she::SDL2System::gfx(std::function<void ()>&&, bool) (she.cpp:680)
                    n1: 843472 0xC38110: she::SDL2Display::SDL2Display(int, int, int) (sdl2_display.cpp:73)
                     n1: 843472 0xC5C3B6: she::SDL2System::createDisplay(int, int, int) (she.cpp:872)
                      n1: 843472 0x690189: app::create_main_display(bool, bool&, std::__cxx11::basic_string<char, std::char_traits<char>, std::allocator<char> >&) (gui.cpp:112)
                       n1: 843472 0x690A8C: app::init_module_gui() (gui.cpp:164)
                        n1: 843472 0x6894AC: app::LegacyModules::LegacyModules(int) (modules.cpp:47)
                         n1: 843472 0x4164B3: std::__detail::_MakeUniq<app::LegacyModules>::__single_object std::make_unique<app::LegacyModules, int>(int&&) (unique_ptr.h:1105)
                          n1: 843472 0x405304: app::App::initialize(app::AppOptions const&) (app.cpp:164)
                           n1: 843472 0x402CED: app_main(int, char**)::{lambda()#1}::operator()() const (main.cpp:87)
                            n1: 843472 0x403C20: int std::__invoke_impl<int, app_main(int, char**)::{lambda()#1}&>(std::__invoke_other, app_main(int, char**)::{lambda()#1}&) (invoke.h:63)
                             n1: 843472 0x4039CB: std::enable_if<is_invocable_r_v<int, app_main(int, char**)::{lambda()#1}&>, int>::type std::__invoke_r<int, app_main(int, char**)::{lambda()#1}&>(app_main(int, char**)::{lambda()#1}&) (invoke.h:116)
                              n1: 843472 0x40378A: std::_Function_handler<int (), app_main(int, char**)::{lambda()#1}>::_M_invoke(std::_Any_data const&) (std_function.h:295)
                               n1: 843472 0xC5D4E5: std::function<int ()>::operator()() const (std_function.h:581)
                                n0: 843472 0xC5D547: she::SDL2System::run(std::function<int ()>&&) (she.cpp:723)
 n1: 837442 0x4404C0: std::__new_allocator<unsigned char>::allocate(unsigned long, void const*) (new_allocator.h:162)
  n1: 837442 0x43A818: allocate (allocator.h:206)
   n1: 837442 0x43A818: allocate (alloc_traits.h:638)
    n2: 837442 0x43A818: std::_Vector_base<unsigned char, std::allocator<unsigned char> >::_M_allocate(unsigned long) (stl_vector.h:389)
     n1: 806412 0x464EA4: std::vector<unsigned char, std::allocator<unsigned char> >::_M_default_append(unsigned long) (vector.tcc:857)
      n1: 806412 0x464730: std::vector<unsigned char, std::allocator<unsigned char> >::resize(unsigned long) (stl_vector.h:1136)
       n1: 806412 0xBB1B81: doc::ImageBuffer::resizeIfNecessary(unsigned long) (image_buffer.h:27)
        n1: 806412 0xBB2C6C: doc::ImageImpl<doc::RgbTraits>::ImageImpl(int, int, base::SharedPtr<doc::ImageBuffer> const&) (image_impl.h:68)
         n2: 806412 0xBB15D3: doc::Image::create(doc::PixelFormat, int, int, base::SharedPtr<doc::ImageBuffer> const&) (image.cpp:55)
          n1: 724800 0x919E03: app::Editor::drawOneSpriteUnclippedRect(ui::Graphics*, gfx::RectT<int> const&, int, int) (editor.cpp:471)
           n1: 724800 0x91B32D: app::Editor::drawSpriteUnclippedRect(ui::Graphics*, gfx::RectT<int> const&) (editor.cpp:566)
            n1: 724800 0x923366: app::Editor::onPaint(ui::PaintEvent&) (editor.cpp:1389)
             n1: 724800 0xCA792D: ui::Widget::paintEvent(ui::Graphics*) (widget.cpp:1054)
              n1: 724800 0xCA7BDE: ui::Widget::onProcessMessage(ui::Message*) (widget.cpp:1354)
               n1: 724800 0x922C04: app::Editor::onProcessMessage(ui::Message*) (editor.cpp:1346)
                n1: 724800 0x90C5CE: app::AppEditor::onProcessMessage(ui::Message*) (document_view.cpp:130)
                 n1: 724800 0xCA20B6: ui::Widget::sendMessage(ui::Message*) (widget.cpp:1156)
                  n1: 724800 0xC84B2A: ui::Manager::pumpQueue() (manager.cpp:1334)
                   n1: 724800 0xC84CA0: ui::Manager::dispatchMessages() (manager.cpp:604)
                    n1: 724800 0xC91849: ui::MessageLoop::pumpMessages() (message_loop.cpp:26)
                     n1: 724800 0xC8321E: ui::Manager::run() (manager.cpp:172)
                      n1: 724800 0x40C798: app::App::run() (app.cpp:664)
                       n1: 724800 0x402D7D: app_main(int, char**)::{lambda()#1}::operator()() const (main.cpp:92)
                        n1: 724800 0x403C20: int std::__invoke_impl<int, app_main(int, char**)::{lambda()#1}&>(std::__invoke_other, app_main(int, char**)::{lambda()#1}&) (invoke.h:63)
                         n1: 724800 0x4039CB: std::enable_if<is_invocable_r_v<int, app_main(int, char**)::{lambda()#1}&>, int>::type std::__invoke_r<int, app_main(int, char**)::{lambda()#1}&>(app_main(int, char**)::{lambda()#1}&) (invoke.h:116)
                          n1: 724800 0x40378A: std::_Function_handler<int (), app_main(int, char**)::{lambda()#1}>::_M_invoke(std::_Any_data const&) (std_function.h:295)
                           n1: 724800 0xC5D4E5: std::function<int ()>::operator()() const (std_function.h:581)
                            n1: 724800 0xC5D547: she::SDL2System::run(std::function<int ()>&&) (she.cpp:723)
                             n1: 724800 0x403361: app_main(int, char**) (main.cpp:73)
                              n0: 724800 0xC5AC2E: main (she.cpp:993)
          n0: 81612 in 3 places, all below massif's threshold (1.00%)
     n0: 31030 in 1 place, below massif's threshold (1.00%)
 n1: 271576 0x17FEBDB5: ???
  n1: 271576 0x17ED3A8B: ???
   n1: 271576 0x17D62CED: ???
    n1: 271576 0x17D73C10: ???
     n1: 271576 0x17CE02D6: ???
      n1: 271576 0x17CE4438: ???
       n1: 271576 0x17BECA0E: ???
        n1: 271576 0x17BDF119: ???
         n1: 271576 0x87E6D30: SDL_EGL_CreateContext (SDL_egl.c:1105)
          n1: 271576 0x8878F2D: Wayland_GLES_CreateContext (SDL_waylandopengles.c:60)
           n1: 271576 0x880E9F4: SDL_GL_CreateContext_REAL (SDL_video.c:5432)
            n1: 271576 0x8756277: GL_CreateRenderer.lto_priv.0 (SDL_render_gl.c:1847)
             n1: 271576 0x873E292: SDL_CreateRendererWithProperties_REAL (SDL_render.c:1142)
              n1: 271576 0x873E576: SDL_CreateRenderer_REAL (SDL_render.c:1287)
               n1: 271576 0x4EA2628: SDL_CreateRenderer_REAL (sdl2_compat.c:5986)
                n1: 271576 0xC39255: she::SDL2Display::SDL2Display(int, int, int)::{lambda()#1}::operator()() const (sdl2_display.cpp:83)
                 n1: 271576 0xC39389: __invoke_impl<void, she::SDL2Display::SDL2Display(int, int, int)::<lambda()>&> (invoke.h:63)
                  n1: 271576 0xC39389: __invoke_r<void, she::SDL2Display::SDL2Display(int, int, int)::<lambda()>&> (invoke.h:113)
                   n1: 271576 0xC39389: std::_Function_handler<void (), she::SDL2Display::SDL2Display(int, int, int)::{lambda()#1}>::_M_invoke(std::_Any_data const&) (std_function.h:295)
                    n1: 271576 0x421E25: std::function<void ()>::operator()() const (std_function.h:581)
                     n1: 271576 0xC60013: she::SDL2System::gfx(std::function<void ()>&&, bool) (she.cpp:680)
                      n1: 271576 0xC38110: she::SDL2Display::SDL2Display(int, int, int) (sdl2_display.cpp:73)
                       n1: 271576 0xC5C3B6: she::SDL2System::createDisplay(int, int, int) (she.cpp:872)
                        n1: 271576 0x690189: app::create_main_display(bool, bool&, std::__cxx11::basic_string<char, std::char_traits<char>, std::allocator<char> >&) (gui.cpp:112)
                         n1: 271576 0x690A8C: app::init_module_gui() (gui.cpp:164)
                          n1: 271576 0x6894AC: app::LegacyModules::LegacyModules(int) (modules.cpp:47)
                           n1: 271576 0x4164B3: std::__detail::_MakeUniq<app::LegacyModules>::__single_object std::make_unique<app::LegacyModules, int>(int&&) (unique_ptr.h:1105)
                            n1: 271576 0x405304: app::App::initialize(app::AppOptions const&) (app.cpp:164)
                             n1: 271576 0x402CED: app_main(int, char**)::{lambda()#1}::operator()() const (main.cpp:87)
                              n1: 271576 0x403C20: int std::__invoke_impl<int, app_main(int, char**)::{lambda()#1}&>(std::__invoke_other, app_main(int, char**)::{lambda()#1}&) (invoke.h:63)
                               n1: 271576 0x4039CB: std::enable_if<is_invocable_r_v<int, app_main(int, char**)::{lambda()#1}&>, int>::type std::__invoke_r<int, app_main(int, char**)::{lambda()#1}&>(app_main(int, char**)::{lambda()#1}&) (invoke.h:116)
                                n0: 271576 0x40378A: std::_Function_handler<int (), app_main(int, char**)::{lambda()#1}>::_M_invoke(std::_Any_data const&) (std_function.h:295)
 n1: 240944 0x87F71DB: real_malloc (SDL_malloc.c:6334)
  n1: 240944 0x87F71DB: SDL_malloc_REAL (SDL_malloc.c:6459)
   n2: 240944 0x87F71DB: SDL_CreateSurface_REAL (SDL_surface.c:221)
    n1: 238280 0x4EA9154: SDL_CreateRGBSurfaceWithFormat_REAL (sdl2_compat.c:4435)
     n1: 238280 0xC57528: she::SDL2Surface::applyScale(int) (sdl2_surface.cpp:168)
      n1: 238280 0x9EB15C: app::skin::SkinTheme::sliceSheet(she::Surface*, gfx::RectT<int> const&) (skin_theme.cpp:859)
       n0: 238280 in 11 places, all below massif's threshold (1.00%)
    n0: 2664 in 3 places, all below massif's threshold (1.00%)
#-----------
snapshot=32
#-----------
time=4436256402
mem_heap_B=22214179
mem_heap_extra_B=799757
mem_stacks_B=0
heap_tree=empty
#-----------
snapshot=33
#-----------
time=4556600078
mem_heap_B=22208998
mem_heap_extra_B=799586
mem_stacks_B=0
heap_tree=empty
#-----------
snapshot=34
#-----------
time=4676447777
mem_heap_B=22209134
mem_heap_extra_B=799562
mem_stacks_B=0
heap_tree=empty
#-----------
snapshot=35
#-----------
time=4856154072
mem_heap_B=22208814
mem_heap_extra_B=799514
mem_stacks_B=0
heap_tree=detailed
n8: 22208814 (heap allocation functions) malloc/new/new[], --alloc-fns, etc.
 n3: 9651888 0x181DDF1C: ???
  n2: 5730464 0x181DF139: ???
   n0: 5328032 in 375 places, all below massif's threshold (1.00%)
   n1: 402432 0x18068FE1: ???
    n0: 402432 in 29 places, all below massif's threshold (1.00%)
  n2: 3372560 0x181DEB02: ???
   n4: 3306928 0x181DEC14: ???
    n3: 1636576 0x182425A1: ???
     n1: 753296 0x18243E2A: ???
      n1: 753296 0x182FCEFC: ???
       n1: 753296 0x182FDD39: ???
        n2: 753296 0x182FE09B: ???
         n1: 425776 0x17D816B9: ???
          n1: 425776 0x17D82608: ???
           n1: 425776 0x17D82D64: ???
            n1: 425776 0x17D8444B: ???
             n1: 425776 0x17D845CC: ???
              n1: 425776 0x1802FD0D: ???
               n1: 425776 0x17FE8D96: ???
                n1: 425776 0x8756CB2: CompileShaderProgram (SDL_shaders_gl.c:587)
                 n1: 425776 0x8756CB2: GL_CreateShaderContext (SDL_shaders_gl.c:685)
                  n1: 425776 0x8756CB2: GL_CreateRenderer.lto_priv.0 (SDL_render_gl.c:1947)
                   n1: 425776 0x873E292: SDL_CreateRendererWithProperties_REAL (SDL_render.c:1142)
                    n1: 425776 0x873E576: SDL_CreateRenderer_REAL (SDL_render.c:1287)
                     n1: 425776 0x4EA2628: SDL_CreateRenderer_REAL (sdl2_compat.c:5986)
                      n1: 425776 0xC39255: she::SDL2Display::SDL2Display(int, int, int)::{lambda()#1}::operator()() const (sdl2_display.cpp:83)
                       n1: 425776 0xC39389: __invoke_impl<void, she::SDL2Display::SDL2Display(int, int, int)::<lambda()>&> (invoke.h:63)
                        n1: 425776 0xC39389: __invoke_r<void, she::SDL2Display::SDL2Display(int, int, int)::<lambda()>&> (invoke.h:113)
                         n1: 425776 0xC39389: std::_Function_handler<void (), she::SDL2Display::SDL2Display(int, int, int)::{lambda()#1}>::_M_invoke(std::_Any_data const&) (std_function.h:295)
                          n1: 425776 0x421E25: std::function<void ()>::operator()() const (std_function.h:581)
                           n1: 425776 0xC60013: she::SDL2System::gfx(std::function<void ()>&&, bool) (she.cpp:680)
                            n1: 425776 0xC38110: she::SDL2Display::SDL2Display(int, int, int) (sdl2_display.cpp:73)
                             n1: 425776 0xC5C3B6: she::SDL2System::createDisplay(int, int, int) (she.cpp:872)
                              n1: 425776 0x690189: app::create_main_display(bool, bool&, std::__cxx11::basic_string<char, std::char_traits<char>, std::allocator<char> >&) (gui.cpp:112)
                               n1: 425776 0x690A8C: app::init_module_gui() (gui.cpp:164)
                                n1: 425776 0x6894AC: app::LegacyModules::LegacyModules(int) (modules.cpp:47)
                                 n1: 425776 0x4164B3: std::__detail::_MakeUniq<app::LegacyModules>::__single_object std::make_unique<app::LegacyModules, int>(int&&) (unique_ptr.h:1105)
                                  n0: 425776 0x405304: app::App::initialize(app::AppOptions const&) (app.cpp:164)
         n1: 327520 0x17D823C6: ???
          n1: 327520 0x17D82836: ???
           n1: 327520 0x17D82E94: ???
            n1: 327520 0x17D8444B: ???
             n1: 327520 0x17D845CC: ???
              n1: 327520 0x1802FD0D: ???
               n1: 327520 0x17FE8D96: ???
                n1: 327520 0x8756CB2: CompileShaderProgram (SDL_shaders_gl.c:587)
                 n1: 327520 0x8756CB2: GL_CreateShaderContext (SDL_shaders_gl.c:685)
                  n1: 327520 0x8756CB2: GL_CreateRenderer.lto_priv.0 (SDL_render_gl.c:1947)
                   n1: 327520 0x873E292: SDL_CreateRendererWithProperties_REAL (SDL_render.c:1142)
                    n1: 327520 0x873E576: SDL_CreateRenderer_REAL (SDL_render.c:1287)
                     n1: 327520 0x4EA2628: SDL_CreateRenderer_REAL (sdl2_compat.c:5986)
                      n1: 327520 0xC39255: she::SDL2Display::SDL2Display(int, int, int)::{lambda()#1}::operator()() const (sdl2_display.cpp:83)
                       n1: 327520 0xC39389: __invoke_impl<void, she::SDL2Display::SDL2Display(int, int, int)::<lambda()>&> (invoke.h:63)
                        n1: 327520 0xC39389: __invoke_r<void, she::SDL2Display::SDL2Display(int, int, int)::<lambda()>&> (invoke.h:113)
                         n1: 327520 0xC39389: std::_Function_handler<void (), she::SDL2Display::SDL2Display(int, int, int)::{lambda()#1}>::_M_invoke(std::_Any_data const&) (std_function.h:295)
                          n1: 327520 0x421E25: std::function<void ()>::operator()() const (std_function.h:581)
                           n1: 327520 0xC60013: she::SDL2System::gfx(std::function<void ()>&&, bool) (she.cpp:680)
                            n1: 327520 0xC38110: she::SDL2Display::SDL2Display(int, int, int) (sdl2_display.cpp:73)
                             n1: 327520 0xC5C3B6: she::SDL2System::createDisplay(int, int, int) (she.cpp:872)
                              n1: 327520 0x690189: app::create_main_display(bool, bool&, std::__cxx11::basic_string<char, std::char_traits<char>, std::allocator<char> >&) (gui.cpp:112)
                               n1: 327520 0x690A8C: app::init_module_gui() (gui.cpp:164)
                                n1: 327520 0x6894AC: app::LegacyModules::LegacyModules(int) (modules.cpp:47)
                                 n1: 327520 0x4164B3: std::__detail::_MakeUniq<app::LegacyModules>::__single_object std::make_unique<app::LegacyModules, int>(int&&) (unique_ptr.h:1105)
                                  n0: 327520 0x405304: app::App::initialize(app::AppOptions const&) (app.cpp:164)
     n2: 457504 0x18243C98: ???
      n1: 457504 0x182FCC9D: ???
       n1: 457504 0x182FDD39: ???
        n2: 457504 0x182FE09B: ???
         n1: 457504 0x17D823C6: ???
          n1: 457504 0x17D82836: ???
           n1: 457504 0x17D82E94: ???
            n1: 457504 0x17D8444B: ???
             n1: 457504 0x17D845CC: ???
              n1: 457504 0x1802FD0D: ???
               n1: 457504 0x17FE8D96: ???
                n1: 457504 0x8756CB2: CompileShaderProgram (SDL_shaders_gl.c:587)
                 n1: 457504 0x8756CB2: GL_CreateShaderContext (SDL_shaders_gl.c:685)
                  n1: 457504 0x8756CB2: GL_CreateRenderer.lto_priv.0 (SDL_render_gl.c:1947)
                   n1: 457504 0x873E292: SDL_CreateRendererWithProperties_REAL (SDL_render.c:1142)
                    n1: 457504 0x873E576: SDL_CreateRenderer_REAL (SDL_render.c:1287)
                     n1: 457504 0x4EA2628: SDL_CreateRenderer_REAL (sdl2_compat.c:5986)
                      n1: 457504 0xC39255: she::SDL2Display::SDL2Display(int, int, int)::{lambda()#1}::operator()() const (sdl2_display.cpp:83)
                       n1: 457504 0xC39389: __invoke_impl<void, she::SDL2Display::SDL2Display(int, int, int)::<lambda()>&> (invoke.h:63)
                        n1: 457504 0xC39389: __invoke_r<void, she::SDL2Display::SDL2Display(int, int, int)::<lambda()>&> (invoke.h:113)
                         n1: 457504 0xC39389: std::_Function_handler<void (), she::SDL2Display::SDL2Display(int, int, int)::{lambda()#1}>::_M_invoke(std::_Any_data const&) (std_function.h:295)
                          n1: 457504 0x421E25: std::function<void ()>::operator()() const (std_function.h:581)
                           n1: 457504 0xC60013: she::SDL2System::gfx(std::function<void ()>&&, bool) (she.cpp:680)
                            n1: 457504 0xC38110: she::SDL2Display::SDL2Display(int, int, int) (sdl2_display.cpp:73)
                             n1: 457504 0xC5C3B6: she::SDL2System::createDisplay(int, int, int) (she.cpp:872)
                              n1: 457504 0x690189: app::create_main_display(bool, bool&, std::__cxx11::basic_string<char, std::char_traits<char>, std::allocator<char> >&) (gui.cpp:112)
                               n1: 457504 0x690A8C: app::init_module_gui() (gui.cpp:164)
                                n1: 457504 0x6894AC: app::LegacyModules::LegacyModules(int) (modules.cpp:47)
                                 n1: 457504 0x4164B3: std::__detail::_MakeUniq<app::LegacyModules>::__single_object std::make_unique<app::LegacyModules, int>(int&&) (unique_ptr.h:1105)
                                  n0: 457504 0x405304: app::App::initialize(app::AppOptions const&) (app.cpp:164)
         n0: 0 in 1 place, below massif's threshold (1.00%)
      n0: 0 in 2 places, all below massif's threshold (1.00%)
     n2: 425776 0x18243EBD: ???
      n1: 425776 0x182FCFBE: ???
       n1: 425776 0x182FDD39: ???
        n1: 425776 0x182FE09B: ???
         n1: 425776 0x17D823C6: ???
          n1: 425776 0x17D82836: ???
           n1: 425776 0x17D82E94: ???
            n1: 425776 0x17D8444B: ???
             n1: 425776 0x17D845CC: ???
              n1: 425776 0x1802FD0D: ???
               n1: 425776 0x17FE8D96: ???
                n1: 425776 0x8756CB2: CompileShaderProgram (SDL_shaders_gl.c:587)
                 n1: 425776 0x8756CB2: GL_CreateShaderContext (SDL_shaders_gl.c:685)
                  n1: 425776 0x8756CB2: GL_CreateRenderer.lto_priv.0 (SDL_render_gl.c:1947)
                   n1: 425776 0x873E292: SDL_CreateRendererWithProperties_REAL (SDL_render.c:1142)
                    n1: 425776 0x873E576: SDL_CreateRenderer_REAL (SDL_render.c:1287)
                     n1: 425776 0x4EA2628: SDL_CreateRenderer_REAL (sdl2_compat.c:5986)
                      n1: 425776 0xC39255: she::SDL2Display::SDL2Display(int, int, int)::{lambda()#1}::operator()() const (sdl2_display.cpp:83)
                       n1: 425776 0xC39389: __invoke_impl<void, she::SDL2Display::SDL2Display(int, int, int)::<lambda()>&> (invoke.h:63)
                        n1: 425776 0xC39389: __invoke_r<void, she::SDL2Display::SDL2Display(int, int, int)::<lambda()>&> (invoke.h:113)
                         n1: 425776 0xC39389: std::_Function_handler<void (), she::SDL2Display::SDL2Display(int, int, int)::{lambda()#1}>::_M_invoke(std::_Any_data const&) (std_function.h:295)
                          n1: 425776 0x421E25: std::function<void ()>::operator()() const (std_function.h:581)
                           n1: 425776 0xC60013: she::SDL2System::gfx(std::function<void ()>&&, bool) (she.cpp:680)
                            n1: 425776 0xC38110: she::SDL2Display::SDL2Display(int, int, int) (sdl2_display.cpp:73)
                             n1: 425776 0xC5C3B6: she::SDL2System::createDisplay(int, int, int) (she.cpp:872)
                              n1: 425776 0x690189: app::create_main_display(bool, bool&, std::__cxx11::basic_string<char, std::char_traits<char>, std::allocator<char> >&) (gui.cpp:112)
                               n1: 425776 0x690A8C: app::init_module_gui() (gui.cpp:164)
                                n1: 425776 0x6894AC: app::LegacyModules::LegacyModules(int) (modules.cpp:47)
                                 n1: 425776 0x4164B3: std::__detail::_MakeUniq<app::LegacyModules>::__single_object std::make_unique<app::LegacyModules, int>(int&&) (unique_ptr.h:1105)
                                  n0: 425776 0x405304: app::App::initialize(app::AppOptions const&) (app.cpp:164)
      n0: 0 in 1 place, below massif's threshold (1.00%)
    n2: 851552 0x18243D84: ???
     n1: 818800 0x182FCB49: ???
      n1: 818800 0x182FDD39: ???
       n2: 818800 0x182FE09B: ???
        n1: 425776 0x17D816B9: ???
         n1: 425776 0x17D82608: ???
          n1: 425776 0x17D82D64: ???
           n1: 425776 0x17D8444B: ???
            n1: 425776 0x17D845CC: ???
             n1: 425776 0x1802FD0D: ???
              n1: 425776 0x17FE8D96: ???
               n1: 425776 0x8756CB2: CompileShaderProgram (SDL_shaders_gl.c:587)
                n1: 425776 0x8756CB2: GL_CreateShaderContext (SDL_shaders_gl.c:685)
                 n1: 425776 0x8756CB2: GL_CreateRenderer.lto_priv.0 (SDL_render_gl.c:1947)
                  n1: 425776 0x873E292: SDL_CreateRendererWithProperties_REAL (SDL_render.c:1142)
                   n1: 425776 0x873E576: SDL_CreateRenderer_REAL (SDL_render.c:1287)
                    n1: 425776 0x4EA2628: SDL_CreateRenderer_REAL (sdl2_compat.c:5986)
                     n1: 425776 0xC39255: she::SDL2Display::SDL2Display(int, int, int)::{lambda()#1}::operator()() const (sdl2_display.cpp:83)
                      n1: 425776 0xC39389: __invoke_impl<void, she::SDL2Display::SDL2Display(int, int, int)::<lambda()>&> (invoke.h:63)
                       n1: 425776 0xC39389: __invoke_r<void, she::SDL2Display::SDL2Display(int, int, int)::<lambda()>&> (invoke.h:113)
                        n1: 425776 0xC39389: std::_Function_handler<void (), she::SDL2Display::SDL2Display(int, int, int)::{lambda()#1}>::_M_invoke(std::_Any_data const&) (std_function.h:295)
                         n1: 425776 0x421E25: std::function<void ()>::operator()() const (std_function.h:581)
                          n1: 425776 0xC60013: she::SDL2System::gfx(std::function<void ()>&&, bool) (she.cpp:680)
                           n1: 425776 0xC38110: she::SDL2Display::SDL2Display(int, int, int) (sdl2_display.cpp:73)
                            n1: 425776 0xC5C3B6: she::SDL2System::createDisplay(int, int, int) (she.cpp:872)
                             n1: 425776 0x690189: app::create_main_display(bool, bool&, std::__cxx11::basic_string<char, std::char_traits<char>, std::allocator<char> >&) (gui.cpp:112)
                              n1: 425776 0x690A8C: app::init_module_gui() (gui.cpp:164)
                               n1: 425776 0x6894AC: app::LegacyModules::LegacyModules(int) (modules.cpp:47)
                                n1: 425776 0x4164B3: std::__detail::_MakeUniq<app::LegacyModules>::__single_object std::make_unique<app::LegacyModules, int>(int&&) (unique_ptr.h:1105)
                                 n1: 425776 0x405304: app::App::initialize(app::AppOptions const&) (app.cpp:164)
                                  n0: 425776 0x402CED: app_main(int, char**)::{lambda()#1}::operator()() const (main.cpp:87)
        n1: 393024 0x17D823C6: ???
         n1: 393024 0x17D82836: ???
          n1: 393024 0x17D82E94: ???
           n1: 393024 0x17D8444B: ???
            n1: 393024 0x17D845CC: ???
             n1: 393024 0x1802FD0D: ???
              n1: 393024 0x17FE8D96: ???
               n1: 393024 0x8756CB2: CompileShaderProgram (SDL_shaders_gl.c:587)
                n1: 393024 0x8756CB2: GL_CreateShaderContext (SDL_shaders_gl.c:685)
                 n1: 393024 0x8756CB2: GL_CreateRenderer.lto_priv.0 (SDL_render_gl.c:1947)
                  n1: 393024 0x873E292: SDL_CreateRendererWithProperties_REAL (SDL_render.c:1142)
                   n1: 393024 0x873E576: SDL_CreateRenderer_REAL (SDL_render.c:1287)
                    n1: 393024 0x4EA2628: SDL_CreateRenderer_REAL (sdl2_compat.c:5986)
                     n1: 393024 0xC39255: she::SDL2Display::SDL2Display(int, int, int)::{lambda()#1}::operator()() const (sdl2_display.cpp:83)
                      n1: 393024 0xC39389: __invoke_impl<void, she::SDL2Display::SDL2Display(int, int, int)::<lambda()>&> (invoke.h:63)
                       n1: 393024 0xC39389: __invoke_r<void, she::SDL2Display::SDL2Display(int, int, int)::<lambda()>&> (invoke.h:113)
                        n1: 393024 0xC39389: std::_Function_handler<void (), she::SDL2Display::SDL2Display(int, int, int)::{lambda()#1}>::_M_invoke(std::_Any_data const&) (std_function.h:295)
                         n1: 393024 0x421E25: std::function<void ()>::operator()() const (std_function.h:581)
                          n1: 393024 0xC60013: she::SDL2System::gfx(std::function<void ()>&&, bool) (she.cpp:680)
                           n1: 393024 0xC38110: she::SDL2Display::SDL2Display(int, int, int) (sdl2_display.cpp:73)
                            n1: 393024 0xC5C3B6: she::SDL2System::createDisplay(int, int, int) (she.cpp:872)
                             n1: 393024 0x690189: app::create_main_display(bool, bool&, std::__cxx11::basic_string<char, std::char_traits<char>, std::allocator<char> >&) (gui.cpp:112)
                              n1: 393024 0x690A8C: app::init_module_gui() (gui.cpp:164)
                               n1: 393024 0x6894AC: app::LegacyModules::LegacyModules(int) (modules.cpp:47)
                                n1: 393024 0x4164B3: std::__detail::_MakeUniq<app::LegacyModules>::__single_object std::make_unique<app::LegacyModules, int>(int&&) (unique_ptr.h:1105)
                                 n1: 393024 0x405304: app::App::initialize(app::AppOptions const&) (app.cpp:164)
                                  n0: 393024 0x402CED: app_main(int, char**)::{lambda()#1}::operator()() const (main.cpp:87)
     n0: 32752 in 3 places, all below massif's threshold (1.00%)
    n1: 818800 0x182FADA5: ???
     n2: 818800 0x182FDFCF: ???
      n1: 425776 0x17D816B9: ???
       n1: 425776 0x17D82608: ???
        n1: 425776 0x17D82D64: ???
         n1: 425776 0x17D8444B: ???
          n1: 425776 0x17D845CC: ???
           n1: 425776 0x1802FD0D: ???
            n1: 425776 0x17FE8D96: ???
             n1: 425776 0x8756CB2: CompileShaderProgram (SDL_shaders_gl.c:587)
              n1: 425776 0x8756CB2: GL_CreateShaderContext (SDL_shaders_gl.c:685)
               n1: 425776 0x8756CB2: GL_CreateRenderer.lto_priv.0 (SDL_render_gl.c:1947)
                n1: 425776 0x873E292: SDL_CreateRendererWithProperties_REAL (SDL_render.c:1142)
                 n1: 425776 0x873E576: SDL_CreateRenderer_REAL (SDL_render.c:1287)
                  n1: 425776 0x4EA2628: SDL_CreateRenderer_REAL (sdl2_compat.c:5986)
                   n1: 425776 0xC39255: she::SDL2Display::SDL2Display(int, int, int)::{lambda()#1}::operator()() const (sdl2_display.cpp:83)
                    n1: 425776 0xC39389: __invoke_impl<void, she::SDL2Display::SDL2Display(int, int, int)::<lambda()>&> (invoke.h:63)
                     n1: 425776 0xC39389: __invoke_r<void, she::SDL2Display::SDL2Display(int, int, int)::<lambda()>&> (invoke.h:113)
                      n1: 425776 0xC39389: std::_Function_handler<void (), she::SDL2Display::SDL2Display(int, int, int)::{lambda()#1}>::_M_invoke(std::_Any_data const&) (std_function.h:295)
                       n1: 425776 0x421E25: std::function<void ()>::operator()() const (std_function.h:581)
                        n1: 425776 0xC60013: she::SDL2System::gfx(std::function<void ()>&&, bool) (she.cpp:680)
                         n1: 425776 0xC38110: she::SDL2Display::SDL2Display(int, int, int) (sdl2_display.cpp:73)
                          n1: 425776 0xC5C3B6: she::SDL2System::createDisplay(int, int, int) (she.cpp:872)
                           n1: 425776 0x690189: app::create_main_display(bool, bool&, std::__cxx11::basic_string<char, std::char_traits<char>, std::allocator<char> >&) (gui.cpp:112)
                            n1: 425776 0x690A8C: app::init_module_gui() (gui.cpp:164)
                             n1: 425776 0x6894AC: app::LegacyModules::LegacyModules(int) (modules.cpp:47)
                              n1: 425776 0x4164B3: std::__detail::_MakeUniq<app::LegacyModules>::__single_object std::make_unique<app::LegacyModules, int>(int&&) (unique_ptr.h:1105)
                               n1: 425776 0x405304: app::App::initialize(app::AppOptions const&) (app.cpp:164)
                                n1: 425776 0x402CED: app_main(int, char**)::{lambda()#1}::operator()() const (main.cpp:87)
                                 n1: 425776 0x403C20: int std::__invoke_impl<int, app_main(int, char**)::{lambda()#1}&>(std::__invoke_other, app_main(int, char**)::{lambda()#1}&) (invoke.h:63)
                                  n0: 425776 0x4039CB: std::enable_if<is_invocable_r_v<int, app_main(int, char**)::{lambda()#1}&>, int>::type std::__invoke_r<int, app_main(int, char**)::{lambda()#1}&>(app_main(int, char**)::{lambda()#1}&) (invoke.h:116)
      n1: 393024 0x17D823C6: ???
       n1: 393024 0x17D82836: ???
        n1: 393024 0x17D82E94: ???
         n1: 393024 0x17D8444B: ???
          n1: 393024 0x17D845CC: ???
           n1: 393024 0x1802FD0D: ???
            n1: 393024 0x17FE8D96: ???
             n1: 393024 0x8756CB2: CompileShaderProgram (SDL_shaders_gl.c:587)
              n1: 393024 0x8756CB2: GL_CreateShaderContext (SDL_shaders_gl.c:685)
               n1: 393024 0x8756CB2: GL_CreateRenderer.lto_priv.0 (SDL_render_gl.c:1947)
                n1: 393024 0x873E292: SDL_CreateRendererWithProperties_REAL (SDL_render.c:1142)
                 n1: 393024 0x873E576: SDL_CreateRenderer_REAL (SDL_render.c:1287)
                  n1: 393024 0x4EA2628: SDL_CreateRenderer_REAL (sdl2_compat.c:5986)
                   n1: 393024 0xC39255: she::SDL2Display::SDL2Display(int, int, int)::{lambda()#1}::operator()() const (sdl2_display.cpp:83)
                    n1: 393024 0xC39389: __invoke_impl<void, she::SDL2Display::SDL2Display(int, int, int)::<lambda()>&> (invoke.h:63)
                     n1: 393024 0xC39389: __invoke_r<void, she::SDL2Display::SDL2Display(int, int, int)::<lambda()>&> (invoke.h:113)
                      n1: 393024 0xC39389: std::_Function_handler<void (), she::SDL2Display::SDL2Display(int, int, int)::{lambda()#1}>::_M_invoke(std::_Any_data const&) (std_function.h:295)
                       n1: 393024 0x421E25: std::function<void ()>::operator()() const (std_function.h:581)
                        n1: 393024 0xC60013: she::SDL2System::gfx(std::function<void ()>&&, bool) (she.cpp:680)
                         n1: 393024 0xC38110: she::SDL2Display::SDL2Display(int, int, int) (sdl2_display.cpp:73)
                          n1: 393024 0xC5C3B6: she::SDL2System::createDisplay(int, int, int) (she.cpp:872)
                           n1: 393024 0x690189: app::create_main_display(bool, bool&, std::__cxx11::basic_string<char, std::char_traits<char>, std::allocator<char> >&) (gui.cpp:112)
                            n1: 393024 0x690A8C: app::init_module_gui() (gui.cpp:164)
                             n1: 393024 0x6894AC: app::LegacyModules::LegacyModules(int) (modules.cpp:47)
                              n1: 393024 0x4164B3: std::__detail::_MakeUniq<app::LegacyModules>::__single_object std::make_unique<app::LegacyModules, int>(int&&) (unique_ptr.h:1105)
                               n1: 393024 0x405304: app::App::initialize(app::AppOptions const&) (app.cpp:164)
                                n1: 393024 0x402CED: app_main(int, char**)::{lambda()#1}::operator()() const (main.cpp:87)
                                 n1: 393024 0x403C20: int std::__invoke_impl<int, app_main(int, char**)::{lambda()#1}&>(std::__invoke_other, app_main(int, char**)::{lambda()#1}&) (invoke.h:63)
                                  n0: 393024 0x4039CB: std::enable_if<is_invocable_r_v<int, app_main(int, char**)::{lambda()#1}&>, int>::type std::__invoke_r<int, app_main(int, char**)::{lambda()#1}&>(app_main(int, char**)::{lambda()#1}&) (invoke.h:116)
    n0: 0 in 2 places, all below massif's threshold (1.00%)
   n0: 65632 in 1 place, below massif's threshold (1.00%)
  n0: 548864 in 69 places, all below massif's threshold (1.00%)
 n1: 4212112 0x878F613: real_malloc (SDL_malloc.c:6334)
  n1: 4212112 0x878F613: SDL_malloc_REAL (SDL_malloc.c:6459)
   n1: 4212112 0x878F613: SDL_aligned_alloc_REAL (SDL_stdlib.c:540)
    n4: 4212112 0x87F73B5: SDL_CreateSurface_REAL (SDL_surface.c:236)
     n2: 2921072 0x4EA9115: SDL_CreateRGBSurface_REAL (sdl2_compat.c:4429)
      n2: 2347336 0xC589DE: she::SDL2Surface::SDL2Surface(int, int, she::SDL2Surface::DestroyFlag) (sdl2_surface.cpp:61)
       n2: 2347336 0xC37D92: she::SDL2Display::recreateSurface() (sdl2_display.cpp:216)
        n2: 2347336 0xC6285F: she::SDL2EventQueue::getEventInternal(she::Event&, bool) (she.cpp:423)
         n1: 2347336 0xC6394A: she::SDL2EventQueue::refresh() (she.cpp:347)
          n1: 2347336 0xC63A15: she::SDL2System::refresh() (she.cpp:789)
           n1: 2347336 0xC63C03: she::SDL2System::sleep() (she.cpp:697)
            n1: 2347336 0xC9187E: ui::MessageLoop::pumpMessages() (message_loop.cpp:30)
             n1: 2347336 0xC8321E: ui::Manager::run() (manager.cpp:172)
              n1: 2347336 0x40C798: app::App::run() (app.cpp:664)
               n1: 2347336 0x402D7D: app_main(int, char**)::{lambda()#1}::operator()() const (main.cpp:92)
                n1: 2347336 0x403C20: int std::__invoke_impl<int, app_main(int, char**)::{lambda()#1}&>(std::__invoke_other, app_main(int, char**)::{lambda()#1}&) (invoke.h:63)
                 n1: 2347336 0x4039CB: std::enable_if<is_invocable_r_v<int, app_main(int, char**)::{lambda()#1}&>, int>::type std::__invoke_r<int, app_main(int, char**)::{lambda()#1}&>(app_main(int, char**)::{lambda()#1}&) (invoke.h:116)
                  n1: 2347336 0x40378A: std::_Function_handler<int (), app_main(int, char**)::{lambda()#1}>::_M_invoke(std::_Any_data const&) (std_function.h:295)
                   n1: 2347336 0xC5D4E5: std::function<int ()>::operator()() const (std_function.h:581)
                    n1: 2347336 0xC5D547: she::SDL2System::run(std::function<int ()>&&) (she.cpp:723)
                     n1: 2347336 0x403361: app_main(int, char**) (main.cpp:73)
                      n0: 2347336 0xC5AC2E: main (she.cpp:993)
         n0: 0 in 1 place, below massif's threshold (1.00%)
        n0: 0 in 1 place, below massif's threshold (1.00%)
       n0: 0 in 1 place, below massif's threshold (1.00%)
      n1: 573736 0xC58DCB: she::SDL2Surface::SDL2Surface(int, int, int, she::SDL2Surface::DestroyFlag) (sdl2_surface.cpp:71)
       n2: 573736 0xC5C262: she::SDL2System::createRgbaSurface(int, int) (she.cpp:880)
        n1: 572872 0x91A9DC: app::Editor::drawOneSpriteUnclippedRect(ui::Graphics*, gfx::RectT<int> const&, int, int) (editor.cpp:533)
         n1: 572872 0x91B32D: app::Editor::drawSpriteUnclippedRect(ui::Graphics*, gfx::RectT<int> const&) (editor.cpp:566)
          n1: 572872 0x923366: app::Editor::onPaint(ui::PaintEvent&) (editor.cpp:1389)
           n1: 572872 0xCA792D: ui::Widget::paintEvent(ui::Graphics*) (widget.cpp:1054)
            n1: 572872 0xCA7BDE: ui::Widget::onProcessMessage(ui::Message*) (widget.cpp:1354)
             n1: 572872 0x922C04: app::Editor::onProcessMessage(ui::Message*) (editor.cpp:1346)
              n1: 572872 0x90C5CE: app::AppEditor::onProcessMessage(ui::Message*) (document_view.cpp:130)
               n1: 572872 0xCA20B6: ui::Widget::sendMessage(ui::Message*) (widget.cpp:1156)
                n1: 572872 0xC84B2A: ui::Manager::pumpQueue() (manager.cpp:1334)
                 n1: 572872 0xC84CA0: ui::Manager::dispatchMessages() (manager.cpp:604)
                  n1: 572872 0xC91849: ui::MessageLoop::pumpMessages() (message_loop.cpp:26)
                   n1: 572872 0xC8321E: ui::Manager::run() (manager.cpp:172)
                    n1: 572872 0x40C798: app::App::run() (app.cpp:664)
                     n1: 572872 0x402D7D: app_main(int, char**)::{lambda()#1}::operator()() const (main.cpp:92)
                      n1: 572872 0x403C20: int std::__invoke_impl<int, app_main(int, char**)::{lambda()#1}&>(std::__invoke_other, app_main(int, char**)::{lambda()#1}&) (invoke.h:63)
                       n1: 572872 0x4039CB: std::enable_if<is_invocable_r_v<int, app_main(int, char**)::{lambda()#1}&>, int>::type std::__invoke_r<int, app_main(int, char**)::{lambda()#1}&>(app_main(int, char**)::{lambda()#1}&) (invoke.h:116)
                        n1: 572872 0x40378A: std::_Function_handler<int (), app_main(int, char**)::{lambda()#1}>::_M_invoke(std::_Any_data const&) (std_function.h:295)
                         n1: 572872 0xC5D4E5: std::function<int ()>::operator()() const (std_function.h:581)
                          n1: 572872 0xC5D547: she::SDL2System::run(std::function<int ()>&&) (she.cpp:723)
                           n1: 572872 0x403361: app_main(int, char**) (main.cpp:73)
                            n0: 572872 0xC5AC2E: main (she.cpp:993)
        n0: 864 in 2 places, all below massif's threshold (1.00%)
     n1: 743240 0x4EA9154: SDL_CreateRGBSurfaceWithFormat_REAL (sdl2_compat.c:4435)
      n1: 743240 0xC57528: she::SDL2Surface::applyScale(int) (sdl2_surface.cpp:168)
       n2: 743240 0x9EB15C: app::skin::SkinTheme::sliceSheet(she::Surface*, gfx::RectT<int> const&) (skin_theme.cpp:859)
        n0: 418848 in 10 places, all below massif's threshold (1.00%)
        n1: 324392 0x9E7745: app::skin::SkinTheme::loadSkinXml(std::__cxx11::basic_string<char, std::char_traits<char>, std::allocator<char> > const&) (skin_theme.cpp:729)
         n1: 324392 0x9DF497: app::skin::SkinTheme::loadXml(std::__cxx11::basic_string<char, std::char_traits<char>, std::allocator<char> > const&) (skin_theme.cpp:325)
          n1: 324392 0x9DBC67: app::skin::SkinTheme::onRegenerate() (skin_theme.cpp:226)
           n1: 324392 0xC9B0A1: ui::Theme::regenerate() (theme.cpp:44)
            n1: 324392 0xC9B113: ui::CurrentTheme::set(ui::Theme*) (theme.cpp:64)
             n1: 324392 0x691160: app::init_module_gui() (gui.cpp:214)
              n1: 324392 0x6894AC: app::LegacyModules::LegacyModules(int) (modules.cpp:47)
               n1: 324392 0x4164B3: std::__detail::_MakeUniq<app::LegacyModules>::__single_object std::make_unique<app::LegacyModules, int>(int&&) (unique_ptr.h:1105)
                n1: 324392 0x405304: app::App::initialize(app::AppOptions const&) (app.cpp:164)
                 n1: 324392 0x402CED: app_main(int, char**)::{lambda()#1}::operator()() const (main.cpp:87)
                  n1: 324392 0x403C20: int std::__invoke_impl<int, app_main(int, char**)::{lambda()#1}&>(std::__invoke_other, app_main(int, char**)::{lambda()#1}&) (invoke.h:63)
                   n1: 324392 0x4039CB: std::enable_if<is_invocable_r_v<int, app_main(int, char**)::{lambda()#1}&>, int>::type std::__invoke_r<int, app_main(int, char**)::{lambda()#1}&>(app_main(int, char**)::{lambda()#1}&) (invoke.h:116)
                    n1: 324392 0x40378A: std::_Function_handler<int (), app_main(int, char**)::{lambda()#1}>::_M_invoke(std::_Any_data const&) (std_function.h:295)
                     n1: 324392 0xC5D4E5: std::function<int ()>::operator()() const (std_function.h:581)
                      n1: 324392 0xC5D547: she::SDL2System::run(std::function<int ()>&&) (she.cpp:723)
                       n1: 324392 0x403361: app_main(int, char**) (main.cpp:73)
                        n0: 324392 0xC5AC2E: main (she.cpp:993)
     n2: 547800 0x880156E: SDL_ConvertSurfaceRectAndColorspace.lto_priv.0 (SDL_surface.c:1930)
      n1: 531344 0x4EA90C3: SDL_ConvertSurfaceFormat_REAL (sdl2_compat.c:4357)
       n2: 531344 0xC5CC59: she::SDL2System::loadRgbaSurface(char const*) (she.cpp:909)
        n1: 326472 0x9DC16E: app::skin::SkinTheme::loadSheet(std::__cxx11::basic_string<char, std::char_traits<char>, std::allocator<char> > const&) (skin_theme.cpp:248)
         n1: 326472 0x9DBC1F: app::skin::SkinTheme::onRegenerate() (skin_theme.cpp:225)
          n1: 326472 0xC9B0A1: ui::Theme::regenerate() (theme.cpp:44)
           n1: 326472 0xC9B113: ui::CurrentTheme::set(ui::Theme*) (theme.cpp:64)
            n1: 326472 0x691160: app::init_module_gui() (gui.cpp:214)
             n1: 326472 0x6894AC: app::LegacyModules::LegacyModules(int) (modules.cpp:47)
              n1: 326472 0x4164B3: std::__detail::_MakeUniq<app::LegacyModules>::__single_object std::make_unique<app::LegacyModules, int>(int&&) (unique_ptr.h:1105)
               n1: 326472 0x405304: app::App::initialize(app::AppOptions const&) (app.cpp:164)
                n1: 326472 0x402CED: app_main(int, char**)::{lambda()#1}::operator()() const (main.cpp:87)
                 n1: 326472 0x403C20: int std::__invoke_impl<int, app_main(int, char**)::{lambda()#1}&>(std::__invoke_other, app_main(int, char**)::{lambda()#1}&) (invoke.h:63)
                  n1: 326472 0x4039CB: std::enable_if<is_invocable_r_v<int, app_main(int, char**)::{lambda()#1}&>, int>::type std::__invoke_r<int, app_main(int, char**)::{lambda()#1}&>(app_main(int, char**)::{lambda()#1}&) (invoke.h:116)
                   n1: 326472 0x40378A: std::_Function_handler<int (), app_main(int, char**)::{lambda()#1}>::_M_invoke(std::_Any_data const&) (std_function.h:295)
                    n1: 326472 0xC5D4E5: std::function<int ()>::operator()() const (std_function.h:581)
                     n1: 326472 0xC5D547: she::SDL2System::run(std::function<int ()>&&) (she.cpp:723)
                      n1: 326472 0x403361: app_main(int, char**) (main.cpp:73)
                       n0: 326472 0xC5AC2E: main (she.cpp:993)
        n0: 204872 in 1 place, below massif's threshold (1.00%)
      n0: 16456 in 1 place, below massif's threshold (1.00%)
     n0: 0 in 1 place, below massif's threshold (1.00%)
 n0: 3804116 in 1450 places, all below massif's threshold (1.00%)
 n1: 2347264 0x8752FC3: real_calloc (SDL_malloc.c:6335)
  n1: 2347264 0x8752FC3: SDL_calloc_REAL (SDL_malloc.c:6478)
   n1: 2347264 0x8752FC3: GL_CreateTexture (SDL_render_gl.c:601)
    n1: 2347264 0x873B0DE: SDL_CreateTextureWithProperties_REAL (SDL_render.c:1574)
     n1: 2347264 0x4EA36E3: SDL_CreateTexture_REAL (sdl2_compat.c:6698)
      n1: 2347264 0xC590AF: she::SDL2Surface::getTexture(SDL_Rect const*) (sdl2_surface.cpp:535)
       n1: 2347264 0xC375EA: she::SDL2Display::flip(gfx::RectT<int> const&) (sdl2_display.cpp:272)
        n1: 2347264 0xC5C935: she::SDL2EventQueue::forceFlip() (she.cpp:331)
         n2: 2347264 0xC6267D: she::SDL2EventQueue::getEventInternal(she::Event&, bool) (she.cpp:393)
          n1: 2347264 0xC6394A: she::SDL2EventQueue::refresh() (she.cpp:347)
           n1: 2347264 0xC63A15: she::SDL2System::refresh() (she.cpp:789)
            n1: 2347264 0xC63C03: she::SDL2System::sleep() (she.cpp:697)
             n1: 2347264 0xC9187E: ui::MessageLoop::pumpMessages() (message_loop.cpp:30)
              n1: 2347264 0xC8321E: ui::Manager::run() (manager.cpp:172)
               n1: 2347264 0x40C798: app::App::run() (app.cpp:664)
                n1: 2347264 0x402D7D: app_main(int, char**)::{lambda()#1}::operator()() const (main.cpp:92)
                 n1: 2347264 0x403C20: int std::__invoke_impl<int, app_main(int, char**)::{lambda()#1}&>(std::__invoke_other, app_main(int, char**)::{lambda()#1}&) (invoke.h:63)
                  n1: 2347264 0x4039CB: std::enable_if<is_invocable_r_v<int, app_main(int, char**)::{lambda()#1}&>, int>::type std::__invoke_r<int, app_main(int, char**)::{lambda()#1}&>(app_main(int, char**)::{lambda()#1}&) (invoke.h:116)
                   n1: 2347264 0x40378A: std::_Function_handler<int (), app_main(int, char**)::{lambda()#1}>::_M_invoke(std::_Any_data const&) (std_function.h:295)
                    n1: 2347264 0xC5D4E5: std::function<int ()>::operator()() const (std_function.h:581)
                     n1: 2347264 0xC5D547: she::SDL2System::run(std::function<int ()>&&) (she.cpp:723)
                      n1: 2347264 0x403361: app_main(int, char**) (main.cpp:73)
                       n0: 2347264 0xC5AC2E: main (she.cpp:993)
          n0: 0 in 1 place, below massif's threshold (1.00%)
 n1: 843472 0x17D62C8D: ???
  n1: 843472 0x17D73C10: ???
   n1: 843472 0x17CE02D6: ???
    n1: 843472 0x17CE4438: ???
     n1: 843472 0x17BECA0E: ???
      n1: 843472 0x17BDF119: ???
       n1: 843472 0x87E6D30: SDL_EGL_CreateContext (SDL_egl.c:1105)
        n1: 843472 0x8878F2D: Wayland_GLES_CreateContext (SDL_waylandopengles.c:60)
         n1: 843472 0x880E9F4: SDL_GL_CreateContext_REAL (SDL_video.c:5432)
          n1: 843472 0x8756277: GL_CreateRenderer.lto_priv.0 (SDL_render_gl.c:1847)
           n1: 843472 0x873E292: SDL_CreateRendererWithProperties_REAL (SDL_render.c:1142)
            n1: 843472 0x873E576: SDL_CreateRenderer_REAL (SDL_render.c:1287)
             n1: 843472 0x4EA2628: SDL_CreateRenderer_REAL (sdl2_compat.c:5986)
              n1: 843472 0xC39255: she::SDL2Display::SDL2Display(int, int, int)::{lambda()#1}::operator()() const (sdl2_display.cpp:83)
               n1: 843472 0xC39389: __invoke_impl<void, she::SDL2Display::SDL2Display(int, int, int)::<lambda()>&> (invoke.h:63)
                n1: 843472 0xC39389: __invoke_r<void, she::SDL2Display::SDL2Display(int, int, int)::<lambda()>&> (invoke.h:113)
                 n1: 843472 0xC39389: std::_Function_handler<void (), she::SDL2Display::SDL2Display(int, int, int)::{lambda()#1}>::_M_invoke(std::_Any_data const&) (std_function.h:295)
                  n1: 843472 0x421E25: std::function<void ()>::operator()() const (std_function.h:581)
                   n1: 843472 0xC60013: she::SDL2System::gfx(std::function<void ()>&&, bool) (she.cpp:680)
                    n1: 843472 0xC38110: she::SDL2Display::SDL2Display(int, int, int) (sdl2_display.cpp:73)
                     n1: 843472 0xC5C3B6: she::SDL2System::createDisplay(int, int, int) (she.cpp:872)
                      n1: 843472 0x690189: app::create_main_display(bool, bool&, std::__cxx11::basic_string<char, std::char_traits<char>, std::allocator<char> >&) (gui.cpp:112)
                       n1: 843472 0x690A8C: app::init_module_gui() (gui.cpp:164)
                        n1: 843472 0x6894AC: app::LegacyModules::LegacyModules(int) (modules.cpp:47)
                         n1: 843472 0x4164B3: std::__detail::_MakeUniq<app::LegacyModules>::__single_object std::make_unique<app::LegacyModules, int>(int&&) (unique_ptr.h:1105)
                          n1: 843472 0x405304: app::App::initialize(app::AppOptions const&) (app.cpp:164)
                           n1: 843472 0x402CED: app_main(int, char**)::{lambda()#1}::operator()() const (main.cpp:87)
                            n1: 843472 0x403C20: int std::__invoke_impl<int, app_main(int, char**)::{lambda()#1}&>(std::__invoke_other, app_main(int, char**)::{lambda()#1}&) (invoke.h:63)
                             n1: 843472 0x4039CB: std::enable_if<is_invocable_r_v<int, app_main(int, char**)::{lambda()#1}&>, int>::type std::__invoke_r<int, app_main(int, char**)::{lambda()#1}&>(app_main(int, char**)::{lambda()#1}&) (invoke.h:116)
                              n1: 843472 0x40378A: std::_Function_handler<int (), app_main(int, char**)::{lambda()#1}>::_M_invoke(std::_Any_data const&) (std_function.h:295)
                               n1: 843472 0xC5D4E5: std::function<int ()>::operator()() const (std_function.h:581)
                                n0: 843472 0xC5D547: she::SDL2System::run(std::function<int ()>&&) (she.cpp:723)
 n1: 837442 0x4404C0: std::__new_allocator<unsigned char>::allocate(unsigned long, void const*) (new_allocator.h:162)
  n1: 837442 0x43A818: allocate (allocator.h:206)
   n1: 837442 0x43A818: allocate (alloc_traits.h:638)
    n2: 837442 0x43A818: std::_Vector_base<unsigned char, std::allocator<unsigned char> >::_M_allocate(unsigned long) (stl_vector.h:389)
     n1: 806412 0x464EA4: std::vector<unsigned char, std::allocator<unsigned char> >::_M_default_append(unsigned long) (vector.tcc:857)
      n1: 806412 0x464730: std::vector<unsigned char, std::allocator<unsigned char> >::resize(unsigned long) (stl_vector.h:1136)
       n1: 806412 0xBB1B81: doc::ImageBuffer::resizeIfNecessary(unsigned long) (image_buffer.h:27)
        n1: 806412 0xBB2C6C: doc::ImageImpl<doc::RgbTraits>::ImageImpl(int, int, base::SharedPtr<doc::ImageBuffer> const&) (image_impl.h:68)
         n2: 806412 0xBB15D3: doc::Image::create(doc::PixelFormat, int, int, base::SharedPtr<doc::ImageBuffer> const&) (image.cpp:55)
          n1: 724800 0x919E03: app::Editor::drawOneSpriteUnclippedRect(ui::Graphics*, gfx::RectT<int> const&, int, int) (editor.cpp:471)
           n1: 724800 0x91B32D: app::Editor::drawSpriteUnclippedRect(ui::Graphics*, gfx::RectT<int> const&) (editor.cpp:566)
            n1: 724800 0x923366: app::Editor::onPaint(ui::PaintEvent&) (editor.cpp:1389)
             n1: 724800 0xCA792D: ui::Widget::paintEvent(ui::Graphics*) (widget.cpp:1054)
              n1: 724800 0xCA7BDE: ui::Widget::onProcessMessage(ui::Message*) (widget.cpp:1354)
               n1: 724800 0x922C04: app::Editor::onProcessMessage(ui::Message*) (editor.cpp:1346)
                n1: 724800 0x90C5CE: app::AppEditor::onProcessMessage(ui::Message*) (document_view.cpp:130)
                 n1: 724800 0xCA20B6: ui::Widget::sendMessage(ui::Message*) (widget.cpp:1156)
                  n1: 724800 0xC84B2A: ui::Manager::pumpQueue() (manager.cpp:1334)
                   n1: 724800 0xC84CA0: ui::Manager::dispatchMessages() (manager.cpp:604)
                    n1: 724800 0xC91849: ui::MessageLoop::pumpMessages() (message_loop.cpp:26)
                     n1: 724800 0xC8321E: ui::Manager::run() (manager.cpp:172)
                      n1: 724800 0x40C798: app::App::run() (app.cpp:664)
                       n1: 724800 0x402D7D: app_main(int, char**)::{lambda()#1}::operator()() const (main.cpp:92)
                        n1: 724800 0x403C20: int std::__invoke_impl<int, app_main(int, char**)::{lambda()#1}&>(std::__invoke_other, app_main(int, char**)::{lambda()#1}&) (invoke.h:63)
                         n1: 724800 0x4039CB: std::enable_if<is_invocable_r_v<int, app_main(int, char**)::{lambda()#1}&>, int>::type std::__invoke_r<int, app_main(int, char**)::{lambda()#1}&>(app_main(int, char**)::{lambda()#1}&) (invoke.h:116)
                          n1: 724800 0x40378A: std::_Function_handler<int (), app_main(int, char**)::{lambda()#1}>::_M_invoke(std::_Any_data const&) (std_function.h:295)
                           n1: 724800 0xC5D4E5: std::function<int ()>::operator()() const (std_function.h:581)
                            n1: 724800 0xC5D547: she::SDL2System::run(std::function<int ()>&&) (she.cpp:723)
                             n1: 724800 0x403361: app_main(int, char**) (main.cpp:73)
                              n0: 724800 0xC5AC2E: main (she.cpp:993)
          n0: 81612 in 3 places, all below massif's threshold (1.00%)
     n0: 31030 in 1 place, below massif's threshold (1.00%)
 n1: 271576 0x17FEBDB5: ???
  n1: 271576 0x17ED3A8B: ???
   n1: 271576 0x17D62CED: ???
    n1: 271576 0x17D73C10: ???
     n1: 271576 0x17CE02D6: ???
      n1: 271576 0x17CE4438: ???
       n1: 271576 0x17BECA0E: ???
        n1: 271576 0x17BDF119: ???
         n1: 271576 0x87E6D30: SDL_EGL_CreateContext (SDL_egl.c:1105)
          n1: 271576 0x8878F2D: Wayland_GLES_CreateContext (SDL_waylandopengles.c:60)
           n1: 271576 0x880E9F4: SDL_GL_CreateContext_REAL (SDL_video.c:5432)
            n1: 271576 0x8756277: GL_CreateRenderer.lto_priv.0 (SDL_render_gl.c:1847)
             n1: 271576 0x873E292: SDL_CreateRendererWithProperties_REAL (SDL_render.c:1142)
              n1: 271576 0x873E576: SDL_CreateRenderer_REAL (SDL_render.c:1287)
               n1: 271576 0x4EA2628: SDL_CreateRenderer_REAL (sdl2_compat.c:5986)
                n1: 271576 0xC39255: she::SDL2Display::SDL2Display(int, int, int)::{lambda()#1}::operator()() const (sdl2_display.cpp:83)
                 n1: 271576 0xC39389: __invoke_impl<void, she::SDL2Display::SDL2Display(int, int, int)::<lambda()>&> (invoke.h:63)
                  n1: 271576 0xC39389: __invoke_r<void, she::SDL2Display::SDL2Display(int, int, int)::<lambda()>&> (invoke.h:113)
                   n1: 271576 0xC39389: std::_Function_handler<void (), she::SDL2Display::SDL2Display(int, int, int)::{lambda()#1}>::_M_invoke(std::_Any_data const&) (std_function.h:295)
                    n1: 271576 0x421E25: std::function<void ()>::operator()() const (std_function.h:581)
                     n1: 271576 0xC60013: she::SDL2System::gfx(std::function<void ()>&&, bool) (she.cpp:680)
                      n1: 271576 0xC38110: she::SDL2Display::SDL2Display(int, int, int) (sdl2_display.cpp:73)
                       n1: 271576 0xC5C3B6: she::SDL2System::createDisplay(int, int, int) (she.cpp:872)
                        n1: 271576 0x690189: app::create_main_display(bool, bool&, std::__cxx11::basic_string<char, std::char_traits<char>, std::allocator<char> >&) (gui.cpp:112)
                         n1: 271576 0x690A8C: app::init_module_gui() (gui.cpp:164)
                          n1: 271576 0x6894AC: app::LegacyModules::LegacyModules(int) (modules.cpp:47)
                           n1: 271576 0x4164B3: std::__detail::_MakeUniq<app::LegacyModules>::__single_object std::make_unique<app::LegacyModules, int>(int&&) (unique_ptr.h:1105)
                            n1: 271576 0x405304: app::App::initialize(app::AppOptions const&) (app.cpp:164)
                             n1: 271576 0x402CED: app_main(int, char**)::{lambda()#1}::operator()() const (main.cpp:87)
                              n1: 271576 0x403C20: int std::__invoke_impl<int, app_main(int, char**)::{lambda()#1}&>(std::__invoke_other, app_main(int, char**)::{lambda()#1}&) (invoke.h:63)
                               n1: 271576 0x4039CB: std::enable_if<is_invocable_r_v<int, app_main(int, char**)::{lambda()#1}&>, int>::type std::__invoke_r<int, app_main(int, char**)::{lambda()#1}&>(app_main(int, char**)::{lambda()#1}&) (invoke.h:116)
                                n0: 271576 0x40378A: std::_Function_handler<int (), app_main(int, char**)::{lambda()#1}>::_M_invoke(std::_Any_data const&) (std_function.h:295)
 n1: 240944 0x87F71DB: real_malloc (SDL_malloc.c:6334)
  n1: 240944 0x87F71DB: SDL_malloc_REAL (SDL_malloc.c:6459)
   n2: 240944 0x87F71DB: SDL_CreateSurface_REAL (SDL_surface.c:221)
    n1: 238280 0x4EA9154: SDL_CreateRGBSurfaceWithFormat_REAL (sdl2_compat.c:4435)
     n1: 238280 0xC57528: she::SDL2Surface::applyScale(int) (sdl2_surface.cpp:168)
      n1: 238280 0x9EB15C: app::skin::SkinTheme::sliceSheet(she::Surface*, gfx::RectT<int> const&) (skin_theme.cpp:859)
       n0: 238280 in 11 places, all below massif's threshold (1.00%)
    n0: 2664 in 3 places, all below massif's threshold (1.00%)
#-----------
snapshot=36
#-----------
time=5035526395
mem_heap_B=22208814
mem_heap_extra_B=799530
mem_stacks_B=0
heap_tree=empty
#-----------
snapshot=37
#-----------
time=5215255941
mem_heap_B=22208814
mem_heap_extra_B=799546
mem_stacks_B=0
heap_tree=empty
#-----------
snapshot=38
#-----------
time=5335141931
mem_heap_B=22208814
mem_heap_extra_B=799546
mem_stacks_B=0
heap_tree=empty
#-----------
snapshot=39
#-----------
time=5454388756
mem_heap_B=22208814
mem_heap_extra_B=799546
mem_stacks_B=0
heap_tree=detailed
n8: 22208814 (heap allocation functions) malloc/new/new[], --alloc-fns, etc.
 n3: 9651888 0x181DDF1C: ???
  n2: 5730464 0x181DF139: ???
   n0: 5328032 in 375 places, all below massif's threshold (1.00%)
   n1: 402432 0x18068FE1: ???
    n0: 402432 in 29 places, all below massif's threshold (1.00%)
  n2: 3372560 0x181DEB02: ???
   n4: 3306928 0x181DEC14: ???
    n3: 1636576 0x182425A1: ???
     n1: 753296 0x18243E2A: ???
      n1: 753296 0x182FCEFC: ???
       n1: 753296 0x182FDD39: ???
        n2: 753296 0x182FE09B: ???
         n1: 425776 0x17D816B9: ???
          n1: 425776 0x17D82608: ???
           n1: 425776 0x17D82D64: ???
            n1: 425776 0x17D8444B: ???
             n1: 425776 0x17D845CC: ???
              n1: 425776 0x1802FD0D: ???
               n1: 425776 0x17FE8D96: ???
                n1: 425776 0x8756CB2: CompileShaderProgram (SDL_shaders_gl.c:587)
                 n1: 425776 0x8756CB2: GL_CreateShaderContext (SDL_shaders_gl.c:685)
                  n1: 425776 0x8756CB2: GL_CreateRenderer.lto_priv.0 (SDL_render_gl.c:1947)
                   n1: 425776 0x873E292: SDL_CreateRendererWithProperties_REAL (SDL_render.c:1142)
                    n1: 425776 0x873E576: SDL_CreateRenderer_REAL (SDL_render.c:1287)
                     n1: 425776 0x4EA2628: SDL_CreateRenderer_REAL (sdl2_compat.c:5986)
                      n1: 425776 0xC39255: she::SDL2Display::SDL2Display(int, int, int)::{lambda()#1}::operator()() const (sdl2_display.cpp:83)
                       n1: 425776 0xC39389: __invoke_impl<void, she::SDL2Display::SDL2Display(int, int, int)::<lambda()>&> (invoke.h:63)
                        n1: 425776 0xC39389: __invoke_r<void, she::SDL2Display::SDL2Display(int, int, int)::<lambda()>&> (invoke.h:113)
                         n1: 425776 0xC39389: std::_Function_handler<void (), she::SDL2Display::SDL2Display(int, int, int)::{lambda()#1}>::_M_invoke(std::_Any_data const&) (std_function.h:295)
                          n1: 425776 0x421E25: std::function<void ()>::operator()() const (std_function.h:581)
                           n1: 425776 0xC60013: she::SDL2System::gfx(std::function<void ()>&&, bool) (she.cpp:680)
                            n1: 425776 0xC38110: she::SDL2Display::SDL2Display(int, int, int) (sdl2_display.cpp:73)
                             n1: 425776 0xC5C3B6: she::SDL2System::createDisplay(int, int, int) (she.cpp:872)
                              n1: 425776 0x690189: app::create_main_display(bool, bool&, std::__cxx11::basic_string<char, std::char_traits<char>, std::allocator<char> >&) (gui.cpp:112)
                               n1: 425776 0x690A8C: app::init_module_gui() (gui.cpp:164)
                                n1: 425776 0x6894AC: app::LegacyModules::LegacyModules(int) (modules.cpp:47)
                                 n1: 425776 0x4164B3: std::__detail::_MakeUniq<app::LegacyModules>::__single_object std::make_unique<app::LegacyModules, int>(int&&) (unique_ptr.h:1105)
                                  n0: 425776 0x405304: app::App::initialize(app::AppOptions const&) (app.cpp:164)
         n1: 327520 0x17D823C6: ???
          n1: 327520 0x17D82836: ???
           n1: 327520 0x17D82E94: ???
            n1: 327520 0x17D8444B: ???
             n1: 327520 0x17D845CC: ???
              n1: 327520 0x1802FD0D: ???
               n1: 327520 0x17FE8D96: ???
                n1: 327520 0x8756CB2: CompileShaderProgram (SDL_shaders_gl.c:587)
                 n1: 327520 0x8756CB2: GL_CreateShaderContext (SDL_shaders_gl.c:685)
                  n1: 327520 0x8756CB2: GL_CreateRenderer.lto_priv.0 (SDL_render_gl.c:1947)
                   n1: 327520 0x873E292: SDL_CreateRendererWithProperties_REAL (SDL_render.c:1142)
                    n1: 327520 0x873E576: SDL_CreateRenderer_REAL (SDL_render.c:1287)
                     n1: 327520 0x4EA2628: SDL_CreateRenderer_REAL (sdl2_compat.c:5986)
                      n1: 327520 0xC39255: she::SDL2Display::SDL2Display(int, int, int)::{lambda()#1}::operator()() const (sdl2_display.cpp:83)
                       n1: 327520 0xC39389: __invoke_impl<void, she::SDL2Display::SDL2Display(int, int, int)::<lambda()>&> (invoke.h:63)
                        n1: 327520 0xC39389: __invoke_r<void, she::SDL2Display::SDL2Display(int, int, int)::<lambda()>&> (invoke.h:113)
                         n1: 327520 0xC39389: std::_Function_handler<void (), she::SDL2Display::SDL2Display(int, int, int)::{lambda()#1}>::_M_invoke(std::_Any_data const&) (std_function.h:295)
                          n1: 327520 0x421E25: std::function<void ()>::operator()() const (std_function.h:581)
                           n1: 327520 0xC60013: she::SDL2System::gfx(std::function<void ()>&&, bool) (she.cpp:680)
                            n1: 327520 0xC38110: she::SDL2Display::SDL2Display(int, int, int) (sdl2_display.cpp:73)
                             n1: 327520 0xC5C3B6: she::SDL2System::createDisplay(int, int, int) (she.cpp:872)
                              n1: 327520 0x690189: app::create_main_display(bool, bool&, std::__cxx11::basic_string<char, std::char_traits<char>, std::allocator<char> >&) (gui.cpp:112)
                               n1: 327520 0x690A8C: app::init_module_gui() (gui.cpp:164)
                                n1: 327520 0x6894AC: app::LegacyModules::LegacyModules(int) (modules.cpp:47)
                                 n1: 327520 0x4164B3: std::__detail::_MakeUniq<app::LegacyModules>::__single_object std::make_unique<app::LegacyModules, int>(int&&) (unique_ptr.h:1105)
                                  n0: 327520 0x405304: app::App::initialize(app::AppOptions const&) (app.cpp:164)
     n2: 457504 0x18243C98: ???
      n1: 457504 0x182FCC9D: ???
       n1: 457504 0x182FDD39: ???
        n2: 457504 0x182FE09B: ???
         n1: 457504 0x17D823C6: ???
          n1: 457504 0x17D82836: ???
           n1: 457504 0x17D82E94: ???
            n1: 457504 0x17D8444B: ???
             n1: 457504 0x17D845CC: ???
              n1: 457504 0x1802FD0D: ???
               n1: 457504 0x17FE8D96: ???
                n1: 457504 0x8756CB2: CompileShaderProgram (SDL_shaders_gl.c:587)
                 n1: 457504 0x8756CB2: GL_CreateShaderContext (SDL_shaders_gl.c:685)
                  n1: 457504 0x8756CB2: GL_CreateRenderer.lto_priv.0 (SDL_render_gl.c:1947)
                   n1: 457504 0x873E292: SDL_CreateRendererWithProperties_REAL (SDL_render.c:1142)
                    n1: 457504 0x873E576: SDL_CreateRenderer_REAL (SDL_render.c:1287)
                     n1: 457504 0x4EA2628: SDL_CreateRenderer_REAL (sdl2_compat.c:5986)
                      n1: 457504 0xC39255: she::SDL2Display::SDL2Display(int, int, int)::{lambda()#1}::operator()() const (sdl2_display.cpp:83)
                       n1: 457504 0xC39389: __invoke_impl<void, she::SDL2Display::SDL2Display(int, int, int)::<lambda()>&> (invoke.h:63)
                        n1: 457504 0xC39389: __invoke_r<void, she::SDL2Display::SDL2Display(int, int, int)::<lambda()>&> (invoke.h:113)
                         n1: 457504 0xC39389: std::_Function_handler<void (), she::SDL2Display::SDL2Display(int, int, int)::{lambda()#1}>::_M_invoke(std::_Any_data const&) (std_function.h:295)
                          n1: 457504 0x421E25: std::function<void ()>::operator()() const (std_function.h:581)
                           n1: 457504 0xC60013: she::SDL2System::gfx(std::function<void ()>&&, bool) (she.cpp:680)
                            n1: 457504 0xC38110: she::SDL2Display::SDL2Display(int, int, int) (sdl2_display.cpp:73)
                             n1: 457504 0xC5C3B6: she::SDL2System::createDisplay(int, int, int) (she.cpp:872)
                              n1: 457504 0x690189: app::create_main_display(bool, bool&, std::__cxx11::basic_string<char, std::char_traits<char>, std::allocator<char> >&) (gui.cpp:112)
                               n1: 457504 0x690A8C: app::init_module_gui() (gui.cpp:164)
                                n1: 457504 0x6894AC: app::LegacyModules::LegacyModules(int) (modules.cpp:47)
                                 n1: 457504 0x4164B3: std::__detail::_MakeUniq<app::LegacyModules>::__single_object std::make_unique<app::LegacyModules, int>(int&&) (unique_ptr.h:1105)
                                  n0: 457504 0x405304: app::App::initialize(app::AppOptions const&) (app.cpp:164)
         n0: 0 in 1 place, below massif's threshold (1.00%)
      n0: 0 in 2 places, all below massif's threshold (1.00%)
     n2: 425776 0x18243EBD: ???
      n1: 425776 0x182FCFBE: ???
       n1: 425776 0x182FDD39: ???
        n1: 425776 0x182FE09B: ???
         n1: 425776 0x17D823C6: ???
          n1: 425776 0x17D82836: ???
           n1: 425776 0x17D82E94: ???
            n1: 425776 0x17D8444B: ???
             n1: 425776 0x17D845CC: ???
              n1: 425776 0x1802FD0D: ???
               n1: 425776 0x17FE8D96: ???
                n1: 425776 0x8756CB2: CompileShaderProgram (SDL_shaders_gl.c:587)
                 n1: 425776 0x8756CB2: GL_CreateShaderContext (SDL_shaders_gl.c:685)
                  n1: 425776 0x8756CB2: GL_CreateRenderer.lto_priv.0 (SDL_render_gl.c:1947)
                   n1: 425776 0x873E292: SDL_CreateRendererWithProperties_REAL (SDL_render.c:1142)
                    n1: 425776 0x873E576: SDL_CreateRenderer_REAL (SDL_render.c:1287)
                     n1: 425776 0x4EA2628: SDL_CreateRenderer_REAL (sdl2_compat.c:5986)
                      n1: 425776 0xC39255: she::SDL2Display::SDL2Display(int, int, int)::{lambda()#1}::operator()() const (sdl2_display.cpp:83)
                       n1: 425776 0xC39389: __invoke_impl<void, she::SDL2Display::SDL2Display(int, int, int)::<lambda()>&> (invoke.h:63)
                        n1: 425776 0xC39389: __invoke_r<void, she::SDL2Display::SDL2Display(int, int, int)::<lambda()>&> (invoke.h:113)
                         n1: 425776 0xC39389: std::_Function_handler<void (), she::SDL2Display::SDL2Display(int, int, int)::{lambda()#1}>::_M_invoke(std::_Any_data const&) (std_function.h:295)
                          n1: 425776 0x421E25: std::function<void ()>::operator()() const (std_function.h:581)
                           n1: 425776 0xC60013: she::SDL2System::gfx(std::function<void ()>&&, bool) (she.cpp:680)
                            n1: 425776 0xC38110: she::SDL2Display::SDL2Display(int, int, int) (sdl2_display.cpp:73)
                             n1: 425776 0xC5C3B6: she::SDL2System::createDisplay(int, int, int) (she.cpp:872)
                              n1: 425776 0x690189: app::create_main_display(bool, bool&, std::__cxx11::basic_string<char, std::char_traits<char>, std::allocator<char> >&) (gui.cpp:112)
                               n1: 425776 0x690A8C: app::init_module_gui() (gui.cpp:164)
                                n1: 425776 0x6894AC: app::LegacyModules::LegacyModules(int) (modules.cpp:47)
                                 n1: 425776 0x4164B3: std::__detail::_MakeUniq<app::LegacyModules>::__single_object std::make_unique<app::LegacyModules, int>(int&&) (unique_ptr.h:1105)
                                  n0: 425776 0x405304: app::App::initialize(app::AppOptions const&) (app.cpp:164)
      n0: 0 in 1 place, below massif's threshold (1.00%)
    n2: 851552 0x18243D84: ???
     n1: 818800 0x182FCB49: ???
      n1: 818800 0x182FDD39: ???
       n2: 818800 0x182FE09B: ???
        n1: 425776 0x17D816B9: ???
         n1: 425776 0x17D82608: ???
          n1: 425776 0x17D82D64: ???
           n1: 425776 0x17D8444B: ???
            n1: 425776 0x17D845CC: ???
             n1: 425776 0x1802FD0D: ???
              n1: 425776 0x17FE8D96: ???
               n1: 425776 0x8756CB2: CompileShaderProgram (SDL_shaders_gl.c:587)
                n1: 425776 0x8756CB2: GL_CreateShaderContext (SDL_shaders_gl.c:685)
                 n1: 425776 0x8756CB2: GL_CreateRenderer.lto_priv.0 (SDL_render_gl.c:1947)
                  n1: 425776 0x873E292: SDL_CreateRendererWithProperties_REAL (SDL_render.c:1142)
                   n1: 425776 0x873E576: SDL_CreateRenderer_REAL (SDL_render.c:1287)
                    n1: 425776 0x4EA2628: SDL_CreateRenderer_REAL (sdl2_compat.c:5986)
                     n1: 425776 0xC39255: she::SDL2Display::SDL2Display(int, int, int)::{lambda()#1}::operator()() const (sdl2_display.cpp:83)
                      n1: 425776 0xC39389: __invoke_impl<void, she::SDL2Display::SDL2Display(int, int, int)::<lambda()>&> (invoke.h:63)
                       n1: 425776 0xC39389: __invoke_r<void, she::SDL2Display::SDL2Display(int, int, int)::<lambda()>&> (invoke.h:113)
                        n1: 425776 0xC39389: std::_Function_handler<void (), she::SDL2Display::SDL2Display(int, int, int)::{lambda()#1}>::_M_invoke(std::_Any_data const&) (std_function.h:295)
                         n1: 425776 0x421E25: std::function<void ()>::operator()() const (std_function.h:581)
                          n1: 425776 0xC60013: she::SDL2System::gfx(std::function<void ()>&&, bool) (she.cpp:680)
                           n1: 425776 0xC38110: she::SDL2Display::SDL2Display(int, int, int) (sdl2_display.cpp:73)
                            n1: 425776 0xC5C3B6: she::SDL2System::createDisplay(int, int, int) (she.cpp:872)
                             n1: 425776 0x690189: app::create_main_display(bool, bool&, std::__cxx11::basic_string<char, std::char_traits<char>, std::allocator<char> >&) (gui.cpp:112)
                              n1: 425776 0x690A8C: app::init_module_gui() (gui.cpp:164)
                               n1: 425776 0x6894AC: app::LegacyModules::LegacyModules(int) (modules.cpp:47)
                                n1: 425776 0x4164B3: std::__detail::_MakeUniq<app::LegacyModules>::__single_object std::make_unique<app::LegacyModules, int>(int&&) (unique_ptr.h:1105)
                                 n1: 425776 0x405304: app::App::initialize(app::AppOptions const&) (app.cpp:164)
                                  n0: 425776 0x402CED: app_main(int, char**)::{lambda()#1}::operator()() const (main.cpp:87)
        n1: 393024 0x17D823C6: ???
         n1: 393024 0x17D82836: ???
          n1: 393024 0x17D82E94: ???
           n1: 393024 0x17D8444B: ???
            n1: 393024 0x17D845CC: ???
             n1: 393024 0x1802FD0D: ???
              n1: 393024 0x17FE8D96: ???
               n1: 393024 0x8756CB2: CompileShaderProgram (SDL_shaders_gl.c:587)
                n1: 393024 0x8756CB2: GL_CreateShaderContext (SDL_shaders_gl.c:685)
                 n1: 393024 0x8756CB2: GL_CreateRenderer.lto_priv.0 (SDL_render_gl.c:1947)
                  n1: 393024 0x873E292: SDL_CreateRendererWithProperties_REAL (SDL_render.c:1142)
                   n1: 393024 0x873E576: SDL_CreateRenderer_REAL (SDL_render.c:1287)
                    n1: 393024 0x4EA2628: SDL_CreateRenderer_REAL (sdl2_compat.c:5986)
                     n1: 393024 0xC39255: she::SDL2Display::SDL2Display(int, int, int)::{lambda()#1}::operator()() const (sdl2_display.cpp:83)
                      n1: 393024 0xC39389: __invoke_impl<void, she::SDL2Display::SDL2Display(int, int, int)::<lambda()>&> (invoke.h:63)
                       n1: 393024 0xC39389: __invoke_r<void, she::SDL2Display::SDL2Display(int, int, int)::<lambda()>&> (invoke.h:113)
                        n1: 393024 0xC39389: std::_Function_handler<void (), she::SDL2Display::SDL2Display(int, int, int)::{lambda()#1}>::_M_invoke(std::_Any_data const&) (std_function.h:295)
                         n1: 393024 0x421E25: std::function<void ()>::operator()() const (std_function.h:581)
                          n1: 393024 0xC60013: she::SDL2System::gfx(std::function<void ()>&&, bool) (she.cpp:680)
                           n1: 393024 0xC38110: she::SDL2Display::SDL2Display(int, int, int) (sdl2_display.cpp:73)
                            n1: 393024 0xC5C3B6: she::SDL2System::createDisplay(int, int, int) (she.cpp:872)
                             n1: 393024 0x690189: app::create_main_display(bool, bool&, std::__cxx11::basic_string<char, std::char_traits<char>, std::allocator<char> >&) (gui.cpp:112)
                              n1: 393024 0x690A8C: app::init_module_gui() (gui.cpp:164)
                               n1: 393024 0x6894AC: app::LegacyModules::LegacyModules(int) (modules.cpp:47)
                                n1: 393024 0x4164B3: std::__detail::_MakeUniq<app::LegacyModules>::__single_object std::make_unique<app::LegacyModules, int>(int&&) (unique_ptr.h:1105)
                                 n1: 393024 0x405304: app::App::initialize(app::AppOptions const&) (app.cpp:164)
                                  n0: 393024 0x402CED: app_main(int, char**)::{lambda()#1}::operator()() const (main.cpp:87)
     n0: 32752 in 3 places, all below massif's threshold (1.00%)
    n1: 818800 0x182FADA5: ???
     n2: 818800 0x182FDFCF: ???
      n1: 425776 0x17D816B9: ???
       n1: 425776 0x17D82608: ???
        n1: 425776 0x17D82D64: ???
         n1: 425776 0x17D8444B: ???
          n1: 425776 0x17D845CC: ???
           n1: 425776 0x1802FD0D: ???
            n1: 425776 0x17FE8D96: ???
             n1: 425776 0x8756CB2: CompileShaderProgram (SDL_shaders_gl.c:587)
              n1: 425776 0x8756CB2: GL_CreateShaderContext (SDL_shaders_gl.c:685)
               n1: 425776 0x8756CB2: GL_CreateRenderer.lto_priv.0 (SDL_render_gl.c:1947)
                n1: 425776 0x873E292: SDL_CreateRendererWithProperties_REAL (SDL_render.c:1142)
                 n1: 425776 0x873E576: SDL_CreateRenderer_REAL (SDL_render.c:1287)
                  n1: 425776 0x4EA2628: SDL_CreateRenderer_REAL (sdl2_compat.c:5986)
                   n1: 425776 0xC39255: she::SDL2Display::SDL2Display(int, int, int)::{lambda()#1}::operator()() const (sdl2_display.cpp:83)
                    n1: 425776 0xC39389: __invoke_impl<void, she::SDL2Display::SDL2Display(int, int, int)::<lambda()>&> (invoke.h:63)
                     n1: 425776 0xC39389: __invoke_r<void, she::SDL2Display::SDL2Display(int, int, int)::<lambda()>&> (invoke.h:113)
                      n1: 425776 0xC39389: std::_Function_handler<void (), she::SDL2Display::SDL2Display(int, int, int)::{lambda()#1}>::_M_invoke(std::_Any_data const&) (std_function.h:295)
                       n1: 425776 0x421E25: std::function<void ()>::operator()() const (std_function.h:581)
                        n1: 425776 0xC60013: she::SDL2System::gfx(std::function<void ()>&&, bool) (she.cpp:680)
                         n1: 425776 0xC38110: she::SDL2Display::SDL2Display(int, int, int) (sdl2_display.cpp:73)
                          n1: 425776 0xC5C3B6: she::SDL2System::createDisplay(int, int, int) (she.cpp:872)
                           n1: 425776 0x690189: app::create_main_display(bool, bool&, std::__cxx11::basic_string<char, std::char_traits<char>, std::allocator<char> >&) (gui.cpp:112)
                            n1: 425776 0x690A8C: app::init_module_gui() (gui.cpp:164)
                             n1: 425776 0x6894AC: app::LegacyModules::LegacyModules(int) (modules.cpp:47)
                              n1: 425776 0x4164B3: std::__detail::_MakeUniq<app::LegacyModules>::__single_object std::make_unique<app::LegacyModules, int>(int&&) (unique_ptr.h:1105)
                               n1: 425776 0x405304: app::App::initialize(app::AppOptions const&) (app.cpp:164)
                                n1: 425776 0x402CED: app_main(int, char**)::{lambda()#1}::operator()() const (main.cpp:87)
                                 n1: 425776 0x403C20: int std::__invoke_impl<int, app_main(int, char**)::{lambda()#1}&>(std::__invoke_other, app_main(int, char**)::{lambda()#1}&) (invoke.h:63)
                                  n0: 425776 0x4039CB: std::enable_if<is_invocable_r_v<int, app_main(int, char**)::{lambda()#1}&>, int>::type std::__invoke_r<int, app_main(int, char**)::{lambda()#1}&>(app_main(int, char**)::{lambda()#1}&) (invoke.h:116)
      n1: 393024 0x17D823C6: ???
       n1: 393024 0x17D82836: ???
        n1: 393024 0x17D82E94: ???
         n1: 393024 0x17D8444B: ???
          n1: 393024 0x17D845CC: ???
           n1: 393024 0x1802FD0D: ???
            n1: 393024 0x17FE8D96: ???
             n1: 393024 0x8756CB2: CompileShaderProgram (SDL_shaders_gl.c:587)
              n1: 393024 0x8756CB2: GL_CreateShaderContext (SDL_shaders_gl.c:685)
               n1: 393024 0x8756CB2: GL_CreateRenderer.lto_priv.0 (SDL_render_gl.c:1947)
                n1: 393024 0x873E292: SDL_CreateRendererWithProperties_REAL (SDL_render.c:1142)
                 n1: 393024 0x873E576: SDL_CreateRenderer_REAL (SDL_render.c:1287)
                  n1: 393024 0x4EA2628: SDL_CreateRenderer_REAL (sdl2_compat.c:5986)
                   n1: 393024 0xC39255: she::SDL2Display::SDL2Display(int, int, int)::{lambda()#1}::operator()() const (sdl2_display.cpp:83)
                    n1: 393024 0xC39389: __invoke_impl<void, she::SDL2Display::SDL2Display(int, int, int)::<lambda()>&> (invoke.h:63)
                     n1: 393024 0xC39389: __invoke_r<void, she::SDL2Display::SDL2Display(int, int, int)::<lambda()>&> (invoke.h:113)
                      n1: 393024 0xC39389: std::_Function_handler<void (), she::SDL2Display::SDL2Display(int, int, int)::{lambda()#1}>::_M_invoke(std::_Any_data const&) (std_function.h:295)
                       n1: 393024 0x421E25: std::function<void ()>::operator()() const (std_function.h:581)
                        n1: 393024 0xC60013: she::SDL2System::gfx(std::function<void ()>&&, bool) (she.cpp:680)
                         n1: 393024 0xC38110: she::SDL2Display::SDL2Display(int, int, int) (sdl2_display.cpp:73)
                          n1: 393024 0xC5C3B6: she::SDL2System::createDisplay(int, int, int) (she.cpp:872)
                           n1: 393024 0x690189: app::create_main_display(bool, bool&, std::__cxx11::basic_string<char, std::char_traits<char>, std::allocator<char> >&) (gui.cpp:112)
                            n1: 393024 0x690A8C: app::init_module_gui() (gui.cpp:164)
                             n1: 393024 0x6894AC: app::LegacyModules::LegacyModules(int) (modules.cpp:47)
                              n1: 393024 0x4164B3: std::__detail::_MakeUniq<app::LegacyModules>::__single_object std::make_unique<app::LegacyModules, int>(int&&) (unique_ptr.h:1105)
                               n1: 393024 0x405304: app::App::initialize(app::AppOptions const&) (app.cpp:164)
                                n1: 393024 0x402CED: app_main(int, char**)::{lambda()#1}::operator()() const (main.cpp:87)
                                 n1: 393024 0x403C20: int std::__invoke_impl<int, app_main(int, char**)::{lambda()#1}&>(std::__invoke_other, app_main(int, char**)::{lambda()#1}&) (invoke.h:63)
                                  n0: 393024 0x4039CB: std::enable_if<is_invocable_r_v<int, app_main(int, char**)::{lambda()#1}&>, int>::type std::__invoke_r<int, app_main(int, char**)::{lambda()#1}&>(app_main(int, char**)::{lambda()#1}&) (invoke.h:116)
    n0: 0 in 2 places, all below massif's threshold (1.00%)
   n0: 65632 in 1 place, below massif's threshold (1.00%)
  n0: 548864 in 69 places, all below massif's threshold (1.00%)
 n1: 4212112 0x878F613: real_malloc (SDL_malloc.c:6334)
  n1: 4212112 0x878F613: SDL_malloc_REAL (SDL_malloc.c:6459)
   n1: 4212112 0x878F613: SDL_aligned_alloc_REAL (SDL_stdlib.c:540)
    n4: 4212112 0x87F73B5: SDL_CreateSurface_REAL (SDL_surface.c:236)
     n2: 2921072 0x4EA9115: SDL_CreateRGBSurface_REAL (sdl2_compat.c:4429)
      n2: 2347336 0xC589DE: she::SDL2Surface::SDL2Surface(int, int, she::SDL2Surface::DestroyFlag) (sdl2_surface.cpp:61)
       n2: 2347336 0xC37D92: she::SDL2Display::recreateSurface() (sdl2_display.cpp:216)
        n2: 2347336 0xC6285F: she::SDL2EventQueue::getEventInternal(she::Event&, bool) (she.cpp:423)
         n1: 2347336 0xC6394A: she::SDL2EventQueue::refresh() (she.cpp:347)
          n1: 2347336 0xC63A15: she::SDL2System::refresh() (she.cpp:789)
           n1: 2347336 0xC63C03: she::SDL2System::sleep() (she.cpp:697)
            n1: 2347336 0xC9187E: ui::MessageLoop::pumpMessages() (message_loop.cpp:30)
             n1: 2347336 0xC8321E: ui::Manager::run() (manager.cpp:172)
              n1: 2347336 0x40C798: app::App::run() (app.cpp:664)
               n1: 2347336 0x402D7D: app_main(int, char**)::{lambda()#1}::operator()() const (main.cpp:92)
                n1: 2347336 0x403C20: int std::__invoke_impl<int, app_main(int, char**)::{lambda()#1}&>(std::__invoke_other, app_main(int, char**)::{lambda()#1}&) (invoke.h:63)
                 n1: 2347336 0x4039CB: std::enable_if<is_invocable_r_v<int, app_main(int, char**)::{lambda()#1}&>, int>::type std::__invoke_r<int, app_main(int, char**)::{lambda()#1}&>(app_main(int, char**)::{lambda()#1}&) (invoke.h:116)
                  n1: 2347336 0x40378A: std::_Function_handler<int (), app_main(int, char**)::{lambda()#1}>::_M_invoke(std::_Any_data const&) (std_function.h:295)
                   n1: 2347336 0xC5D4E5: std::function<int ()>::operator()() const (std_function.h:581)
                    n1: 2347336 0xC5D547: she::SDL2System::run(std::function<int ()>&&) (she.cpp:723)
                     n1: 2347336 0x403361: app_main(int, char**) (main.cpp:73)
                      n0: 2347336 0xC5AC2E: main (she.cpp:993)
         n0: 0 in 1 place, below massif's threshold (1.00%)
        n0: 0 in 1 place, below massif's threshold (1.00%)
       n0: 0 in 1 place, below massif's threshold (1.00%)
      n1: 573736 0xC58DCB: she::SDL2Surface::SDL2Surface(int, int, int, she::SDL2Surface::DestroyFlag) (sdl2_surface.cpp:71)
       n2: 573736 0xC5C262: she::SDL2System::createRgbaSurface(int, int) (she.cpp:880)
        n1: 572872 0x91A9DC: app::Editor::drawOneSpriteUnclippedRect(ui::Graphics*, gfx::RectT<int> const&, int, int) (editor.cpp:533)
         n1: 572872 0x91B32D: app::Editor::drawSpriteUnclippedRect(ui::Graphics*, gfx::RectT<int> const&) (editor.cpp:566)
          n1: 572872 0x923366: app::Editor::onPaint(ui::PaintEvent&) (editor.cpp:1389)
           n1: 572872 0xCA792D: ui::Widget::paintEvent(ui::Graphics*) (widget.cpp:1054)
            n1: 572872 0xCA7BDE: ui::Widget::onProcessMessage(ui::Message*) (widget.cpp:1354)
             n1: 572872 0x922C04: app::Editor::onProcessMessage(ui::Message*) (editor.cpp:1346)
              n1: 572872 0x90C5CE: app::AppEditor::onProcessMessage(ui::Message*) (document_view.cpp:130)
               n1: 572872 0xCA20B6: ui::Widget::sendMessage(ui::Message*) (widget.cpp:1156)
                n1: 572872 0xC84B2A: ui::Manager::pumpQueue() (manager.cpp:1334)
                 n1: 572872 0xC84CA0: ui::Manager::dispatchMessages() (manager.cpp:604)
                  n1: 572872 0xC91849: ui::MessageLoop::pumpMessages() (message_loop.cpp:26)
                   n1: 572872 0xC8321E: ui::Manager::run() (manager.cpp:172)
                    n1: 572872 0x40C798: app::App::run() (app.cpp:664)
                     n1: 572872 0x402D7D: app_main(int, char**)::{lambda()#1}::operator()() const (main.cpp:92)
                      n1: 572872 0x403C20: int std::__invoke_impl<int, app_main(int, char**)::{lambda()#1}&>(std::__invoke_other, app_main(int, char**)::{lambda()#1}&) (invoke.h:63)
                       n1: 572872 0x4039CB: std::enable_if<is_invocable_r_v<int, app_main(int, char**)::{lambda()#1}&>, int>::type std::__invoke_r<int, app_main(int, char**)::{lambda()#1}&>(app_main(int, char**)::{lambda()#1}&) (invoke.h:116)
                        n1: 572872 0x40378A: std::_Function_handler<int (), app_main(int, char**)::{lambda()#1}>::_M_invoke(std::_Any_data const&) (std_function.h:295)
                         n1: 572872 0xC5D4E5: std::function<int ()>::operator()() const (std_function.h:581)
                          n1: 572872 0xC5D547: she::SDL2System::run(std::function<int ()>&&) (she.cpp:723)
                           n1: 572872 0x403361: app_main(int, char**) (main.cpp:73)
                            n0: 572872 0xC5AC2E: main (she.cpp:993)
        n0: 864 in 2 places, all below massif's threshold (1.00%)
     n1: 743240 0x4EA9154: SDL_CreateRGBSurfaceWithFormat_REAL (sdl2_compat.c:4435)
      n1: 743240 0xC57528: she::SDL2Surface::applyScale(int) (sdl2_surface.cpp:168)
       n2: 743240 0x9EB15C: app::skin::SkinTheme::sliceSheet(she::Surface*, gfx::RectT<int> const&) (skin_theme.cpp:859)
        n0: 418848 in 10 places, all below massif's threshold (1.00%)
        n1: 324392 0x9E7745: app::skin::SkinTheme::loadSkinXml(std::__cxx11::basic_string<char, std::char_traits<char>, std::allocator<char> > const&) (skin_theme.cpp:729)
         n1: 324392 0x9DF497: app::skin::SkinTheme::loadXml(std::__cxx11::basic_string<char, std::char_traits<char>, std::allocator<char> > const&) (skin_theme.cpp:325)
          n1: 324392 0x9DBC67: app::skin::SkinTheme::onRegenerate() (skin_theme.cpp:226)
           n1: 324392 0xC9B0A1: ui::Theme::regenerate() (theme.cpp:44)
            n1: 324392 0xC9B113: ui::CurrentTheme::set(ui::Theme*) (theme.cpp:64)
             n1: 324392 0x691160: app::init_module_gui() (gui.cpp:214)
              n1: 324392 0x6894AC: app::LegacyModules::LegacyModules(int) (modules.cpp:47)
               n1: 324392 0x4164B3: std::__detail::_MakeUniq<app::LegacyModules>::__single_object std::make_unique<app::LegacyModules, int>(int&&) (unique_ptr.h:1105)
                n1: 324392 0x405304: app::App::initialize(app::AppOptions const&) (app.cpp:164)
                 n1: 324392 0x402CED: app_main(int, char**)::{lambda()#1}::operator()() const (main.cpp:87)
                  n1: 324392 0x403C20: int std::__invoke_impl<int, app_main(int, char**)::{lambda()#1}&>(std::__invoke_other, app_main(int, char**)::{lambda()#1}&) (invoke.h:63)
                   n1: 324392 0x4039CB: std::enable_if<is_invocable_r_v<int, app_main(int, char**)::{lambda()#1}&>, int>::type std::__invoke_r<int, app_main(int, char**)::{lambda()#1}&>(app_main(int, char**)::{lambda()#1}&) (invoke.h:116)
                    n1: 324392 0x40378A: std::_Function_handler<int (), app_main(int, char**)::{lambda()#1}>::_M_invoke(std::_Any_data const&) (std_function.h:295)
                     n1: 324392 0xC5D4E5: std::function<int ()>::operator()() const (std_function.h:581)
                      n1: 324392 0xC5D547: she::SDL2System::run(std::function<int ()>&&) (she.cpp:723)
                       n1: 324392 0x403361: app_main(int, char**) (main.cpp:73)
                        n0: 324392 0xC5AC2E: main (she.cpp:993)
     n2: 547800 0x880156E: SDL_ConvertSurfaceRectAndColorspace.lto_priv.0 (SDL_surface.c:1930)
      n1: 531344 0x4EA90C3: SDL_ConvertSurfaceFormat_REAL (sdl2_compat.c:4357)
       n2: 531344 0xC5CC59: she::SDL2System::loadRgbaSurface(char const*) (she.cpp:909)
        n1: 326472 0x9DC16E: app::skin::SkinTheme::loadSheet(std::__cxx11::basic_string<char, std::char_traits<char>, std::allocator<char> > const&) (skin_theme.cpp:248)
         n1: 326472 0x9DBC1F: app::skin::SkinTheme::onRegenerate() (skin_theme.cpp:225)
          n1: 326472 0xC9B0A1: ui::Theme::regenerate() (theme.cpp:44)
           n1: 326472 0xC9B113: ui::CurrentTheme::set(ui::Theme*) (theme.cpp:64)
            n1: 326472 0x691160: app::init_module_gui() (gui.cpp:214)
             n1: 326472 0x6894AC: app::LegacyModules::LegacyModules(int) (modules.cpp:47)
              n1: 326472 0x4164B3: std::__detail::_MakeUniq<app::LegacyModules>::__single_object std::make_unique<app::LegacyModules, int>(int&&) (unique_ptr.h:1105)
               n1: 326472 0x405304: app::App::initialize(app::AppOptions const&) (app.cpp:164)
                n1: 326472 0x402CED: app_main(int, char**)::{lambda()#1}::operator()() const (main.cpp:87)
                 n1: 326472 0x403C20: int std::__invoke_impl<int, app_main(int, char**)::{lambda()#1}&>(std::__invoke_other, app_main(int, char**)::{lambda()#1}&) (invoke.h:63)
                  n1: 326472 0x4039CB: std::enable_if<is_invocable_r_v<int, app_main(int, char**)::{lambda()#1}&>, int>::type std::__invoke_r<int, app_main(int, char**)::{lambda()#1}&>(app_main(int, char**)::{lambda()#1}&) (invoke.h:116)
                   n1: 326472 0x40378A: std::_Function_handler<int (), app_main(int, char**)::{lambda()#1}>::_M_invoke(std::_Any_data const&) (std_function.h:295)
                    n1: 326472 0xC5D4E5: std::function<int ()>::operator()() const (std_function.h:581)
                     n1: 326472 0xC5D547: she::SDL2System::run(std::function<int ()>&&) (she.cpp:723)
                      n1: 326472 0x403361: app_main(int, char**) (main.cpp:73)
                       n0: 326472 0xC5AC2E: main (she.cpp:993)
        n0: 204872 in 1 place, below massif's threshold (1.00%)
      n0: 16456 in 1 place, below massif's threshold (1.00%)
     n0: 0 in 1 place, below massif's threshold (1.00%)
 n0: 3804116 in 1450 places, all below massif's threshold (1.00%)
 n1: 2347264 0x8752FC3: real_calloc (SDL_malloc.c:6335)
  n1: 2347264 0x8752FC3: SDL_calloc_REAL (SDL_malloc.c:6478)
   n1: 2347264 0x8752FC3: GL_CreateTexture (SDL_render_gl.c:601)
    n1: 2347264 0x873B0DE: SDL_CreateTextureWithProperties_REAL (SDL_render.c:1574)
     n1: 2347264 0x4EA36E3: SDL_CreateTexture_REAL (sdl2_compat.c:6698)
      n1: 2347264 0xC590AF: she::SDL2Surface::getTexture(SDL_Rect const*) (sdl2_surface.cpp:535)
       n1: 2347264 0xC375EA: she::SDL2Display::flip(gfx::RectT<int> const&) (sdl2_display.cpp:272)
        n1: 2347264 0xC5C935: she::SDL2EventQueue::forceFlip() (she.cpp:331)
         n2: 2347264 0xC6267D: she::SDL2EventQueue::getEventInternal(she::Event&, bool) (she.cpp:393)
          n1: 2347264 0xC6394A: she::SDL2EventQueue::refresh() (she.cpp:347)
           n1: 2347264 0xC63A15: she::SDL2System::refresh() (she.cpp:789)
            n1: 2347264 0xC63C03: she::SDL2System::sleep() (she.cpp:697)
             n1: 2347264 0xC9187E: ui::MessageLoop::pumpMessages() (message_loop.cpp:30)
              n1: 2347264 0xC8321E: ui::Manager::run() (manager.cpp:172)
               n1: 2347264 0x40C798: app::App::run() (app.cpp:664)
                n1: 2347264 0x402D7D: app_main(int, char**)::{lambda()#1}::operator()() const (main.cpp:92)
                 n1: 2347264 0x403C20: int std::__invoke_impl<int, app_main(int, char**)::{lambda()#1}&>(std::__invoke_other, app_main(int, char**)::{lambda()#1}&) (invoke.h:63)
                  n1: 2347264 0x4039CB: std::enable_if<is_invocable_r_v<int, app_main(int, char**)::{lambda()#1}&>, int>::type std::__invoke_r<int, app_main(int, char**)::{lambda()#1}&>(app_main(int, char**)::{lambda()#1}&) (invoke.h:116)
                   n1: 2347264 0x40378A: std::_Function_handler<int (), app_main(int, char**)::{lambda()#1}>::_M_invoke(std::_Any_data const&) (std_function.h:295)
                    n1: 2347264 0xC5D4E5: std::function<int ()>::operator()() const (std_function.h:581)
                     n1: 2347264 0xC5D547: she::SDL2System::run(std::function<int ()>&&) (she.cpp:723)
                      n1: 2347264 0x403361: app_main(int, char**) (main.cpp:73)
                       n0: 2347264 0xC5AC2E: main (she.cpp:993)
          n0: 0 in 1 place, below massif's threshold (1.00%)
 n1: 843472 0x17D62C8D: ???
  n1: 843472 0x17D73C10: ???
   n1: 843472 0x17CE02D6: ???
    n1: 843472 0x17CE4438: ???
     n1: 843472 0x17BECA0E: ???
      n1: 843472 0x17BDF119: ???
       n1: 843472 0x87E6D30: SDL_EGL_CreateContext (SDL_egl.c:1105)
        n1: 843472 0x8878F2D: Wayland_GLES_CreateContext (SDL_waylandopengles.c:60)
         n1: 843472 0x880E9F4: SDL_GL_CreateContext_REAL (SDL_video.c:5432)
          n1: 843472 0x8756277: GL_CreateRenderer.lto_priv.0 (SDL_render_gl.c:1847)
           n1: 843472 0x873E292: SDL_CreateRendererWithProperties_REAL (SDL_render.c:1142)
            n1: 843472 0x873E576: SDL_CreateRenderer_REAL (SDL_render.c:1287)
             n1: 843472 0x4EA2628: SDL_CreateRenderer_REAL (sdl2_compat.c:5986)
              n1: 843472 0xC39255: she::SDL2Display::SDL2Display(int, int, int)::{lambda()#1}::operator()() const (sdl2_display.cpp:83)
               n1: 843472 0xC39389: __invoke_impl<void, she::SDL2Display::SDL2Display(int, int, int)::<lambda()>&> (invoke.h:63)
                n1: 843472 0xC39389: __invoke_r<void, she::SDL2Display::SDL2Display(int, int, int)::<lambda()>&> (invoke.h:113)
                 n1: 843472 0xC39389: std::_Function_handler<void (), she::SDL2Display::SDL2Display(int, int, int)::{lambda()#1}>::_M_invoke(std::_Any_data const&) (std_function.h:295)
                  n1: 843472 0x421E25: std::function<void ()>::operator()() const (std_function.h:581)
                   n1: 843472 0xC60013: she::SDL2System::gfx(std::function<void ()>&&, bool) (she.cpp:680)
                    n1: 843472 0xC38110: she::SDL2Display::SDL2Display(int, int, int) (sdl2_display.cpp:73)
                     n1: 843472 0xC5C3B6: she::SDL2System::createDisplay(int, int, int) (she.cpp:872)
                      n1: 843472 0x690189: app::create_main_display(bool, bool&, std::__cxx11::basic_string<char, std::char_traits<char>, std::allocator<char> >&) (gui.cpp:112)
                       n1: 843472 0x690A8C: app::init_module_gui() (gui.cpp:164)
                        n1: 843472 0x6894AC: app::LegacyModules::LegacyModules(int) (modules.cpp:47)
                         n1: 843472 0x4164B3: std::__detail::_MakeUniq<app::LegacyModules>::__single_object std::make_unique<app::LegacyModules, int>(int&&) (unique_ptr.h:1105)
                          n1: 843472 0x405304: app::App::initialize(app::AppOptions const&) (app.cpp:164)
                           n1: 843472 0x402CED: app_main(int, char**)::{lambda()#1}::operator()() const (main.cpp:87)
                            n1: 843472 0x403C20: int std::__invoke_impl<int, app_main(int, char**)::{lambda()#1}&>(std::__invoke_other, app_main(int, char**)::{lambda()#1}&) (invoke.h:63)
                             n1: 843472 0x4039CB: std::enable_if<is_invocable_r_v<int, app_main(int, char**)::{lambda()#1}&>, int>::type std::__invoke_r<int, app_main(int, char**)::{lambda()#1}&>(app_main(int, char**)::{lambda()#1}&) (invoke.h:116)
                              n1: 843472 0x40378A: std::_Function_handler<int (), app_main(int, char**)::{lambda()#1}>::_M_invoke(std::_Any_data const&) (std_function.h:295)
                               n1: 843472 0xC5D4E5: std::function<int ()>::operator()() const (std_function.h:581)
                                n0: 843472 0xC5D547: she::SDL2System::run(std::function<int ()>&&) (she.cpp:723)
 n1: 837442 0x4404C0: std::__new_allocator<unsigned char>::allocate(unsigned long, void const*) (new_allocator.h:162)
  n1: 837442 0x43A818: allocate (allocator.h:206)
   n1: 837442 0x43A818: allocate (alloc_traits.h:638)
    n2: 837442 0x43A818: std::_Vector_base<unsigned char, std::allocator<unsigned char> >::_M_allocate(unsigned long) (stl_vector.h:389)
     n1: 806412 0x464EA4: std::vector<unsigned char, std::allocator<unsigned char> >::_M_default_append(unsigned long) (vector.tcc:857)
      n1: 806412 0x464730: std::vector<unsigned char, std::allocator<unsigned char> >::resize(unsigned long) (stl_vector.h:1136)
       n1: 806412 0xBB1B81: doc::ImageBuffer::resizeIfNecessary(unsigned long) (image_buffer.h:27)
        n1: 806412 0xBB2C6C: doc::ImageImpl<doc::RgbTraits>::ImageImpl(int, int, base::SharedPtr<doc::ImageBuffer> const&) (image_impl.h:68)
         n2: 806412 0xBB15D3: doc::Image::create(doc::PixelFormat, int, int, base::SharedPtr<doc::ImageBuffer> const&) (image.cpp:55)
          n1: 724800 0x919E03: app::Editor::drawOneSpriteUnclippedRect(ui::Graphics*, gfx::RectT<int> const&, int, int) (editor.cpp:471)
           n1: 724800 0x91B32D: app::Editor::drawSpriteUnclippedRect(ui::Graphics*, gfx::RectT<int> const&) (editor.cpp:566)
            n1: 724800 0x923366: app::Editor::onPaint(ui::PaintEvent&) (editor.cpp:1389)
             n1: 724800 0xCA792D: ui::Widget::paintEvent(ui::Graphics*) (widget.cpp:1054)
              n1: 724800 0xCA7BDE: ui::Widget::onProcessMessage(ui::Message*) (widget.cpp:1354)
               n1: 724800 0x922C04: app::Editor::onProcessMessage(ui::Message*) (editor.cpp:1346)
                n1: 724800 0x90C5CE: app::AppEditor::onProcessMessage(ui::Message*) (document_view.cpp:130)
                 n1: 724800 0xCA20B6: ui::Widget::sendMessage(ui::Message*) (widget.cpp:1156)
                  n1: 724800 0xC84B2A: ui::Manager::pumpQueue() (manager.cpp:1334)
                   n1: 724800 0xC84CA0: ui::Manager::dispatchMessages() (manager.cpp:604)
                    n1: 724800 0xC91849: ui::MessageLoop::pumpMessages() (message_loop.cpp:26)
                     n1: 724800 0xC8321E: ui::Manager::run() (manager.cpp:172)
                      n1: 724800 0x40C798: app::App::run() (app.cpp:664)
                       n1: 724800 0x402D7D: app_main(int, char**)::{lambda()#1}::operator()() const (main.cpp:92)
                        n1: 724800 0x403C20: int std::__invoke_impl<int, app_main(int, char**)::{lambda()#1}&>(std::__invoke_other, app_main(int, char**)::{lambda()#1}&) (invoke.h:63)
                         n1: 724800 0x4039CB: std::enable_if<is_invocable_r_v<int, app_main(int, char**)::{lambda()#1}&>, int>::type std::__invoke_r<int, app_main(int, char**)::{lambda()#1}&>(app_main(int, char**)::{lambda()#1}&) (invoke.h:116)
                          n1: 724800 0x40378A: std::_Function_handler<int (), app_main(int, char**)::{lambda()#1}>::_M_invoke(std::_Any_data const&) (std_function.h:295)
                           n1: 724800 0xC5D4E5: std::function<int ()>::operator()() const (std_function.h:581)
                            n1: 724800 0xC5D547: she::SDL2System::run(std::function<int ()>&&) (she.cpp:723)
                             n1: 724800 0x403361: app_main(int, char**) (main.cpp:73)
                              n0: 724800 0xC5AC2E: main (she.cpp:993)
          n0: 81612 in 3 places, all below massif's threshold (1.00%)
     n0: 31030 in 1 place, below massif's threshold (1.00%)
 n1: 271576 0x17FEBDB5: ???
  n1: 271576 0x17ED3A8B: ???
   n1: 271576 0x17D62CED: ???
    n1: 271576 0x17D73C10: ???
     n1: 271576 0x17CE02D6: ???
      n1: 271576 0x17CE4438: ???
       n1: 271576 0x17BECA0E: ???
        n1: 271576 0x17BDF119: ???
         n1: 271576 0x87E6D30: SDL_EGL_CreateContext (SDL_egl.c:1105)
          n1: 271576 0x8878F2D: Wayland_GLES_CreateContext (SDL_waylandopengles.c:60)
           n1: 271576 0x880E9F4: SDL_GL_CreateContext_REAL (SDL_video.c:5432)
            n1: 271576 0x8756277: GL_CreateRenderer.lto_priv.0 (SDL_render_gl.c:1847)
             n1: 271576 0x873E292: SDL_CreateRendererWithProperties_REAL (SDL_render.c:1142)
              n1: 271576 0x873E576: SDL_CreateRenderer_REAL (SDL_render.c:1287)
               n1: 271576 0x4EA2628: SDL_CreateRenderer_REAL (sdl2_compat.c:5986)
                n1: 271576 0xC39255: she::SDL2Display::SDL2Display(int, int, int)::{lambda()#1}::operator()() const (sdl2_display.cpp:83)
                 n1: 271576 0xC39389: __invoke_impl<void, she::SDL2Display::SDL2Display(int, int, int)::<lambda()>&> (invoke.h:63)
                  n1: 271576 0xC39389: __invoke_r<void, she::SDL2Display::SDL2Display(int, int, int)::<lambda()>&> (invoke.h:113)
                   n1: 271576 0xC39389: std::_Function_handler<void (), she::SDL2Display::SDL2Display(int, int, int)::{lambda()#1}>::_M_invoke(std::_Any_data const&) (std_function.h:295)
                    n1: 271576 0x421E25: std::function<void ()>::operator()() const (std_function.h:581)
                     n1: 271576 0xC60013: she::SDL2System::gfx(std::function<void ()>&&, bool) (she.cpp:680)
                      n1: 271576 0xC38110: she::SDL2Display::SDL2Display(int, int, int) (sdl2_display.cpp:73)
                       n1: 271576 0xC5C3B6: she::SDL2System::createDisplay(int, int, int) (she.cpp:872)
                        n1: 271576 0x690189: app::create_main_display(bool, bool&, std::__cxx11::basic_string<char, std::char_traits<char>, std::allocator<char> >&) (gui.cpp:112)
                         n1: 271576 0x690A8C: app::init_module_gui() (gui.cpp:164)
                          n1: 271576 0x6894AC: app::LegacyModules::LegacyModules(int) (modules.cpp:47)
                           n1: 271576 0x4164B3: std::__detail::_MakeUniq<app::LegacyModules>::__single_object std::make_unique<app::LegacyModules, int>(int&&) (unique_ptr.h:1105)
                            n1: 271576 0x405304: app::App::initialize(app::AppOptions const&) (app.cpp:164)
                             n1: 271576 0x402CED: app_main(int, char**)::{lambda()#1}::operator()() const (main.cpp:87)
                              n1: 271576 0x403C20: int std::__invoke_impl<int, app_main(int, char**)::{lambda()#1}&>(std::__invoke_other, app_main(int, char**)::{lambda()#1}&) (invoke.h:63)
                               n1: 271576 0x4039CB: std::enable_if<is_invocable_r_v<int, app_main(int, char**)::{lambda()#1}&>, int>::type std::__invoke_r<int, app_main(int, char**)::{lambda()#1}&>(app_main(int, char**)::{lambda()#1}&) (invoke.h:116)
                                n0: 271576 0x40378A: std::_Function_handler<int (), app_main(int, char**)::{lambda()#1}>::_M_invoke(std::_Any_data const&) (std_function.h:295)
 n1: 240944 0x87F71DB: real_malloc (SDL_malloc.c:6334)
  n1: 240944 0x87F71DB: SDL_malloc_REAL (SDL_malloc.c:6459)
   n2: 240944 0x87F71DB: SDL_CreateSurface_REAL (SDL_surface.c:221)
    n1: 238280 0x4EA9154: SDL_CreateRGBSurfaceWithFormat_REAL (sdl2_compat.c:4435)
     n1: 238280 0xC57528: she::SDL2Surface::applyScale(int) (sdl2_surface.cpp:168)
      n1: 238280 0x9EB15C: app::skin::SkinTheme::sliceSheet(she::Surface*, gfx::RectT<int> const&) (skin_theme.cpp:859)
       n0: 238280 in 11 places, all below massif's threshold (1.00%)
    n0: 2664 in 3 places, all below massif's threshold (1.00%)
#-----------
snapshot=40
#-----------
time=5574133967
mem_heap_B=22208814
mem_heap_extra_B=799546
mem_stacks_B=0
heap_tree=empty
#-----------
snapshot=41
#-----------
time=5693543359
mem_heap_B=22208814
mem_heap_extra_B=799562
mem_stacks_B=0
heap_tree=empty
#-----------
snapshot=42
#-----------
time=5858343039
mem_heap_B=22210846
mem_heap_extra_B=800042
mem_stacks_B=0
heap_tree=empty
#-----------
snapshot=43
#-----------
time=6067363879
mem_heap_B=22213350
mem_heap_extra_B=801346
mem_stacks_B=0
heap_tree=empty
#-----------
snapshot=44
#-----------
time=6276906437
mem_heap_B=22218591
mem_heap_extra_B=799617
mem_stacks_B=0
heap_tree=empty
#-----------
snapshot=45
#-----------
time=6382245724
mem_heap_B=22218807
mem_heap_extra_B=799633
mem_stacks_B=0
heap_tree=empty
#-----------
snapshot=46
#-----------
time=6541408819
mem_heap_B=22219207
mem_heap_extra_B=799761
mem_stacks_B=0
heap_tree=detailed
n8: 22219207 (heap allocation functions) malloc/new/new[], --alloc-fns, etc.
 n3: 9651888 0x181DDF1C: ???
  n2: 5730464 0x181DF139: ???
   n0: 5328032 in 375 places, all below massif's threshold (1.00%)
   n1: 402432 0x18068FE1: ???
    n0: 402432 in 29 places, all below massif's threshold (1.00%)
  n2: 3372560 0x181DEB02: ???
   n4: 3306928 0x181DEC14: ???
    n3: 1636576 0x182425A1: ???
     n1: 753296 0x18243E2A: ???
      n1: 753296 0x182FCEFC: ???
       n1: 753296 0x182FDD39: ???
        n2: 753296 0x182FE09B: ???
         n1: 425776 0x17D816B9: ???
          n1: 425776 0x17D82608: ???
           n1: 425776 0x17D82D64: ???
            n1: 425776 0x17D8444B: ???
             n1: 425776 0x17D845CC: ???
              n1: 425776 0x1802FD0D: ???
               n1: 425776 0x17FE8D96: ???
                n1: 425776 0x8756CB2: CompileShaderProgram (SDL_shaders_gl.c:587)
                 n1: 425776 0x8756CB2: GL_CreateShaderContext (SDL_shaders_gl.c:685)
                  n1: 425776 0x8756CB2: GL_CreateRenderer.lto_priv.0 (SDL_render_gl.c:1947)
                   n1: 425776 0x873E292: SDL_CreateRendererWithProperties_REAL (SDL_render.c:1142)
                    n1: 425776 0x873E576: SDL_CreateRenderer_REAL (SDL_render.c:1287)
                     n1: 425776 0x4EA2628: SDL_CreateRenderer_REAL (sdl2_compat.c:5986)
                      n1: 425776 0xC39255: she::SDL2Display::SDL2Display(int, int, int)::{lambda()#1}::operator()() const (sdl2_display.cpp:83)
                       n1: 425776 0xC39389: __invoke_impl<void, she::SDL2Display::SDL2Display(int, int, int)::<lambda()>&> (invoke.h:63)
                        n1: 425776 0xC39389: __invoke_r<void, she::SDL2Display::SDL2Display(int, int, int)::<lambda()>&> (invoke.h:113)
                         n1: 425776 0xC39389: std::_Function_handler<void (), she::SDL2Display::SDL2Display(int, int, int)::{lambda()#1}>::_M_invoke(std::_Any_data const&) (std_function.h:295)
                          n1: 425776 0x421E25: std::function<void ()>::operator()() const (std_function.h:581)
                           n1: 425776 0xC60013: she::SDL2System::gfx(std::function<void ()>&&, bool) (she.cpp:680)
                            n1: 425776 0xC38110: she::SDL2Display::SDL2Display(int, int, int) (sdl2_display.cpp:73)
                             n1: 425776 0xC5C3B6: she::SDL2System::createDisplay(int, int, int) (she.cpp:872)
                              n1: 425776 0x690189: app::create_main_display(bool, bool&, std::__cxx11::basic_string<char, std::char_traits<char>, std::allocator<char> >&) (gui.cpp:112)
                               n1: 425776 0x690A8C: app::init_module_gui() (gui.cpp:164)
                                n1: 425776 0x6894AC: app::LegacyModules::LegacyModules(int) (modules.cpp:47)
                                 n1: 425776 0x4164B3: std::__detail::_MakeUniq<app::LegacyModules>::__single_object std::make_unique<app::LegacyModules, int>(int&&) (unique_ptr.h:1105)
                                  n0: 425776 0x405304: app::App::initialize(app::AppOptions const&) (app.cpp:164)
         n1: 327520 0x17D823C6: ???
          n1: 327520 0x17D82836: ???
           n1: 327520 0x17D82E94: ???
            n1: 327520 0x17D8444B: ???
             n1: 327520 0x17D845CC: ???
              n1: 327520 0x1802FD0D: ???
               n1: 327520 0x17FE8D96: ???
                n1: 327520 0x8756CB2: CompileShaderProgram (SDL_shaders_gl.c:587)
                 n1: 327520 0x8756CB2: GL_CreateShaderContext (SDL_shaders_gl.c:685)
                  n1: 327520 0x8756CB2: GL_CreateRenderer.lto_priv.0 (SDL_render_gl.c:1947)
                   n1: 327520 0x873E292: SDL_CreateRendererWithProperties_REAL (SDL_render.c:1142)
                    n1: 327520 0x873E576: SDL_CreateRenderer_REAL (SDL_render.c:1287)
                     n1: 327520 0x4EA2628: SDL_CreateRenderer_REAL (sdl2_compat.c:5986)
                      n1: 327520 0xC39255: she::SDL2Display::SDL2Display(int, int, int)::{lambda()#1}::operator()() const (sdl2_display.cpp:83)
                       n1: 327520 0xC39389: __invoke_impl<void, she::SDL2Display::SDL2Display(int, int, int)::<lambda()>&> (invoke.h:63)
                        n1: 327520 0xC39389: __invoke_r<void, she::SDL2Display::SDL2Display(int, int, int)::<lambda()>&> (invoke.h:113)
                         n1: 327520 0xC39389: std::_Function_handler<void (), she::SDL2Display::SDL2Display(int, int, int)::{lambda()#1}>::_M_invoke(std::_Any_data const&) (std_function.h:295)
                          n1: 327520 0x421E25: std::function<void ()>::operator()() const (std_function.h:581)
                           n1: 327520 0xC60013: she::SDL2System::gfx(std::function<void ()>&&, bool) (she.cpp:680)
                            n1: 327520 0xC38110: she::SDL2Display::SDL2Display(int, int, int) (sdl2_display.cpp:73)
                             n1: 327520 0xC5C3B6: she::SDL2System::createDisplay(int, int, int) (she.cpp:872)
                              n1: 327520 0x690189: app::create_main_display(bool, bool&, std::__cxx11::basic_string<char, std::char_traits<char>, std::allocator<char> >&) (gui.cpp:112)
                               n1: 327520 0x690A8C: app::init_module_gui() (gui.cpp:164)
                                n1: 327520 0x6894AC: app::LegacyModules::LegacyModules(int) (modules.cpp:47)
                                 n1: 327520 0x4164B3: std::__detail::_MakeUniq<app::LegacyModules>::__single_object std::make_unique<app::LegacyModules, int>(int&&) (unique_ptr.h:1105)
                                  n0: 327520 0x405304: app::App::initialize(app::AppOptions const&) (app.cpp:164)
     n2: 457504 0x18243C98: ???
      n1: 457504 0x182FCC9D: ???
       n1: 457504 0x182FDD39: ???
        n2: 457504 0x182FE09B: ???
         n1: 457504 0x17D823C6: ???
          n1: 457504 0x17D82836: ???
           n1: 457504 0x17D82E94: ???
            n1: 457504 0x17D8444B: ???
             n1: 457504 0x17D845CC: ???
              n1: 457504 0x1802FD0D: ???
               n1: 457504 0x17FE8D96: ???
                n1: 457504 0x8756CB2: CompileShaderProgram (SDL_shaders_gl.c:587)
                 n1: 457504 0x8756CB2: GL_CreateShaderContext (SDL_shaders_gl.c:685)
                  n1: 457504 0x8756CB2: GL_CreateRenderer.lto_priv.0 (SDL_render_gl.c:1947)
                   n1: 457504 0x873E292: SDL_CreateRendererWithProperties_REAL (SDL_render.c:1142)
                    n1: 457504 0x873E576: SDL_CreateRenderer_REAL (SDL_render.c:1287)
                     n1: 457504 0x4EA2628: SDL_CreateRenderer_REAL (sdl2_compat.c:5986)
                      n1: 457504 0xC39255: she::SDL2Display::SDL2Display(int, int, int)::{lambda()#1}::operator()() const (sdl2_display.cpp:83)
                       n1: 457504 0xC39389: __invoke_impl<void, she::SDL2Display::SDL2Display(int, int, int)::<lambda()>&> (invoke.h:63)
                        n1: 457504 0xC39389: __invoke_r<void, she::SDL2Display::SDL2Display(int, int, int)::<lambda()>&> (invoke.h:113)
                         n1: 457504 0xC39389: std::_Function_handler<void (), she::SDL2Display::SDL2Display(int, int, int)::{lambda()#1}>::_M_invoke(std::_Any_data const&) (std_function.h:295)
                          n1: 457504 0x421E25: std::function<void ()>::operator()() const (std_function.h:581)
                           n1: 457504 0xC60013: she::SDL2System::gfx(std::function<void ()>&&, bool) (she.cpp:680)
                            n1: 457504 0xC38110: she::SDL2Display::SDL2Display(int, int, int) (sdl2_display.cpp:73)
                             n1: 457504 0xC5C3B6: she::SDL2System::createDisplay(int, int, int) (she.cpp:872)
                              n1: 457504 0x690189: app::create_main_display(bool, bool&, std::__cxx11::basic_string<char, std::char_traits<char>, std::allocator<char> >&) (gui.cpp:112)
                               n1: 457504 0x690A8C: app::init_module_gui() (gui.cpp:164)
                                n1: 457504 0x6894AC: app::LegacyModules::LegacyModules(int) (modules.cpp:47)
                                 n1: 457504 0x4164B3: std::__detail::_MakeUniq<app::LegacyModules>::__single_object std::make_unique<app::LegacyModules, int>(int&&) (unique_ptr.h:1105)
                                  n0: 457504 0x405304: app::App::initialize(app::AppOptions const&) (app.cpp:164)
         n0: 0 in 1 place, below massif's threshold (1.00%)
      n0: 0 in 2 places, all below massif's threshold (1.00%)
     n2: 425776 0x18243EBD: ???
      n1: 425776 0x182FCFBE: ???
       n1: 425776 0x182FDD39: ???
        n1: 425776 0x182FE09B: ???
         n1: 425776 0x17D823C6: ???
          n1: 425776 0x17D82836: ???
           n1: 425776 0x17D82E94: ???
            n1: 425776 0x17D8444B: ???
             n1: 425776 0x17D845CC: ???
              n1: 425776 0x1802FD0D: ???
               n1: 425776 0x17FE8D96: ???
                n1: 425776 0x8756CB2: CompileShaderProgram (SDL_shaders_gl.c:587)
                 n1: 425776 0x8756CB2: GL_CreateShaderContext (SDL_shaders_gl.c:685)
                  n1: 425776 0x8756CB2: GL_CreateRenderer.lto_priv.0 (SDL_render_gl.c:1947)
                   n1: 425776 0x873E292: SDL_CreateRendererWithProperties_REAL (SDL_render.c:1142)
                    n1: 425776 0x873E576: SDL_CreateRenderer_REAL (SDL_render.c:1287)
                     n1: 425776 0x4EA2628: SDL_CreateRenderer_REAL (sdl2_compat.c:5986)
                      n1: 425776 0xC39255: she::SDL2Display::SDL2Display(int, int, int)::{lambda()#1}::operator()() const (sdl2_display.cpp:83)
                       n1: 425776 0xC39389: __invoke_impl<void, she::SDL2Display::SDL2Display(int, int, int)::<lambda()>&> (invoke.h:63)
                        n1: 425776 0xC39389: __invoke_r<void, she::SDL2Display::SDL2Display(int, int, int)::<lambda()>&> (invoke.h:113)
                         n1: 425776 0xC39389: std::_Function_handler<void (), she::SDL2Display::SDL2Display(int, int, int)::{lambda()#1}>::_M_invoke(std::_Any_data const&) (std_function.h:295)
                          n1: 425776 0x421E25: std::function<void ()>::operator()() const (std_function.h:581)
                           n1: 425776 0xC60013: she::SDL2System::gfx(std::function<void ()>&&, bool) (she.cpp:680)
                            n1: 425776 0xC38110: she::SDL2Display::SDL2Display(int, int, int) (sdl2_display.cpp:73)
                             n1: 425776 0xC5C3B6: she::SDL2System::createDisplay(int, int, int) (she.cpp:872)
                              n1: 425776 0x690189: app::create_main_display(bool, bool&, std::__cxx11::basic_string<char, std::char_traits<char>, std::allocator<char> >&) (gui.cpp:112)
                               n1: 425776 0x690A8C: app::init_module_gui() (gui.cpp:164)
                                n1: 425776 0x6894AC: app::LegacyModules::LegacyModules(int) (modules.cpp:47)
                                 n1: 425776 0x4164B3: std::__detail::_MakeUniq<app::LegacyModules>::__single_object std::make_unique<app::LegacyModules, int>(int&&) (unique_ptr.h:1105)
                                  n0: 425776 0x405304: app::App::initialize(app::AppOptions const&) (app.cpp:164)
      n0: 0 in 1 place, below massif's threshold (1.00%)
    n2: 851552 0x18243D84: ???
     n1: 818800 0x182FCB49: ???
      n1: 818800 0x182FDD39: ???
       n2: 818800 0x182FE09B: ???
        n1: 425776 0x17D816B9: ???
         n1: 425776 0x17D82608: ???
          n1: 425776 0x17D82D64: ???
           n1: 425776 0x17D8444B: ???
            n1: 425776 0x17D845CC: ???
             n1: 425776 0x1802FD0D: ???
              n1: 425776 0x17FE8D96: ???
               n1: 425776 0x8756CB2: CompileShaderProgram (SDL_shaders_gl.c:587)
                n1: 425776 0x8756CB2: GL_CreateShaderContext (SDL_shaders_gl.c:685)
                 n1: 425776 0x8756CB2: GL_CreateRenderer.lto_priv.0 (SDL_render_gl.c:1947)
                  n1: 425776 0x873E292: SDL_CreateRendererWithProperties_REAL (SDL_render.c:1142)
                   n1: 425776 0x873E576: SDL_CreateRenderer_REAL (SDL_render.c:1287)
                    n1: 425776 0x4EA2628: SDL_CreateRenderer_REAL (sdl2_compat.c:5986)
                     n1: 425776 0xC39255: she::SDL2Display::SDL2Display(int, int, int)::{lambda()#1}::operator()() const (sdl2_display.cpp:83)
                      n1: 425776 0xC39389: __invoke_impl<void, she::SDL2Display::SDL2Display(int, int, int)::<lambda()>&> (invoke.h:63)
                       n1: 425776 0xC39389: __invoke_r<void, she::SDL2Display::SDL2Display(int, int, int)::<lambda()>&> (invoke.h:113)
                        n1: 425776 0xC39389: std::_Function_handler<void (), she::SDL2Display::SDL2Display(int, int, int)::{lambda()#1}>::_M_invoke(std::_Any_data const&) (std_function.h:295)
                         n1: 425776 0x421E25: std::function<void ()>::operator()() const (std_function.h:581)
                          n1: 425776 0xC60013: she::SDL2System::gfx(std::function<void ()>&&, bool) (she.cpp:680)
                           n1: 425776 0xC38110: she::SDL2Display::SDL2Display(int, int, int) (sdl2_display.cpp:73)
                            n1: 425776 0xC5C3B6: she::SDL2System::createDisplay(int, int, int) (she.cpp:872)
                             n1: 425776 0x690189: app::create_main_display(bool, bool&, std::__cxx11::basic_string<char, std::char_traits<char>, std::allocator<char> >&) (gui.cpp:112)
                              n1: 425776 0x690A8C: app::init_module_gui() (gui.cpp:164)
                               n1: 425776 0x6894AC: app::LegacyModules::LegacyModules(int) (modules.cpp:47)
                                n1: 425776 0x4164B3: std::__detail::_MakeUniq<app::LegacyModules>::__single_object std::make_unique<app::LegacyModules, int>(int&&) (unique_ptr.h:1105)
                                 n1: 425776 0x405304: app::App::initialize(app::AppOptions const&) (app.cpp:164)
                                  n0: 425776 0x402CED: app_main(int, char**)::{lambda()#1}::operator()() const (main.cpp:87)
        n1: 393024 0x17D823C6: ???
         n1: 393024 0x17D82836: ???
          n1: 393024 0x17D82E94: ???
           n1: 393024 0x17D8444B: ???
            n1: 393024 0x17D845CC: ???
             n1: 393024 0x1802FD0D: ???
              n1: 393024 0x17FE8D96: ???
               n1: 393024 0x8756CB2: CompileShaderProgram (SDL_shaders_gl.c:587)
                n1: 393024 0x8756CB2: GL_CreateShaderContext (SDL_shaders_gl.c:685)
                 n1: 393024 0x8756CB2: GL_CreateRenderer.lto_priv.0 (SDL_render_gl.c:1947)
                  n1: 393024 0x873E292: SDL_CreateRendererWithProperties_REAL (SDL_render.c:1142)
                   n1: 393024 0x873E576: SDL_CreateRenderer_REAL (SDL_render.c:1287)
                    n1: 393024 0x4EA2628: SDL_CreateRenderer_REAL (sdl2_compat.c:5986)
                     n1: 393024 0xC39255: she::SDL2Display::SDL2Display(int, int, int)::{lambda()#1}::operator()() const (sdl2_display.cpp:83)
                      n1: 393024 0xC39389: __invoke_impl<void, she::SDL2Display::SDL2Display(int, int, int)::<lambda()>&> (invoke.h:63)
                       n1: 393024 0xC39389: __invoke_r<void, she::SDL2Display::SDL2Display(int, int, int)::<lambda()>&> (invoke.h:113)
                        n1: 393024 0xC39389: std::_Function_handler<void (), she::SDL2Display::SDL2Display(int, int, int)::{lambda()#1}>::_M_invoke(std::_Any_data const&) (std_function.h:295)
                         n1: 393024 0x421E25: std::function<void ()>::operator()() const (std_function.h:581)
                          n1: 393024 0xC60013: she::SDL2System::gfx(std::function<void ()>&&, bool) (she.cpp:680)
                           n1: 393024 0xC38110: she::SDL2Display::SDL2Display(int, int, int) (sdl2_display.cpp:73)
                            n1: 393024 0xC5C3B6: she::SDL2System::createDisplay(int, int, int) (she.cpp:872)
                             n1: 393024 0x690189: app::create_main_display(bool, bool&, std::__cxx11::basic_string<char, std::char_traits<char>, std::allocator<char> >&) (gui.cpp:112)
                              n1: 393024 0x690A8C: app::init_module_gui() (gui.cpp:164)
                               n1: 393024 0x6894AC: app::LegacyModules::LegacyModules(int) (modules.cpp:47)
                                n1: 393024 0x4164B3: std::__detail::_MakeUniq<app::LegacyModules>::__single_object std::make_unique<app::LegacyModules, int>(int&&) (unique_ptr.h:1105)
                                 n1: 393024 0x405304: app::App::initialize(app::AppOptions const&) (app.cpp:164)
                                  n0: 393024 0x402CED: app_main(int, char**)::{lambda()#1}::operator()() const (main.cpp:87)
     n0: 32752 in 3 places, all below massif's threshold (1.00%)
    n1: 818800 0x182FADA5: ???
     n2: 818800 0x182FDFCF: ???
      n1: 425776 0x17D816B9: ???
       n1: 425776 0x17D82608: ???
        n1: 425776 0x17D82D64: ???
         n1: 425776 0x17D8444B: ???
          n1: 425776 0x17D845CC: ???
           n1: 425776 0x1802FD0D: ???
            n1: 425776 0x17FE8D96: ???
             n1: 425776 0x8756CB2: CompileShaderProgram (SDL_shaders_gl.c:587)
              n1: 425776 0x8756CB2: GL_CreateShaderContext (SDL_shaders_gl.c:685)
               n1: 425776 0x8756CB2: GL_CreateRenderer.lto_priv.0 (SDL_render_gl.c:1947)
                n1: 425776 0x873E292: SDL_CreateRendererWithProperties_REAL (SDL_render.c:1142)
                 n1: 425776 0x873E576: SDL_CreateRenderer_REAL (SDL_render.c:1287)
                  n1: 425776 0x4EA2628: SDL_CreateRenderer_REAL (sdl2_compat.c:5986)
                   n1: 425776 0xC39255: she::SDL2Display::SDL2Display(int, int, int)::{lambda()#1}::operator()() const (sdl2_display.cpp:83)
                    n1: 425776 0xC39389: __invoke_impl<void, she::SDL2Display::SDL2Display(int, int, int)::<lambda()>&> (invoke.h:63)
                     n1: 425776 0xC39389: __invoke_r<void, she::SDL2Display::SDL2Display(int, int, int)::<lambda()>&> (invoke.h:113)
                      n1: 425776 0xC39389: std::_Function_handler<void (), she::SDL2Display::SDL2Display(int, int, int)::{lambda()#1}>::_M_invoke(std::_Any_data const&) (std_function.h:295)
                       n1: 425776 0x421E25: std::function<void ()>::operator()() const (std_function.h:581)
                        n1: 425776 0xC60013: she::SDL2System::gfx(std::function<void ()>&&, bool) (she.cpp:680)
                         n1: 425776 0xC38110: she::SDL2Display::SDL2Display(int, int, int) (sdl2_display.cpp:73)
                          n1: 425776 0xC5C3B6: she::SDL2System::createDisplay(int, int, int) (she.cpp:872)
                           n1: 425776 0x690189: app::create_main_display(bool, bool&, std::__cxx11::basic_string<char, std::char_traits<char>, std::allocator<char> >&) (gui.cpp:112)
                            n1: 425776 0x690A8C: app::init_module_gui() (gui.cpp:164)
                             n1: 425776 0x6894AC: app::LegacyModules::LegacyModules(int) (modules.cpp:47)
                              n1: 425776 0x4164B3: std::__detail::_MakeUniq<app::LegacyModules>::__single_object std::make_unique<app::LegacyModules, int>(int&&) (unique_ptr.h:1105)
                               n1: 425776 0x405304: app::App::initialize(app::AppOptions const&) (app.cpp:164)
                                n1: 425776 0x402CED: app_main(int, char**)::{lambda()#1}::operator()() const (main.cpp:87)
                                 n1: 425776 0x403C20: int std::__invoke_impl<int, app_main(int, char**)::{lambda()#1}&>(std::__invoke_other, app_main(int, char**)::{lambda()#1}&) (invoke.h:63)
                                  n0: 425776 0x4039CB: std::enable_if<is_invocable_r_v<int, app_main(int, char**)::{lambda()#1}&>, int>::type std::__invoke_r<int, app_main(int, char**)::{lambda()#1}&>(app_main(int, char**)::{lambda()#1}&) (invoke.h:116)
      n1: 393024 0x17D823C6: ???
       n1: 393024 0x17D82836: ???
        n1: 393024 0x17D82E94: ???
         n1: 393024 0x17D8444B: ???
          n1: 393024 0x17D845CC: ???
           n1: 393024 0x1802FD0D: ???
            n1: 393024 0x17FE8D96: ???
             n1: 393024 0x8756CB2: CompileShaderProgram (SDL_shaders_gl.c:587)
              n1: 393024 0x8756CB2: GL_CreateShaderContext (SDL_shaders_gl.c:685)
               n1: 393024 0x8756CB2: GL_CreateRenderer.lto_priv.0 (SDL_render_gl.c:1947)
                n1: 393024 0x873E292: SDL_CreateRendererWithProperties_REAL (SDL_render.c:1142)
                 n1: 393024 0x873E576: SDL_CreateRenderer_REAL (SDL_render.c:1287)
                  n1: 393024 0x4EA2628: SDL_CreateRenderer_REAL (sdl2_compat.c:5986)
                   n1: 393024 0xC39255: she::SDL2Display::SDL2Display(int, int, int)::{lambda()#1}::operator()() const (sdl2_display.cpp:83)
                    n1: 393024 0xC39389: __invoke_impl<void, she::SDL2Display::SDL2Display(int, int, int)::<lambda()>&> (invoke.h:63)
                     n1: 393024 0xC39389: __invoke_r<void, she::SDL2Display::SDL2Display(int, int, int)::<lambda()>&> (invoke.h:113)
                      n1: 393024 0xC39389: std::_Function_handler<void (), she::SDL2Display::SDL2Display(int, int, int)::{lambda()#1}>::_M_invoke(std::_Any_data const&) (std_function.h:295)
                       n1: 393024 0x421E25: std::function<void ()>::operator()() const (std_function.h:581)
                        n1: 393024 0xC60013: she::SDL2System::gfx(std::function<void ()>&&, bool) (she.cpp:680)
                         n1: 393024 0xC38110: she::SDL2Display::SDL2Display(int, int, int) (sdl2_display.cpp:73)
                          n1: 393024 0xC5C3B6: she::SDL2System::createDisplay(int, int, int) (she.cpp:872)
                           n1: 393024 0x690189: app::create_main_display(bool, bool&, std::__cxx11::basic_string<char, std::char_traits<char>, std::allocator<char> >&) (gui.cpp:112)
                            n1: 393024 0x690A8C: app::init_module_gui() (gui.cpp:164)
                             n1: 393024 0x6894AC: app::LegacyModules::LegacyModules(int) (modules.cpp:47)
                              n1: 393024 0x4164B3: std::__detail::_MakeUniq<app::LegacyModules>::__single_object std::make_unique<app::LegacyModules, int>(int&&) (unique_ptr.h:1105)
                               n1: 393024 0x405304: app::App::initialize(app::AppOptions const&) (app.cpp:164)
                                n1: 393024 0x402CED: app_main(int, char**)::{lambda()#1}::operator()() const (main.cpp:87)
                                 n1: 393024 0x403C20: int std::__invoke_impl<int, app_main(int, char**)::{lambda()#1}&>(std::__invoke_other, app_main(int, char**)::{lambda()#1}&) (invoke.h:63)
                                  n0: 393024 0x4039CB: std::enable_if<is_invocable_r_v<int, app_main(int, char**)::{lambda()#1}&>, int>::type std::__invoke_r<int, app_main(int, char**)::{lambda()#1}&>(app_main(int, char**)::{lambda()#1}&) (invoke.h:116)
    n0: 0 in 2 places, all below massif's threshold (1.00%)
   n0: 65632 in 1 place, below massif's threshold (1.00%)
  n0: 548864 in 69 places, all below massif's threshold (1.00%)
 n1: 4212112 0x878F613: real_malloc (SDL_malloc.c:6334)
  n1: 4212112 0x878F613: SDL_malloc_REAL (SDL_malloc.c:6459)
   n1: 4212112 0x878F613: SDL_aligned_alloc_REAL (SDL_stdlib.c:540)
    n4: 4212112 0x87F73B5: SDL_CreateSurface_REAL (SDL_surface.c:236)
     n2: 2921072 0x4EA9115: SDL_CreateRGBSurface_REAL (sdl2_compat.c:4429)
      n2: 2347336 0xC589DE: she::SDL2Surface::SDL2Surface(int, int, she::SDL2Surface::DestroyFlag) (sdl2_surface.cpp:61)
       n2: 2347336 0xC37D92: she::SDL2Display::recreateSurface() (sdl2_display.cpp:216)
        n2: 2347336 0xC6285F: she::SDL2EventQueue::getEventInternal(she::Event&, bool) (she.cpp:423)
         n1: 2347336 0xC6394A: she::SDL2EventQueue::refresh() (she.cpp:347)
          n1: 2347336 0xC63A15: she::SDL2System::refresh() (she.cpp:789)
           n1: 2347336 0xC63C03: she::SDL2System::sleep() (she.cpp:697)
            n1: 2347336 0xC9187E: ui::MessageLoop::pumpMessages() (message_loop.cpp:30)
             n1: 2347336 0xC8321E: ui::Manager::run() (manager.cpp:172)
              n1: 2347336 0x40C798: app::App::run() (app.cpp:664)
               n1: 2347336 0x402D7D: app_main(int, char**)::{lambda()#1}::operator()() const (main.cpp:92)
                n1: 2347336 0x403C20: int std::__invoke_impl<int, app_main(int, char**)::{lambda()#1}&>(std::__invoke_other, app_main(int, char**)::{lambda()#1}&) (invoke.h:63)
                 n1: 2347336 0x4039CB: std::enable_if<is_invocable_r_v<int, app_main(int, char**)::{lambda()#1}&>, int>::type std::__invoke_r<int, app_main(int, char**)::{lambda()#1}&>(app_main(int, char**)::{lambda()#1}&) (invoke.h:116)
                  n1: 2347336 0x40378A: std::_Function_handler<int (), app_main(int, char**)::{lambda()#1}>::_M_invoke(std::_Any_data const&) (std_function.h:295)
                   n1: 2347336 0xC5D4E5: std::function<int ()>::operator()() const (std_function.h:581)
                    n1: 2347336 0xC5D547: she::SDL2System::run(std::function<int ()>&&) (she.cpp:723)
                     n1: 2347336 0x403361: app_main(int, char**) (main.cpp:73)
                      n0: 2347336 0xC5AC2E: main (she.cpp:993)
         n0: 0 in 1 place, below massif's threshold (1.00%)
        n0: 0 in 1 place, below massif's threshold (1.00%)
       n0: 0 in 1 place, below massif's threshold (1.00%)
      n1: 573736 0xC58DCB: she::SDL2Surface::SDL2Surface(int, int, int, she::SDL2Surface::DestroyFlag) (sdl2_surface.cpp:71)
       n2: 573736 0xC5C262: she::SDL2System::createRgbaSurface(int, int) (she.cpp:880)
        n1: 572872 0x91A9DC: app::Editor::drawOneSpriteUnclippedRect(ui::Graphics*, gfx::RectT<int> const&, int, int) (editor.cpp:533)
         n1: 572872 0x91B32D: app::Editor::drawSpriteUnclippedRect(ui::Graphics*, gfx::RectT<int> const&) (editor.cpp:566)
          n1: 572872 0x923366: app::Editor::onPaint(ui::PaintEvent&) (editor.cpp:1389)
           n1: 572872 0xCA792D: ui::Widget::paintEvent(ui::Graphics*) (widget.cpp:1054)
            n1: 572872 0xCA7BDE: ui::Widget::onProcessMessage(ui::Message*) (widget.cpp:1354)
             n1: 572872 0x922C04: app::Editor::onProcessMessage(ui::Message*) (editor.cpp:1346)
              n1: 572872 0x90C5CE: app::AppEditor::onProcessMessage(ui::Message*) (document_view.cpp:130)
               n1: 572872 0xCA20B6: ui::Widget::sendMessage(ui::Message*) (widget.cpp:1156)
                n1: 572872 0xC84B2A: ui::Manager::pumpQueue() (manager.cpp:1334)
                 n1: 572872 0xC84CA0: ui::Manager::dispatchMessages() (manager.cpp:604)
                  n1: 572872 0xC91849: ui::MessageLoop::pumpMessages() (message_loop.cpp:26)
                   n1: 572872 0xC8321E: ui::Manager::run() (manager.cpp:172)
                    n1: 572872 0x40C798: app::App::run() (app.cpp:664)
                     n1: 572872 0x402D7D: app_main(int, char**)::{lambda()#1}::operator()() const (main.cpp:92)
                      n1: 572872 0x403C20: int std::__invoke_impl<int, app_main(int, char**)::{lambda()#1}&>(std::__invoke_other, app_main(int, char**)::{lambda()#1}&) (invoke.h:63)
                       n1: 572872 0x4039CB: std::enable_if<is_invocable_r_v<int, app_main(int, char**)::{lambda()#1}&>, int>::type std::__invoke_r<int, app_main(int, char**)::{lambda()#1}&>(app_main(int, char**)::{lambda()#1}&) (invoke.h:116)
                        n1: 572872 0x40378A: std::_Function_handler<int (), app_main(int, char**)::{lambda()#1}>::_M_invoke(std::_Any_data const&) (std_function.h:295)
                         n1: 572872 0xC5D4E5: std::function<int ()>::operator()() const (std_function.h:581)
                          n1: 572872 0xC5D547: she::SDL2System::run(std::function<int ()>&&) (she.cpp:723)
                           n1: 572872 0x403361: app_main(int, char**) (main.cpp:73)
                            n0: 572872 0xC5AC2E: main (she.cpp:993)
        n0: 864 in 2 places, all below massif's threshold (1.00%)
     n1: 743240 0x4EA9154: SDL_CreateRGBSurfaceWithFormat_REAL (sdl2_compat.c:4435)
      n1: 743240 0xC57528: she::SDL2Surface::applyScale(int) (sdl2_surface.cpp:168)
       n2: 743240 0x9EB15C: app::skin::SkinTheme::sliceSheet(she::Surface*, gfx::RectT<int> const&) (skin_theme.cpp:859)
        n0: 418848 in 10 places, all below massif's threshold (1.00%)
        n1: 324392 0x9E7745: app::skin::SkinTheme::loadSkinXml(std::__cxx11::basic_string<char, std::char_traits<char>, std::allocator<char> > const&) (skin_theme.cpp:729)
         n1: 324392 0x9DF497: app::skin::SkinTheme::loadXml(std::__cxx11::basic_string<char, std::char_traits<char>, std::allocator<char> > const&) (skin_theme.cpp:325)
          n1: 324392 0x9DBC67: app::skin::SkinTheme::onRegenerate() (skin_theme.cpp:226)
           n1: 324392 0xC9B0A1: ui::Theme::regenerate() (theme.cpp:44)
            n1: 324392 0xC9B113: ui::CurrentTheme::set(ui::Theme*) (theme.cpp:64)
             n1: 324392 0x691160: app::init_module_gui() (gui.cpp:214)
              n1: 324392 0x6894AC: app::LegacyModules::LegacyModules(int) (modules.cpp:47)
               n1: 324392 0x4164B3: std::__detail::_MakeUniq<app::LegacyModules>::__single_object std::make_unique<app::LegacyModules, int>(int&&) (unique_ptr.h:1105)
                n1: 324392 0x405304: app::App::initialize(app::AppOptions const&) (app.cpp:164)
                 n1: 324392 0x402CED: app_main(int, char**)::{lambda()#1}::operator()() const (main.cpp:87)
                  n1: 324392 0x403C20: int std::__invoke_impl<int, app_main(int, char**)::{lambda()#1}&>(std::__invoke_other, app_main(int, char**)::{lambda()#1}&) (invoke.h:63)
                   n1: 324392 0x4039CB: std::enable_if<is_invocable_r_v<int, app_main(int, char**)::{lambda()#1}&>, int>::type std::__invoke_r<int, app_main(int, char**)::{lambda()#1}&>(app_main(int, char**)::{lambda()#1}&) (invoke.h:116)
                    n1: 324392 0x40378A: std::_Function_handler<int (), app_main(int, char**)::{lambda()#1}>::_M_invoke(std::_Any_data const&) (std_function.h:295)
                     n1: 324392 0xC5D4E5: std::function<int ()>::operator()() const (std_function.h:581)
                      n1: 324392 0xC5D547: she::SDL2System::run(std::function<int ()>&&) (she.cpp:723)
                       n1: 324392 0x403361: app_main(int, char**) (main.cpp:73)
                        n0: 324392 0xC5AC2E: main (she.cpp:993)
     n2: 547800 0x880156E: SDL_ConvertSurfaceRectAndColorspace.lto_priv.0 (SDL_surface.c:1930)
      n1: 531344 0x4EA90C3: SDL_ConvertSurfaceFormat_REAL (sdl2_compat.c:4357)
       n2: 531344 0xC5CC59: she::SDL2System::loadRgbaSurface(char const*) (she.cpp:909)
        n1: 326472 0x9DC16E: app::skin::SkinTheme::loadSheet(std::__cxx11::basic_string<char, std::char_traits<char>, std::allocator<char> > const&) (skin_theme.cpp:248)
         n1: 326472 0x9DBC1F: app::skin::SkinTheme::onRegenerate() (skin_theme.cpp:225)
          n1: 326472 0xC9B0A1: ui::Theme::regenerate() (theme.cpp:44)
           n1: 326472 0xC9B113: ui::CurrentTheme::set(ui::Theme*) (theme.cpp:64)
            n1: 326472 0x691160: app::init_module_gui() (gui.cpp:214)
             n1: 326472 0x6894AC: app::LegacyModules::LegacyModules(int) (modules.cpp:47)
              n1: 326472 0x4164B3: std::__detail::_MakeUniq<app::LegacyModules>::__single_object std::make_unique<app::LegacyModules, int>(int&&) (unique_ptr.h:1105)
               n1: 326472 0x405304: app::App::initialize(app::AppOptions const&) (app.cpp:164)
                n1: 326472 0x402CED: app_main(int, char**)::{lambda()#1}::operator()() const (main.cpp:87)
                 n1: 326472 0x403C20: int std::__invoke_impl<int, app_main(int, char**)::{lambda()#1}&>(std::__invoke_other, app_main(int, char**)::{lambda()#1}&) (invoke.h:63)
                  n1: 326472 0x4039CB: std::enable_if<is_invocable_r_v<int, app_main(int, char**)::{lambda()#1}&>, int>::type std::__invoke_r<int, app_main(int, char**)::{lambda()#1}&>(app_main(int, char**)::{lambda()#1}&) (invoke.h:116)
                   n1: 326472 0x40378A: std::_Function_handler<int (), app_main(int, char**)::{lambda()#1}>::_M_invoke(std::_Any_data const&) (std_function.h:295)
                    n1: 326472 0xC5D4E5: std::function<int ()>::operator()() const (std_function.h:581)
                     n1: 326472 0xC5D547: she::SDL2System::run(std::function<int ()>&&) (she.cpp:723)
                      n1: 326472 0x403361: app_main(int, char**) (main.cpp:73)
                       n0: 326472 0xC5AC2E: main (she.cpp:993)
        n0: 204872 in 1 place, below massif's threshold (1.00%)
      n0: 16456 in 1 place, below massif's threshold (1.00%)
     n0: 0 in 1 place, below massif's threshold (1.00%)
 n0: 3810781 in 1450 places, all below massif's threshold (1.00%)
 n1: 2347264 0x8752FC3: real_calloc (SDL_malloc.c:6335)
  n1: 2347264 0x8752FC3: SDL_calloc_REAL (SDL_malloc.c:6478)
   n1: 2347264 0x8752FC3: GL_CreateTexture (SDL_render_gl.c:601)
    n1: 2347264 0x873B0DE: SDL_CreateTextureWithProperties_REAL (SDL_render.c:1574)
     n1: 2347264 0x4EA36E3: SDL_CreateTexture_REAL (sdl2_compat.c:6698)
      n1: 2347264 0xC590AF: she::SDL2Surface::getTexture(SDL_Rect const*) (sdl2_surface.cpp:535)
       n1: 2347264 0xC375EA: she::SDL2Display::flip(gfx::RectT<int> const&) (sdl2_display.cpp:272)
        n1: 2347264 0xC5C935: she::SDL2EventQueue::forceFlip() (she.cpp:331)
         n2: 2347264 0xC6267D: she::SDL2EventQueue::getEventInternal(she::Event&, bool) (she.cpp:393)
          n1: 2347264 0xC6394A: she::SDL2EventQueue::refresh() (she.cpp:347)
           n1: 2347264 0xC63A15: she::SDL2System::refresh() (she.cpp:789)
            n1: 2347264 0xC63C03: she::SDL2System::sleep() (she.cpp:697)
             n1: 2347264 0xC9187E: ui::MessageLoop::pumpMessages() (message_loop.cpp:30)
              n1: 2347264 0xC8321E: ui::Manager::run() (manager.cpp:172)
               n1: 2347264 0x40C798: app::App::run() (app.cpp:664)
                n1: 2347264 0x402D7D: app_main(int, char**)::{lambda()#1}::operator()() const (main.cpp:92)
                 n1: 2347264 0x403C20: int std::__invoke_impl<int, app_main(int, char**)::{lambda()#1}&>(std::__invoke_other, app_main(int, char**)::{lambda()#1}&) (invoke.h:63)
                  n1: 2347264 0x4039CB: std::enable_if<is_invocable_r_v<int, app_main(int, char**)::{lambda()#1}&>, int>::type std::__invoke_r<int, app_main(int, char**)::{lambda()#1}&>(app_main(int, char**)::{lambda()#1}&) (invoke.h:116)
                   n1: 2347264 0x40378A: std::_Function_handler<int (), app_main(int, char**)::{lambda()#1}>::_M_invoke(std::_Any_data const&) (std_function.h:295)
                    n1: 2347264 0xC5D4E5: std::function<int ()>::operator()() const (std_function.h:581)
                     n1: 2347264 0xC5D547: she::SDL2System::run(std::function<int ()>&&) (she.cpp:723)
                      n1: 2347264 0x403361: app_main(int, char**) (main.cpp:73)
                       n0: 2347264 0xC5AC2E: main (she.cpp:993)
          n0: 0 in 1 place, below massif's threshold (1.00%)
 n1: 843472 0x17D62C8D: ???
  n1: 843472 0x17D73C10: ???
   n1: 843472 0x17CE02D6: ???
    n1: 843472 0x17CE4438: ???
     n1: 843472 0x17BECA0E: ???
      n1: 843472 0x17BDF119: ???
       n1: 843472 0x87E6D30: SDL_EGL_CreateContext (SDL_egl.c:1105)
        n1: 843472 0x8878F2D: Wayland_GLES_CreateContext (SDL_waylandopengles.c:60)
         n1: 843472 0x880E9F4: SDL_GL_CreateContext_REAL (SDL_video.c:5432)
          n1: 843472 0x8756277: GL_CreateRenderer.lto_priv.0 (SDL_render_gl.c:1847)
           n1: 843472 0x873E292: SDL_CreateRendererWithProperties_REAL (SDL_render.c:1142)
            n1: 843472 0x873E576: SDL_CreateRenderer_REAL (SDL_render.c:1287)
             n1: 843472 0x4EA2628: SDL_CreateRenderer_REAL (sdl2_compat.c:5986)
              n1: 843472 0xC39255: she::SDL2Display::SDL2Display(int, int, int)::{lambda()#1}::operator()() const (sdl2_display.cpp:83)
               n1: 843472 0xC39389: __invoke_impl<void, she::SDL2Display::SDL2Display(int, int, int)::<lambda()>&> (invoke.h:63)
                n1: 843472 0xC39389: __invoke_r<void, she::SDL2Display::SDL2Display(int, int, int)::<lambda()>&> (invoke.h:113)
                 n1: 843472 0xC39389: std::_Function_handler<void (), she::SDL2Display::SDL2Display(int, int, int)::{lambda()#1}>::_M_invoke(std::_Any_data const&) (std_function.h:295)
                  n1: 843472 0x421E25: std::function<void ()>::operator()() const (std_function.h:581)
                   n1: 843472 0xC60013: she::SDL2System::gfx(std::function<void ()>&&, bool) (she.cpp:680)
                    n1: 843472 0xC38110: she::SDL2Display::SDL2Display(int, int, int) (sdl2_display.cpp:73)
                     n1: 843472 0xC5C3B6: she::SDL2System::createDisplay(int, int, int) (she.cpp:872)
                      n1: 843472 0x690189: app::create_main_display(bool, bool&, std::__cxx11::basic_string<char, std::char_traits<char>, std::allocator<char> >&) (gui.cpp:112)
                       n1: 843472 0x690A8C: app::init_module_gui() (gui.cpp:164)
                        n1: 843472 0x6894AC: app::LegacyModules::LegacyModules(int) (modules.cpp:47)
                         n1: 843472 0x4164B3: std::__detail::_MakeUniq<app::LegacyModules>::__single_object std::make_unique<app::LegacyModules, int>(int&&) (unique_ptr.h:1105)
                          n1: 843472 0x405304: app::App::initialize(app::AppOptions const&) (app.cpp:164)
                           n1: 843472 0x402CED: app_main(int, char**)::{lambda()#1}::operator()() const (main.cpp:87)
                            n1: 843472 0x403C20: int std::__invoke_impl<int, app_main(int, char**)::{lambda()#1}&>(std::__invoke_other, app_main(int, char**)::{lambda()#1}&) (invoke.h:63)
                             n1: 843472 0x4039CB: std::enable_if<is_invocable_r_v<int, app_main(int, char**)::{lambda()#1}&>, int>::type std::__invoke_r<int, app_main(int, char**)::{lambda()#1}&>(app_main(int, char**)::{lambda()#1}&) (invoke.h:116)
                              n1: 843472 0x40378A: std::_Function_handler<int (), app_main(int, char**)::{lambda()#1}>::_M_invoke(std::_Any_data const&) (std_function.h:295)
                               n1: 843472 0xC5D4E5: std::function<int ()>::operator()() const (std_function.h:581)
                                n0: 843472 0xC5D547: she::SDL2System::run(std::function<int ()>&&) (she.cpp:723)
 n1: 841170 0x4404C0: std::__new_allocator<unsigned char>::allocate(unsigned long, void const*) (new_allocator.h:162)
  n1: 841170 0x43A818: allocate (allocator.h:206)
   n1: 841170 0x43A818: allocate (alloc_traits.h:638)
    n2: 841170 0x43A818: std::_Vector_base<unsigned char, std::allocator<unsigned char> >::_M_allocate(unsigned long) (stl_vector.h:389)
     n1: 806412 0x464EA4: std::vector<unsigned char, std::allocator<unsigned char> >::_M_default_append(unsigned long) (vector.tcc:857)
      n1: 806412 0x464730: std::vector<unsigned char, std::allocator<unsigned char> >::resize(unsigned long) (stl_vector.h:1136)
       n1: 806412 0xBB1B81: doc::ImageBuffer::resizeIfNecessary(unsigned long) (image_buffer.h:27)
        n1: 806412 0xBB2C6C: doc::ImageImpl<doc::RgbTraits>::ImageImpl(int, int, base::SharedPtr<doc::ImageBuffer> const&) (image_impl.h:68)
         n2: 806412 0xBB15D3: doc::Image::create(doc::PixelFormat, int, int, base::SharedPtr<doc::ImageBuffer> const&) (image.cpp:55)
          n1: 724800 0x919E03: app::Editor::drawOneSpriteUnclippedRect(ui::Graphics*, gfx::RectT<int> const&, int, int) (editor.cpp:471)
           n1: 724800 0x91B32D: app::Editor::drawSpriteUnclippedRect(ui::Graphics*, gfx::RectT<int> const&) (editor.cpp:566)
            n1: 724800 0x923366: app::Editor::onPaint(ui::PaintEvent&) (editor.cpp:1389)
             n1: 724800 0xCA792D: ui::Widget::paintEvent(ui::Graphics*) (widget.cpp:1054)
              n1: 724800 0xCA7BDE: ui::Widget::onProcessMessage(ui::Message*) (widget.cpp:1354)
               n1: 724800 0x922C04: app::Editor::onProcessMessage(ui::Message*) (editor.cpp:1346)
                n1: 724800 0x90C5CE: app::AppEditor::onProcessMessage(ui::Message*) (document_view.cpp:130)
                 n1: 724800 0xCA20B6: ui::Widget::sendMessage(ui::Message*) (widget.cpp:1156)
                  n1: 724800 0xC84B2A: ui::Manager::pumpQueue() (manager.cpp:1334)
                   n1: 724800 0xC84CA0: ui::Manager::dispatchMessages() (manager.cpp:604)
                    n1: 724800 0xC91849: ui::MessageLoop::pumpMessages() (message_loop.cpp:26)
                     n1: 724800 0xC8321E: ui::Manager::run() (manager.cpp:172)
                      n1: 724800 0x40C798: app::App::run() (app.cpp:664)
                       n1: 724800 0x402D7D: app_main(int, char**)::{lambda()#1}::operator()() const (main.cpp:92)
                        n1: 724800 0x403C20: int std::__invoke_impl<int, app_main(int, char**)::{lambda()#1}&>(std::__invoke_other, app_main(int, char**)::{lambda()#1}&) (invoke.h:63)
                         n1: 724800 0x4039CB: std::enable_if<is_invocable_r_v<int, app_main(int, char**)::{lambda()#1}&>, int>::type std::__invoke_r<int, app_main(int, char**)::{lambda()#1}&>(app_main(int, char**)::{lambda()#1}&) (invoke.h:116)
                          n1: 724800 0x40378A: std::_Function_handler<int (), app_main(int, char**)::{lambda()#1}>::_M_invoke(std::_Any_data const&) (std_function.h:295)
                           n1: 724800 0xC5D4E5: std::function<int ()>::operator()() const (std_function.h:581)
                            n1: 724800 0xC5D547: she::SDL2System::run(std::function<int ()>&&) (she.cpp:723)
                             n1: 724800 0x403361: app_main(int, char**) (main.cpp:73)
                              n0: 724800 0xC5AC2E: main (she.cpp:993)
          n0: 81612 in 3 places, all below massif's threshold (1.00%)
     n0: 34758 in 1 place, below massif's threshold (1.00%)
 n1: 271576 0x17FEBDB5: ???
  n1: 271576 0x17ED3A8B: ???
   n1: 271576 0x17D62CED: ???
    n1: 271576 0x17D73C10: ???
     n1: 271576 0x17CE02D6: ???
      n1: 271576 0x17CE4438: ???
       n1: 271576 0x17BECA0E: ???
        n1: 271576 0x17BDF119: ???
         n1: 271576 0x87E6D30: SDL_EGL_CreateContext (SDL_egl.c:1105)
          n1: 271576 0x8878F2D: Wayland_GLES_CreateContext (SDL_waylandopengles.c:60)
           n1: 271576 0x880E9F4: SDL_GL_CreateContext_REAL (SDL_video.c:5432)
            n1: 271576 0x8756277: GL_CreateRenderer.lto_priv.0 (SDL_render_gl.c:1847)
             n1: 271576 0x873E292: SDL_CreateRendererWithProperties_REAL (SDL_render.c:1142)
              n1: 271576 0x873E576: SDL_CreateRenderer_REAL (SDL_render.c:1287)
               n1: 271576 0x4EA2628: SDL_CreateRenderer_REAL (sdl2_compat.c:5986)
                n1: 271576 0xC39255: she::SDL2Display::SDL2Display(int, int, int)::{lambda()#1}::operator()() const (sdl2_display.cpp:83)
                 n1: 271576 0xC39389: __invoke_impl<void, she::SDL2Display::SDL2Display(int, int, int)::<lambda()>&> (invoke.h:63)
                  n1: 271576 0xC39389: __invoke_r<void, she::SDL2Display::SDL2Display(int, int, int)::<lambda()>&> (invoke.h:113)
                   n1: 271576 0xC39389: std::_Function_handler<void (), she::SDL2Display::SDL2Display(int, int, int)::{lambda()#1}>::_M_invoke(std::_Any_data const&) (std_function.h:295)
                    n1: 271576 0x421E25: std::function<void ()>::operator()() const (std_function.h:581)
                     n1: 271576 0xC60013: she::SDL2System::gfx(std::function<void ()>&&, bool) (she.cpp:680)
                      n1: 271576 0xC38110: she::SDL2Display::SDL2Display(int, int, int) (sdl2_display.cpp:73)
                       n1: 271576 0xC5C3B6: she::SDL2System::createDisplay(int, int, int) (she.cpp:872)
                        n1: 271576 0x690189: app::create_main_display(bool, bool&, std::__cxx11::basic_string<char, std::char_traits<char>, std::allocator<char> >&) (gui.cpp:112)
                         n1: 271576 0x690A8C: app::init_module_gui() (gui.cpp:164)
                          n1: 271576 0x6894AC: app::LegacyModules::LegacyModules(int) (modules.cpp:47)
                           n1: 271576 0x4164B3: std::__detail::_MakeUniq<app::LegacyModules>::__single_object std::make_unique<app::LegacyModules, int>(int&&) (unique_ptr.h:1105)
                            n1: 271576 0x405304: app::App::initialize(app::AppOptions const&) (app.cpp:164)
                             n1: 271576 0x402CED: app_main(int, char**)::{lambda()#1}::operator()() const (main.cpp:87)
                              n1: 271576 0x403C20: int std::__invoke_impl<int, app_main(int, char**)::{lambda()#1}&>(std::__invoke_other, app_main(int, char**)::{lambda()#1}&) (invoke.h:63)
                               n1: 271576 0x4039CB: std::enable_if<is_invocable_r_v<int, app_main(int, char**)::{lambda()#1}&>, int>::type std::__invoke_r<int, app_main(int, char**)::{lambda()#1}&>(app_main(int, char**)::{lambda()#1}&) (invoke.h:116)
                                n0: 271576 0x40378A: std::_Function_handler<int (), app_main(int, char**)::{lambda()#1}>::_M_invoke(std::_Any_data const&) (std_function.h:295)
 n1: 240944 0x87F71DB: real_malloc (SDL_malloc.c:6334)
  n1: 240944 0x87F71DB: SDL_malloc_REAL (SDL_malloc.c:6459)
   n2: 240944 0x87F71DB: SDL_CreateSurface_REAL (SDL_surface.c:221)
    n1: 238280 0x4EA9154: SDL_CreateRGBSurfaceWithFormat_REAL (sdl2_compat.c:4435)
     n1: 238280 0xC57528: she::SDL2Surface::applyScale(int) (sdl2_surface.cpp:168)
      n1: 238280 0x9EB15C: app::skin::SkinTheme::sliceSheet(she::Surface*, gfx::RectT<int> const&) (skin_theme.cpp:859)
       n0: 238280 in 11 places, all below massif's threshold (1.00%)
    n0: 2664 in 3 places, all below massif's threshold (1.00%)
#-----------
snapshot=47
#-----------
time=6645981742
mem_heap_B=22224046
mem_heap_extra_B=800770
mem_stacks_B=0
heap_tree=empty
#-----------
snapshot=48
#-----------
time=6803124114
mem_heap_B=22224460
mem_heap_extra_B=800436
mem_stacks_B=0
heap_tree=empty
#-----------
snapshot=49
#-----------
time=6939405361
mem_heap_B=22227173
mem_heap_extra_B=800731
mem_stacks_B=0
heap_tree=empty
#-----------
snapshot=50
#-----------
time=7022094398
mem_heap_B=22279287
mem_heap_extra_B=800937
mem_stacks_B=0
heap_tree=empty
#-----------
snapshot=51
#-----------
time=7105377986
mem_heap_B=22279559
mem_heap_extra_B=800913
mem_stacks_B=0
heap_tree=empty
#-----------
snapshot=52
#-----------
time=7188068375
mem_heap_B=22283993
mem_heap_extra_B=802055
mem_stacks_B=0
heap_tree=detailed
n8: 22283993 (heap allocation functions) malloc/new/new[], --alloc-fns, etc.
 n3: 9651888 0x181DDF1C: ???
  n2: 5730464 0x181DF139: ???
   n0: 5328032 in 375 places, all below massif's threshold (1.00%)
   n1: 402432 0x18068FE1: ???
    n0: 402432 in 29 places, all below massif's threshold (1.00%)
  n2: 3372560 0x181DEB02: ???
   n4: 3306928 0x181DEC14: ???
    n3: 1636576 0x182425A1: ???
     n1: 753296 0x18243E2A: ???
      n1: 753296 0x182FCEFC: ???
       n1: 753296 0x182FDD39: ???
        n2: 753296 0x182FE09B: ???
         n1: 425776 0x17D816B9: ???
          n1: 425776 0x17D82608: ???
           n1: 425776 0x17D82D64: ???
            n1: 425776 0x17D8444B: ???
             n1: 425776 0x17D845CC: ???
              n1: 425776 0x1802FD0D: ???
               n1: 425776 0x17FE8D96: ???
                n1: 425776 0x8756CB2: CompileShaderProgram (SDL_shaders_gl.c:587)
                 n1: 425776 0x8756CB2: GL_CreateShaderContext (SDL_shaders_gl.c:685)
                  n1: 425776 0x8756CB2: GL_CreateRenderer.lto_priv.0 (SDL_render_gl.c:1947)
                   n1: 425776 0x873E292: SDL_CreateRendererWithProperties_REAL (SDL_render.c:1142)
                    n1: 425776 0x873E576: SDL_CreateRenderer_REAL (SDL_render.c:1287)
                     n1: 425776 0x4EA2628: SDL_CreateRenderer_REAL (sdl2_compat.c:5986)
                      n1: 425776 0xC39255: she::SDL2Display::SDL2Display(int, int, int)::{lambda()#1}::operator()() const (sdl2_display.cpp:83)
                       n1: 425776 0xC39389: __invoke_impl<void, she::SDL2Display::SDL2Display(int, int, int)::<lambda()>&> (invoke.h:63)
                        n1: 425776 0xC39389: __invoke_r<void, she::SDL2Display::SDL2Display(int, int, int)::<lambda()>&> (invoke.h:113)
                         n1: 425776 0xC39389: std::_Function_handler<void (), she::SDL2Display::SDL2Display(int, int, int)::{lambda()#1}>::_M_invoke(std::_Any_data const&) (std_function.h:295)
                          n1: 425776 0x421E25: std::function<void ()>::operator()() const (std_function.h:581)
                           n1: 425776 0xC60013: she::SDL2System::gfx(std::function<void ()>&&, bool) (she.cpp:680)
                            n1: 425776 0xC38110: she::SDL2Display::SDL2Display(int, int, int) (sdl2_display.cpp:73)
                             n1: 425776 0xC5C3B6: she::SDL2System::createDisplay(int, int, int) (she.cpp:872)
                              n1: 425776 0x690189: app::create_main_display(bool, bool&, std::__cxx11::basic_string<char, std::char_traits<char>, std::allocator<char> >&) (gui.cpp:112)
                               n1: 425776 0x690A8C: app::init_module_gui() (gui.cpp:164)
                                n1: 425776 0x6894AC: app::LegacyModules::LegacyModules(int) (modules.cpp:47)
                                 n1: 425776 0x4164B3: std::__detail::_MakeUniq<app::LegacyModules>::__single_object std::make_unique<app::LegacyModules, int>(int&&) (unique_ptr.h:1105)
                                  n0: 425776 0x405304: app::App::initialize(app::AppOptions const&) (app.cpp:164)
         n1: 327520 0x17D823C6: ???
          n1: 327520 0x17D82836: ???
           n1: 327520 0x17D82E94: ???
            n1: 327520 0x17D8444B: ???
             n1: 327520 0x17D845CC: ???
              n1: 327520 0x1802FD0D: ???
               n1: 327520 0x17FE8D96: ???
                n1: 327520 0x8756CB2: CompileShaderProgram (SDL_shaders_gl.c:587)
                 n1: 327520 0x8756CB2: GL_CreateShaderContext (SDL_shaders_gl.c:685)
                  n1: 327520 0x8756CB2: GL_CreateRenderer.lto_priv.0 (SDL_render_gl.c:1947)
                   n1: 327520 0x873E292: SDL_CreateRendererWithProperties_REAL (SDL_render.c:1142)
                    n1: 327520 0x873E576: SDL_CreateRenderer_REAL (SDL_render.c:1287)
                     n1: 327520 0x4EA2628: SDL_CreateRenderer_REAL (sdl2_compat.c:5986)
                      n1: 327520 0xC39255: she::SDL2Display::SDL2Display(int, int, int)::{lambda()#1}::operator()() const (sdl2_display.cpp:83)
                       n1: 327520 0xC39389: __invoke_impl<void, she::SDL2Display::SDL2Display(int, int, int)::<lambda()>&> (invoke.h:63)
                        n1: 327520 0xC39389: __invoke_r<void, she::SDL2Display::SDL2Display(int, int, int)::<lambda()>&> (invoke.h:113)
                         n1: 327520 0xC39389: std::_Function_handler<void (), she::SDL2Display::SDL2Display(int, int, int)::{lambda()#1}>::_M_invoke(std::_Any_data const&) (std_function.h:295)
                          n1: 327520 0x421E25: std::function<void ()>::operator()() const (std_function.h:581)
                           n1: 327520 0xC60013: she::SDL2System::gfx(std::function<void ()>&&, bool) (she.cpp:680)
                            n1: 327520 0xC38110: she::SDL2Display::SDL2Display(int, int, int) (sdl2_display.cpp:73)
                             n1: 327520 0xC5C3B6: she::SDL2System::createDisplay(int, int, int) (she.cpp:872)
                              n1: 327520 0x690189: app::create_main_display(bool, bool&, std::__cxx11::basic_string<char, std::char_traits<char>, std::allocator<char> >&) (gui.cpp:112)
                               n1: 327520 0x690A8C: app::init_module_gui() (gui.cpp:164)
                                n1: 327520 0x6894AC: app::LegacyModules::LegacyModules(int) (modules.cpp:47)
                                 n1: 327520 0x4164B3: std::__detail::_MakeUniq<app::LegacyModules>::__single_object std::make_unique<app::LegacyModules, int>(int&&) (unique_ptr.h:1105)
                                  n0: 327520 0x405304: app::App::initialize(app::AppOptions const&) (app.cpp:164)
     n2: 457504 0x18243C98: ???
      n1: 457504 0x182FCC9D: ???
       n1: 457504 0x182FDD39: ???
        n2: 457504 0x182FE09B: ???
         n1: 457504 0x17D823C6: ???
          n1: 457504 0x17D82836: ???
           n1: 457504 0x17D82E94: ???
            n1: 457504 0x17D8444B: ???
             n1: 457504 0x17D845CC: ???
              n1: 457504 0x1802FD0D: ???
               n1: 457504 0x17FE8D96: ???
                n1: 457504 0x8756CB2: CompileShaderProgram (SDL_shaders_gl.c:587)
                 n1: 457504 0x8756CB2: GL_CreateShaderContext (SDL_shaders_gl.c:685)
                  n1: 457504 0x8756CB2: GL_CreateRenderer.lto_priv.0 (SDL_render_gl.c:1947)
                   n1: 457504 0x873E292: SDL_CreateRendererWithProperties_REAL (SDL_render.c:1142)
                    n1: 457504 0x873E576: SDL_CreateRenderer_REAL (SDL_render.c:1287)
                     n1: 457504 0x4EA2628: SDL_CreateRenderer_REAL (sdl2_compat.c:5986)
                      n1: 457504 0xC39255: she::SDL2Display::SDL2Display(int, int, int)::{lambda()#1}::operator()() const (sdl2_display.cpp:83)
                       n1: 457504 0xC39389: __invoke_impl<void, she::SDL2Display::SDL2Display(int, int, int)::<lambda()>&> (invoke.h:63)
                        n1: 457504 0xC39389: __invoke_r<void, she::SDL2Display::SDL2Display(int, int, int)::<lambda()>&> (invoke.h:113)
                         n1: 457504 0xC39389: std::_Function_handler<void (), she::SDL2Display::SDL2Display(int, int, int)::{lambda()#1}>::_M_invoke(std::_Any_data const&) (std_function.h:295)
                          n1: 457504 0x421E25: std::function<void ()>::operator()() const (std_function.h:581)
                           n1: 457504 0xC60013: she::SDL2System::gfx(std::function<void ()>&&, bool) (she.cpp:680)
                            n1: 457504 0xC38110: she::SDL2Display::SDL2Display(int, int, int) (sdl2_display.cpp:73)
                             n1: 457504 0xC5C3B6: she::SDL2System::createDisplay(int, int, int) (she.cpp:872)
                              n1: 457504 0x690189: app::create_main_display(bool, bool&, std::__cxx11::basic_string<char, std::char_traits<char>, std::allocator<char> >&) (gui.cpp:112)
                               n1: 457504 0x690A8C: app::init_module_gui() (gui.cpp:164)
                                n1: 457504 0x6894AC: app::LegacyModules::LegacyModules(int) (modules.cpp:47)
                                 n1: 457504 0x4164B3: std::__detail::_MakeUniq<app::LegacyModules>::__single_object std::make_unique<app::LegacyModules, int>(int&&) (unique_ptr.h:1105)
                                  n0: 457504 0x405304: app::App::initialize(app::AppOptions const&) (app.cpp:164)
         n0: 0 in 1 place, below massif's threshold (1.00%)
      n0: 0 in 2 places, all below massif's threshold (1.00%)
     n2: 425776 0x18243EBD: ???
      n1: 425776 0x182FCFBE: ???
       n1: 425776 0x182FDD39: ???
        n1: 425776 0x182FE09B: ???
         n1: 425776 0x17D823C6: ???
          n1: 425776 0x17D82836: ???
           n1: 425776 0x17D82E94: ???
            n1: 425776 0x17D8444B: ???
             n1: 425776 0x17D845CC: ???
              n1: 425776 0x1802FD0D: ???
               n1: 425776 0x17FE8D96: ???
                n1: 425776 0x8756CB2: CompileShaderProgram (SDL_shaders_gl.c:587)
                 n1: 425776 0x8756CB2: GL_CreateShaderContext (SDL_shaders_gl.c:685)
                  n1: 425776 0x8756CB2: GL_CreateRenderer.lto_priv.0 (SDL_render_gl.c:1947)
                   n1: 425776 0x873E292: SDL_CreateRendererWithProperties_REAL (SDL_render.c:1142)
                    n1: 425776 0x873E576: SDL_CreateRenderer_REAL (SDL_render.c:1287)
                     n1: 425776 0x4EA2628: SDL_CreateRenderer_REAL (sdl2_compat.c:5986)
                      n1: 425776 0xC39255: she::SDL2Display::SDL2Display(int, int, int)::{lambda()#1}::operator()() const (sdl2_display.cpp:83)
                       n1: 425776 0xC39389: __invoke_impl<void, she::SDL2Display::SDL2Display(int, int, int)::<lambda()>&> (invoke.h:63)
                        n1: 425776 0xC39389: __invoke_r<void, she::SDL2Display::SDL2Display(int, int, int)::<lambda()>&> (invoke.h:113)
                         n1: 425776 0xC39389: std::_Function_handler<void (), she::SDL2Display::SDL2Display(int, int, int)::{lambda()#1}>::_M_invoke(std::_Any_data const&) (std_function.h:295)
                          n1: 425776 0x421E25: std::function<void ()>::operator()() const (std_function.h:581)
                           n1: 425776 0xC60013: she::SDL2System::gfx(std::function<void ()>&&, bool) (she.cpp:680)
                            n1: 425776 0xC38110: she::SDL2Display::SDL2Display(int, int, int) (sdl2_display.cpp:73)
                             n1: 425776 0xC5C3B6: she::SDL2System::createDisplay(int, int, int) (she.cpp:872)
                              n1: 425776 0x690189: app::create_main_display(bool, bool&, std::__cxx11::basic_string<char, std::char_traits<char>, std::allocator<char> >&) (gui.cpp:112)
                               n1: 425776 0x690A8C: app::init_module_gui() (gui.cpp:164)
                                n1: 425776 0x6894AC: app::LegacyModules::LegacyModules(int) (modules.cpp:47)
                                 n1: 425776 0x4164B3: std::__detail::_MakeUniq<app::LegacyModules>::__single_object std::make_unique<app::LegacyModules, int>(int&&) (unique_ptr.h:1105)
                                  n0: 425776 0x405304: app::App::initialize(app::AppOptions const&) (app.cpp:164)
      n0: 0 in 1 place, below massif's threshold (1.00%)
    n2: 851552 0x18243D84: ???
     n1: 818800 0x182FCB49: ???
      n1: 818800 0x182FDD39: ???
       n2: 818800 0x182FE09B: ???
        n1: 425776 0x17D816B9: ???
         n1: 425776 0x17D82608: ???
          n1: 425776 0x17D82D64: ???
           n1: 425776 0x17D8444B: ???
            n1: 425776 0x17D845CC: ???
             n1: 425776 0x1802FD0D: ???
              n1: 425776 0x17FE8D96: ???
               n1: 425776 0x8756CB2: CompileShaderProgram (SDL_shaders_gl.c:587)
                n1: 425776 0x8756CB2: GL_CreateShaderContext (SDL_shaders_gl.c:685)
                 n1: 425776 0x8756CB2: GL_CreateRenderer.lto_priv.0 (SDL_render_gl.c:1947)
                  n1: 425776 0x873E292: SDL_CreateRendererWithProperties_REAL (SDL_render.c:1142)
                   n1: 425776 0x873E576: SDL_CreateRenderer_REAL (SDL_render.c:1287)
                    n1: 425776 0x4EA2628: SDL_CreateRenderer_REAL (sdl2_compat.c:5986)
                     n1: 425776 0xC39255: she::SDL2Display::SDL2Display(int, int, int)::{lambda()#1}::operator()() const (sdl2_display.cpp:83)
                      n1: 425776 0xC39389: __invoke_impl<void, she::SDL2Display::SDL2Display(int, int, int)::<lambda()>&> (invoke.h:63)
                       n1: 425776 0xC39389: __invoke_r<void, she::SDL2Display::SDL2Display(int, int, int)::<lambda()>&> (invoke.h:113)
                        n1: 425776 0xC39389: std::_Function_handler<void (), she::SDL2Display::SDL2Display(int, int, int)::{lambda()#1}>::_M_invoke(std::_Any_data const&) (std_function.h:295)
                         n1: 425776 0x421E25: std::function<void ()>::operator()() const (std_function.h:581)
                          n1: 425776 0xC60013: she::SDL2System::gfx(std::function<void ()>&&, bool) (she.cpp:680)
                           n1: 425776 0xC38110: she::SDL2Display::SDL2Display(int, int, int) (sdl2_display.cpp:73)
                            n1: 425776 0xC5C3B6: she::SDL2System::createDisplay(int, int, int) (she.cpp:872)
                             n1: 425776 0x690189: app::create_main_display(bool, bool&, std::__cxx11::basic_string<char, std::char_traits<char>, std::allocator<char> >&) (gui.cpp:112)
                              n1: 425776 0x690A8C: app::init_module_gui() (gui.cpp:164)
                               n1: 425776 0x6894AC: app::LegacyModules::LegacyModules(int) (modules.cpp:47)
                                n1: 425776 0x4164B3: std::__detail::_MakeUniq<app::LegacyModules>::__single_object std::make_unique<app::LegacyModules, int>(int&&) (unique_ptr.h:1105)
                                 n1: 425776 0x405304: app::App::initialize(app::AppOptions const&) (app.cpp:164)
                                  n0: 425776 0x402CED: app_main(int, char**)::{lambda()#1}::operator()() const (main.cpp:87)
        n1: 393024 0x17D823C6: ???
         n1: 393024 0x17D82836: ???
          n1: 393024 0x17D82E94: ???
           n1: 393024 0x17D8444B: ???
            n1: 393024 0x17D845CC: ???
             n1: 393024 0x1802FD0D: ???
              n1: 393024 0x17FE8D96: ???
               n1: 393024 0x8756CB2: CompileShaderProgram (SDL_shaders_gl.c:587)
                n1: 393024 0x8756CB2: GL_CreateShaderContext (SDL_shaders_gl.c:685)
                 n1: 393024 0x8756CB2: GL_CreateRenderer.lto_priv.0 (SDL_render_gl.c:1947)
                  n1: 393024 0x873E292: SDL_CreateRendererWithProperties_REAL (SDL_render.c:1142)
                   n1: 393024 0x873E576: SDL_CreateRenderer_REAL (SDL_render.c:1287)
                    n1: 393024 0x4EA2628: SDL_CreateRenderer_REAL (sdl2_compat.c:5986)
                     n1: 393024 0xC39255: she::SDL2Display::SDL2Display(int, int, int)::{lambda()#1}::operator()() const (sdl2_display.cpp:83)
                      n1: 393024 0xC39389: __invoke_impl<void, she::SDL2Display::SDL2Display(int, int, int)::<lambda()>&> (invoke.h:63)
                       n1: 393024 0xC39389: __invoke_r<void, she::SDL2Display::SDL2Display(int, int, int)::<lambda()>&> (invoke.h:113)
                        n1: 393024 0xC39389: std::_Function_handler<void (), she::SDL2Display::SDL2Display(int, int, int)::{lambda()#1}>::_M_invoke(std::_Any_data const&) (std_function.h:295)
                         n1: 393024 0x421E25: std::function<void ()>::operator()() const (std_function.h:581)
                          n1: 393024 0xC60013: she::SDL2System::gfx(std::function<void ()>&&, bool) (she.cpp:680)
                           n1: 393024 0xC38110: she::SDL2Display::SDL2Display(int, int, int) (sdl2_display.cpp:73)
                            n1: 393024 0xC5C3B6: she::SDL2System::createDisplay(int, int, int) (she.cpp:872)
                             n1: 393024 0x690189: app::create_main_display(bool, bool&, std::__cxx11::basic_string<char, std::char_traits<char>, std::allocator<char> >&) (gui.cpp:112)
                              n1: 393024 0x690A8C: app::init_module_gui() (gui.cpp:164)
                               n1: 393024 0x6894AC: app::LegacyModules::LegacyModules(int) (modules.cpp:47)
                                n1: 393024 0x4164B3: std::__detail::_MakeUniq<app::LegacyModules>::__single_object std::make_unique<app::LegacyModules, int>(int&&) (unique_ptr.h:1105)
                                 n1: 393024 0x405304: app::App::initialize(app::AppOptions const&) (app.cpp:164)
                                  n0: 393024 0x402CED: app_main(int, char**)::{lambda()#1}::operator()() const (main.cpp:87)
     n0: 32752 in 3 places, all below massif's threshold (1.00%)
    n1: 818800 0x182FADA5: ???
     n2: 818800 0x182FDFCF: ???
      n1: 425776 0x17D816B9: ???
       n1: 425776 0x17D82608: ???
        n1: 425776 0x17D82D64: ???
         n1: 425776 0x17D8444B: ???
          n1: 425776 0x17D845CC: ???
           n1: 425776 0x1802FD0D: ???
            n1: 425776 0x17FE8D96: ???
             n1: 425776 0x8756CB2: CompileShaderProgram (SDL_shaders_gl.c:587)
              n1: 425776 0x8756CB2: GL_CreateShaderContext (SDL_shaders_gl.c:685)
               n1: 425776 0x8756CB2: GL_CreateRenderer.lto_priv.0 (SDL_render_gl.c:1947)
                n1: 425776 0x873E292: SDL_CreateRendererWithProperties_REAL (SDL_render.c:1142)
                 n1: 425776 0x873E576: SDL_CreateRenderer_REAL (SDL_render.c:1287)
                  n1: 425776 0x4EA2628: SDL_CreateRenderer_REAL (sdl2_compat.c:5986)
                   n1: 425776 0xC39255: she::SDL2Display::SDL2Display(int, int, int)::{lambda()#1}::operator()() const (sdl2_display.cpp:83)
                    n1: 425776 0xC39389: __invoke_impl<void, she::SDL2Display::SDL2Display(int, int, int)::<lambda()>&> (invoke.h:63)
                     n1: 425776 0xC39389: __invoke_r<void, she::SDL2Display::SDL2Display(int, int, int)::<lambda()>&> (invoke.h:113)
                      n1: 425776 0xC39389: std::_Function_handler<void (), she::SDL2Display::SDL2Display(int, int, int)::{lambda()#1}>::_M_invoke(std::_Any_data const&) (std_function.h:295)
                       n1: 425776 0x421E25: std::function<void ()>::operator()() const (std_function.h:581)
                        n1: 425776 0xC60013: she::SDL2System::gfx(std::function<void ()>&&, bool) (she.cpp:680)
                         n1: 425776 0xC38110: she::SDL2Display::SDL2Display(int, int, int) (sdl2_display.cpp:73)
                          n1: 425776 0xC5C3B6: she::SDL2System::createDisplay(int, int, int) (she.cpp:872)
                           n1: 425776 0x690189: app::create_main_display(bool, bool&, std::__cxx11::basic_string<char, std::char_traits<char>, std::allocator<char> >&) (gui.cpp:112)
                            n1: 425776 0x690A8C: app::init_module_gui() (gui.cpp:164)
                             n1: 425776 0x6894AC: app::LegacyModules::LegacyModules(int) (modules.cpp:47)
                              n1: 425776 0x4164B3: std::__detail::_MakeUniq<app::LegacyModules>::__single_object std::make_unique<app::LegacyModules, int>(int&&) (unique_ptr.h:1105)
                               n1: 425776 0x405304: app::App::initialize(app::AppOptions const&) (app.cpp:164)
                                n1: 425776 0x402CED: app_main(int, char**)::{lambda()#1}::operator()() const (main.cpp:87)
                                 n1: 425776 0x403C20: int std::__invoke_impl<int, app_main(int, char**)::{lambda()#1}&>(std::__invoke_other, app_main(int, char**)::{lambda()#1}&) (invoke.h:63)
                                  n0: 425776 0x4039CB: std::enable_if<is_invocable_r_v<int, app_main(int, char**)::{lambda()#1}&>, int>::type std::__invoke_r<int, app_main(int, char**)::{lambda()#1}&>(app_main(int, char**)::{lambda()#1}&) (invoke.h:116)
      n1: 393024 0x17D823C6: ???
       n1: 393024 0x17D82836: ???
        n1: 393024 0x17D82E94: ???
         n1: 393024 0x17D8444B: ???
          n1: 393024 0x17D845CC: ???
           n1: 393024 0x1802FD0D: ???
            n1: 393024 0x17FE8D96: ???
             n1: 393024 0x8756CB2: CompileShaderProgram (SDL_shaders_gl.c:587)
              n1: 393024 0x8756CB2: GL_CreateShaderContext (SDL_shaders_gl.c:685)
               n1: 393024 0x8756CB2: GL_CreateRenderer.lto_priv.0 (SDL_render_gl.c:1947)
                n1: 393024 0x873E292: SDL_CreateRendererWithProperties_REAL (SDL_render.c:1142)
                 n1: 393024 0x873E576: SDL_CreateRenderer_REAL (SDL_render.c:1287)
                  n1: 393024 0x4EA2628: SDL_CreateRenderer_REAL (sdl2_compat.c:5986)
                   n1: 393024 0xC39255: she::SDL2Display::SDL2Display(int, int, int)::{lambda()#1}::operator()() const (sdl2_display.cpp:83)
                    n1: 393024 0xC39389: __invoke_impl<void, she::SDL2Display::SDL2Display(int, int, int)::<lambda()>&> (invoke.h:63)
                     n1: 393024 0xC39389: __invoke_r<void, she::SDL2Display::SDL2Display(int, int, int)::<lambda()>&> (invoke.h:113)
                      n1: 393024 0xC39389: std::_Function_handler<void (), she::SDL2Display::SDL2Display(int, int, int)::{lambda()#1}>::_M_invoke(std::_Any_data const&) (std_function.h:295)
                       n1: 393024 0x421E25: std::function<void ()>::operator()() const (std_function.h:581)
                        n1: 393024 0xC60013: she::SDL2System::gfx(std::function<void ()>&&, bool) (she.cpp:680)
                         n1: 393024 0xC38110: she::SDL2Display::SDL2Display(int, int, int) (sdl2_display.cpp:73)
                          n1: 393024 0xC5C3B6: she::SDL2System::createDisplay(int, int, int) (she.cpp:872)
                           n1: 393024 0x690189: app::create_main_display(bool, bool&, std::__cxx11::basic_string<char, std::char_traits<char>, std::allocator<char> >&) (gui.cpp:112)
                            n1: 393024 0x690A8C: app::init_module_gui() (gui.cpp:164)
                             n1: 393024 0x6894AC: app::LegacyModules::LegacyModules(int) (modules.cpp:47)
                              n1: 393024 0x4164B3: std::__detail::_MakeUniq<app::LegacyModules>::__single_object std::make_unique<app::LegacyModules, int>(int&&) (unique_ptr.h:1105)
                               n1: 393024 0x405304: app::App::initialize(app::AppOptions const&) (app.cpp:164)
                                n1: 393024 0x402CED: app_main(int, char**)::{lambda()#1}::operator()() const (main.cpp:87)
                                 n1: 393024 0x403C20: int std::__invoke_impl<int, app_main(int, char**)::{lambda()#1}&>(std::__invoke_other, app_main(int, char**)::{lambda()#1}&) (invoke.h:63)
                                  n0: 393024 0x4039CB: std::enable_if<is_invocable_r_v<int, app_main(int, char**)::{lambda()#1}&>, int>::type std::__invoke_r<int, app_main(int, char**)::{lambda()#1}&>(app_main(int, char**)::{lambda()#1}&) (invoke.h:116)
    n0: 0 in 2 places, all below massif's threshold (1.00%)
   n0: 65632 in 1 place, below massif's threshold (1.00%)
  n0: 548864 in 69 places, all below massif's threshold (1.00%)
 n1: 4263312 0x878F613: real_malloc (SDL_malloc.c:6334)
  n1: 4263312 0x878F613: SDL_malloc_REAL (SDL_malloc.c:6459)
   n1: 4263312 0x878F613: SDL_aligned_alloc_REAL (SDL_stdlib.c:540)
    n4: 4263312 0x87F73B5: SDL_CreateSurface_REAL (SDL_surface.c:236)
     n2: 2972272 0x4EA9115: SDL_CreateRGBSurface_REAL (sdl2_compat.c:4429)
      n2: 2347336 0xC589DE: she::SDL2Surface::SDL2Surface(int, int, she::SDL2Surface::DestroyFlag) (sdl2_surface.cpp:61)
       n2: 2347336 0xC37D92: she::SDL2Display::recreateSurface() (sdl2_display.cpp:216)
        n2: 2347336 0xC6285F: she::SDL2EventQueue::getEventInternal(she::Event&, bool) (she.cpp:423)
         n1: 2347336 0xC6394A: she::SDL2EventQueue::refresh() (she.cpp:347)
          n1: 2347336 0xC63A15: she::SDL2System::refresh() (she.cpp:789)
           n1: 2347336 0xC63C03: she::SDL2System::sleep() (she.cpp:697)
            n1: 2347336 0xC9187E: ui::MessageLoop::pumpMessages() (message_loop.cpp:30)
             n1: 2347336 0xC8321E: ui::Manager::run() (manager.cpp:172)
              n1: 2347336 0x40C798: app::App::run() (app.cpp:664)
               n1: 2347336 0x402D7D: app_main(int, char**)::{lambda()#1}::operator()() const (main.cpp:92)
                n1: 2347336 0x403C20: int std::__invoke_impl<int, app_main(int, char**)::{lambda()#1}&>(std::__invoke_other, app_main(int, char**)::{lambda()#1}&) (invoke.h:63)
                 n1: 2347336 0x4039CB: std::enable_if<is_invocable_r_v<int, app_main(int, char**)::{lambda()#1}&>, int>::type std::__invoke_r<int, app_main(int, char**)::{lambda()#1}&>(app_main(int, char**)::{lambda()#1}&) (invoke.h:116)
                  n1: 2347336 0x40378A: std::_Function_handler<int (), app_main(int, char**)::{lambda()#1}>::_M_invoke(std::_Any_data const&) (std_function.h:295)
                   n1: 2347336 0xC5D4E5: std::function<int ()>::operator()() const (std_function.h:581)
                    n1: 2347336 0xC5D547: she::SDL2System::run(std::function<int ()>&&) (she.cpp:723)
                     n1: 2347336 0x403361: app_main(int, char**) (main.cpp:73)
                      n0: 2347336 0xC5AC2E: main (she.cpp:993)
         n0: 0 in 1 place, below massif's threshold (1.00%)
        n0: 0 in 1 place, below massif's threshold (1.00%)
       n0: 0 in 1 place, below massif's threshold (1.00%)
      n1: 624936 0xC58DCB: she::SDL2Surface::SDL2Surface(int, int, int, she::SDL2Surface::DestroyFlag) (sdl2_surface.cpp:71)
       n2: 624936 0xC5C262: she::SDL2System::createRgbaSurface(int, int) (she.cpp:880)
        n1: 624072 0x91A9DC: app::Editor::drawOneSpriteUnclippedRect(ui::Graphics*, gfx::RectT<int> const&, int, int) (editor.cpp:533)
         n1: 624072 0x91B32D: app::Editor::drawSpriteUnclippedRect(ui::Graphics*, gfx::RectT<int> const&) (editor.cpp:566)
          n1: 624072 0x923366: app::Editor::onPaint(ui::PaintEvent&) (editor.cpp:1389)
           n1: 624072 0xCA792D: ui::Widget::paintEvent(ui::Graphics*) (widget.cpp:1054)
            n1: 624072 0xCA7BDE: ui::Widget::onProcessMessage(ui::Message*) (widget.cpp:1354)
             n1: 624072 0x922C04: app::Editor::onProcessMessage(ui::Message*) (editor.cpp:1346)
              n1: 624072 0x90C5CE: app::AppEditor::onProcessMessage(ui::Message*) (document_view.cpp:130)
               n1: 624072 0xCA20B6: ui::Widget::sendMessage(ui::Message*) (widget.cpp:1156)
                n1: 624072 0xC84B2A: ui::Manager::pumpQueue() (manager.cpp:1334)
                 n1: 624072 0xC84CA0: ui::Manager::dispatchMessages() (manager.cpp:604)
                  n1: 624072 0xC91849: ui::MessageLoop::pumpMessages() (message_loop.cpp:26)
                   n1: 624072 0xC8321E: ui::Manager::run() (manager.cpp:172)
                    n1: 624072 0x40C798: app::App::run() (app.cpp:664)
                     n1: 624072 0x402D7D: app_main(int, char**)::{lambda()#1}::operator()() const (main.cpp:92)
                      n1: 624072 0x403C20: int std::__invoke_impl<int, app_main(int, char**)::{lambda()#1}&>(std::__invoke_other, app_main(int, char**)::{lambda()#1}&) (invoke.h:63)
                       n1: 624072 0x4039CB: std::enable_if<is_invocable_r_v<int, app_main(int, char**)::{lambda()#1}&>, int>::type std::__invoke_r<int, app_main(int, char**)::{lambda()#1}&>(app_main(int, char**)::{lambda()#1}&) (invoke.h:116)
                        n1: 624072 0x40378A: std::_Function_handler<int (), app_main(int, char**)::{lambda()#1}>::_M_invoke(std::_Any_data const&) (std_function.h:295)
                         n1: 624072 0xC5D4E5: std::function<int ()>::operator()() const (std_function.h:581)
                          n1: 624072 0xC5D547: she::SDL2System::run(std::function<int ()>&&) (she.cpp:723)
                           n1: 624072 0x403361: app_main(int, char**) (main.cpp:73)
                            n0: 624072 0xC5AC2E: main (she.cpp:993)
        n0: 864 in 2 places, all below massif's threshold (1.00%)
     n1: 743240 0x4EA9154: SDL_CreateRGBSurfaceWithFormat_REAL (sdl2_compat.c:4435)
      n1: 743240 0xC57528: she::SDL2Surface::applyScale(int) (sdl2_surface.cpp:168)
       n2: 743240 0x9EB15C: app::skin::SkinTheme::sliceSheet(she::Surface*, gfx::RectT<int> const&) (skin_theme.cpp:859)
        n0: 418848 in 10 places, all below massif's threshold (1.00%)
        n1: 324392 0x9E7745: app::skin::SkinTheme::loadSkinXml(std::__cxx11::basic_string<char, std::char_traits<char>, std::allocator<char> > const&) (skin_theme.cpp:729)
         n1: 324392 0x9DF497: app::skin::SkinTheme::loadXml(std::__cxx11::basic_string<char, std::char_traits<char>, std::allocator<char> > const&) (skin_theme.cpp:325)
          n1: 324392 0x9DBC67: app::skin::SkinTheme::onRegenerate() (skin_theme.cpp:226)
           n1: 324392 0xC9B0A1: ui::Theme::regenerate() (theme.cpp:44)
            n1: 324392 0xC9B113: ui::CurrentTheme::set(ui::Theme*) (theme.cpp:64)
             n1: 324392 0x691160: app::init_module_gui() (gui.cpp:214)
              n1: 324392 0x6894AC: app::LegacyModules::LegacyModules(int) (modules.cpp:47)
               n1: 324392 0x4164B3: std::__detail::_MakeUniq<app::LegacyModules>::__single_object std::make_unique<app::LegacyModules, int>(int&&) (unique_ptr.h:1105)
                n1: 324392 0x405304: app::App::initialize(app::AppOptions const&) (app.cpp:164)
                 n1: 324392 0x402CED: app_main(int, char**)::{lambda()#1}::operator()() const (main.cpp:87)
                  n1: 324392 0x403C20: int std::__invoke_impl<int, app_main(int, char**)::{lambda()#1}&>(std::__invoke_other, app_main(int, char**)::{lambda()#1}&) (invoke.h:63)
                   n1: 324392 0x4039CB: std::enable_if<is_invocable_r_v<int, app_main(int, char**)::{lambda()#1}&>, int>::type std::__invoke_r<int, app_main(int, char**)::{lambda()#1}&>(app_main(int, char**)::{lambda()#1}&) (invoke.h:116)
                    n1: 324392 0x40378A: std::_Function_handler<int (), app_main(int, char**)::{lambda()#1}>::_M_invoke(std::_Any_data const&) (std_function.h:295)
                     n1: 324392 0xC5D4E5: std::function<int ()>::operator()() const (std_function.h:581)
                      n1: 324392 0xC5D547: she::SDL2System::run(std::function<int ()>&&) (she.cpp:723)
                       n1: 324392 0x403361: app_main(int, char**) (main.cpp:73)
                        n0: 324392 0xC5AC2E: main (she.cpp:993)
     n2: 547800 0x880156E: SDL_ConvertSurfaceRectAndColorspace.lto_priv.0 (SDL_surface.c:1930)
      n1: 531344 0x4EA90C3: SDL_ConvertSurfaceFormat_REAL (sdl2_compat.c:4357)
       n2: 531344 0xC5CC59: she::SDL2System::loadRgbaSurface(char const*) (she.cpp:909)
        n1: 326472 0x9DC16E: app::skin::SkinTheme::loadSheet(std::__cxx11::basic_string<char, std::char_traits<char>, std::allocator<char> > const&) (skin_theme.cpp:248)
         n1: 326472 0x9DBC1F: app::skin::SkinTheme::onRegenerate() (skin_theme.cpp:225)
          n1: 326472 0xC9B0A1: ui::Theme::regenerate() (theme.cpp:44)
           n1: 326472 0xC9B113: ui::CurrentTheme::set(ui::Theme*) (theme.cpp:64)
            n1: 326472 0x691160: app::init_module_gui() (gui.cpp:214)
             n1: 326472 0x6894AC: app::LegacyModules::LegacyModules(int) (modules.cpp:47)
              n1: 326472 0x4164B3: std::__detail::_MakeUniq<app::LegacyModules>::__single_object std::make_unique<app::LegacyModules, int>(int&&) (unique_ptr.h:1105)
               n1: 326472 0x405304: app::App::initialize(app::AppOptions const&) (app.cpp:164)
                n1: 326472 0x402CED: app_main(int, char**)::{lambda()#1}::operator()() const (main.cpp:87)
                 n1: 326472 0x403C20: int std::__invoke_impl<int, app_main(int, char**)::{lambda()#1}&>(std::__invoke_other, app_main(int, char**)::{lambda()#1}&) (invoke.h:63)
                  n1: 326472 0x4039CB: std::enable_if<is_invocable_r_v<int, app_main(int, char**)::{lambda()#1}&>, int>::type std::__invoke_r<int, app_main(int, char**)::{lambda()#1}&>(app_main(int, char**)::{lambda()#1}&) (invoke.h:116)
                   n1: 326472 0x40378A: std::_Function_handler<int (), app_main(int, char**)::{lambda()#1}>::_M_invoke(std::_Any_data const&) (std_function.h:295)
                    n1: 326472 0xC5D4E5: std::function<int ()>::operator()() const (std_function.h:581)
                     n1: 326472 0xC5D547: she::SDL2System::run(std::function<int ()>&&) (she.cpp:723)
                      n1: 326472 0x403361: app_main(int, char**) (main.cpp:73)
                       n0: 326472 0xC5AC2E: main (she.cpp:993)
        n0: 204872 in 1 place, below massif's threshold (1.00%)
      n0: 16456 in 1 place, below massif's threshold (1.00%)
     n0: 0 in 1 place, below massif's threshold (1.00%)
 n0: 3824367 in 1460 places, all below massif's threshold (1.00%)
 n1: 2347264 0x8752FC3: real_calloc (SDL_malloc.c:6335)
  n1: 2347264 0x8752FC3: SDL_calloc_REAL (SDL_malloc.c:6478)
   n1: 2347264 0x8752FC3: GL_CreateTexture (SDL_render_gl.c:601)
    n1: 2347264 0x873B0DE: SDL_CreateTextureWithProperties_REAL (SDL_render.c:1574)
     n1: 2347264 0x4EA36E3: SDL_CreateTexture_REAL (sdl2_compat.c:6698)
      n1: 2347264 0xC590AF: she::SDL2Surface::getTexture(SDL_Rect const*) (sdl2_surface.cpp:535)
       n1: 2347264 0xC375EA: she::SDL2Display::flip(gfx::RectT<int> const&) (sdl2_display.cpp:272)
        n1: 2347264 0xC5C935: she::SDL2EventQueue::forceFlip() (she.cpp:331)
         n2: 2347264 0xC6267D: she::SDL2EventQueue::getEventInternal(she::Event&, bool) (she.cpp:393)
          n1: 2347264 0xC6394A: she::SDL2EventQueue::refresh() (she.cpp:347)
           n1: 2347264 0xC63A15: she::SDL2System::refresh() (she.cpp:789)
            n1: 2347264 0xC63C03: she::SDL2System::sleep() (she.cpp:697)
             n1: 2347264 0xC9187E: ui::MessageLoop::pumpMessages() (message_loop.cpp:30)
              n1: 2347264 0xC8321E: ui::Manager::run() (manager.cpp:172)
               n1: 2347264 0x40C798: app::App::run() (app.cpp:664)
                n1: 2347264 0x402D7D: app_main(int, char**)::{lambda()#1}::operator()() const (main.cpp:92)
                 n1: 2347264 0x403C20: int std::__invoke_impl<int, app_main(int, char**)::{lambda()#1}&>(std::__invoke_other, app_main(int, char**)::{lambda()#1}&) (invoke.h:63)
                  n1: 2347264 0x4039CB: std::enable_if<is_invocable_r_v<int, app_main(int, char**)::{lambda()#1}&>, int>::type std::__invoke_r<int, app_main(int, char**)::{lambda()#1}&>(app_main(int, char**)::{lambda()#1}&) (invoke.h:116)
                   n1: 2347264 0x40378A: std::_Function_handler<int (), app_main(int, char**)::{lambda()#1}>::_M_invoke(std::_Any_data const&) (std_function.h:295)
                    n1: 2347264 0xC5D4E5: std::function<int ()>::operator()() const (std_function.h:581)
                     n1: 2347264 0xC5D547: she::SDL2System::run(std::function<int ()>&&) (she.cpp:723)
                      n1: 2347264 0x403361: app_main(int, char**) (main.cpp:73)
                       n0: 2347264 0xC5AC2E: main (she.cpp:993)
          n0: 0 in 1 place, below massif's threshold (1.00%)
 n1: 843472 0x17D62C8D: ???
  n1: 843472 0x17D73C10: ???
   n1: 843472 0x17CE02D6: ???
    n1: 843472 0x17CE4438: ???
     n1: 843472 0x17BECA0E: ???
      n1: 843472 0x17BDF119: ???
       n1: 843472 0x87E6D30: SDL_EGL_CreateContext (SDL_egl.c:1105)
        n1: 843472 0x8878F2D: Wayland_GLES_CreateContext (SDL_waylandopengles.c:60)
         n1: 843472 0x880E9F4: SDL_GL_CreateContext_REAL (SDL_video.c:5432)
          n1: 843472 0x8756277: GL_CreateRenderer.lto_priv.0 (SDL_render_gl.c:1847)
           n1: 843472 0x873E292: SDL_CreateRendererWithProperties_REAL (SDL_render.c:1142)
            n1: 843472 0x873E576: SDL_CreateRenderer_REAL (SDL_render.c:1287)
             n1: 843472 0x4EA2628: SDL_CreateRenderer_REAL (sdl2_compat.c:5986)
              n1: 843472 0xC39255: she::SDL2Display::SDL2Display(int, int, int)::{lambda()#1}::operator()() const (sdl2_display.cpp:83)
               n1: 843472 0xC39389: __invoke_impl<void, she::SDL2Display::SDL2Display(int, int, int)::<lambda()>&> (invoke.h:63)
                n1: 843472 0xC39389: __invoke_r<void, she::SDL2Display::SDL2Display(int, int, int)::<lambda()>&> (invoke.h:113)
                 n1: 843472 0xC39389: std::_Function_handler<void (), she::SDL2Display::SDL2Display(int, int, int)::{lambda()#1}>::_M_invoke(std::_Any_data const&) (std_function.h:295)
                  n1: 843472 0x421E25: std::function<void ()>::operator()() const (std_function.h:581)
                   n1: 843472 0xC60013: she::SDL2System::gfx(std::function<void ()>&&, bool) (she.cpp:680)
                    n1: 843472 0xC38110: she::SDL2Display::SDL2Display(int, int, int) (sdl2_display.cpp:73)
                     n1: 843472 0xC5C3B6: she::SDL2System::createDisplay(int, int, int) (she.cpp:872)
                      n1: 843472 0x690189: app::create_main_display(bool, bool&, std::__cxx11::basic_string<char, std::char_traits<char>, std::allocator<char> >&) (gui.cpp:112)
                       n1: 843472 0x690A8C: app::init_module_gui() (gui.cpp:164)
                        n1: 843472 0x6894AC: app::LegacyModules::LegacyModules(int) (modules.cpp:47)
                         n1: 843472 0x4164B3: std::__detail::_MakeUniq<app::LegacyModules>::__single_object std::make_unique<app::LegacyModules, int>(int&&) (unique_ptr.h:1105)
                          n1: 843472 0x405304: app::App::initialize(app::AppOptions const&) (app.cpp:164)
                           n1: 843472 0x402CED: app_main(int, char**)::{lambda()#1}::operator()() const (main.cpp:87)
                            n1: 843472 0x403C20: int std::__invoke_impl<int, app_main(int, char**)::{lambda()#1}&>(std::__invoke_other, app_main(int, char**)::{lambda()#1}&) (invoke.h:63)
                             n1: 843472 0x4039CB: std::enable_if<is_invocable_r_v<int, app_main(int, char**)::{lambda()#1}&>, int>::type std::__invoke_r<int, app_main(int, char**)::{lambda()#1}&>(app_main(int, char**)::{lambda()#1}&) (invoke.h:116)
                              n1: 843472 0x40378A: std::_Function_handler<int (), app_main(int, char**)::{lambda()#1}>::_M_invoke(std::_Any_data const&) (std_function.h:295)
                               n1: 843472 0xC5D4E5: std::function<int ()>::operator()() const (std_function.h:581)
                                n0: 843472 0xC5D547: she::SDL2System::run(std::function<int ()>&&) (she.cpp:723)
 n1: 841170 0x4404C0: std::__new_allocator<unsigned char>::allocate(unsigned long, void const*) (new_allocator.h:162)
  n1: 841170 0x43A818: allocate (allocator.h:206)
   n1: 841170 0x43A818: allocate (alloc_traits.h:638)
    n2: 841170 0x43A818: std::_Vector_base<unsigned char, std::allocator<unsigned char> >::_M_allocate(unsigned long) (stl_vector.h:389)
     n1: 806412 0x464EA4: std::vector<unsigned char, std::allocator<unsigned char> >::_M_default_append(unsigned long) (vector.tcc:857)
      n1: 806412 0x464730: std::vector<unsigned char, std::allocator<unsigned char> >::resize(unsigned long) (stl_vector.h:1136)
       n1: 806412 0xBB1B81: doc::ImageBuffer::resizeIfNecessary(unsigned long) (image_buffer.h:27)
        n1: 806412 0xBB2C6C: doc::ImageImpl<doc::RgbTraits>::ImageImpl(int, int, base::SharedPtr<doc::ImageBuffer> const&) (image_impl.h:68)
         n2: 806412 0xBB15D3: doc::Image::create(doc::PixelFormat, int, int, base::SharedPtr<doc::ImageBuffer> const&) (image.cpp:55)
          n1: 724800 0x919E03: app::Editor::drawOneSpriteUnclippedRect(ui::Graphics*, gfx::RectT<int> const&, int, int) (editor.cpp:471)
           n1: 724800 0x91B32D: app::Editor::drawSpriteUnclippedRect(ui::Graphics*, gfx::RectT<int> const&) (editor.cpp:566)
            n1: 724800 0x923366: app::Editor::onPaint(ui::PaintEvent&) (editor.cpp:1389)
             n1: 724800 0xCA792D: ui::Widget::paintEvent(ui::Graphics*) (widget.cpp:1054)
              n1: 724800 0xCA7BDE: ui::Widget::onProcessMessage(ui::Message*) (widget.cpp:1354)
               n1: 724800 0x922C04: app::Editor::onProcessMessage(ui::Message*) (editor.cpp:1346)
                n1: 724800 0x90C5CE: app::AppEditor::onProcessMessage(ui::Message*) (document_view.cpp:130)
                 n1: 724800 0xCA20B6: ui::Widget::sendMessage(ui::Message*) (widget.cpp:1156)
                  n1: 724800 0xC84B2A: ui::Manager::pumpQueue() (manager.cpp:1334)
                   n1: 724800 0xC84CA0: ui::Manager::dispatchMessages() (manager.cpp:604)
                    n1: 724800 0xC91849: ui::MessageLoop::pumpMessages() (message_loop.cpp:26)
                     n1: 724800 0xC8321E: ui::Manager::run() (manager.cpp:172)
                      n1: 724800 0x40C798: app::App::run() (app.cpp:664)
                       n1: 724800 0x402D7D: app_main(int, char**)::{lambda()#1}::operator()() const (main.cpp:92)
                        n1: 724800 0x403C20: int std::__invoke_impl<int, app_main(int, char**)::{lambda()#1}&>(std::__invoke_other, app_main(int, char**)::{lambda()#1}&) (invoke.h:63)
                         n1: 724800 0x4039CB: std::enable_if<is_invocable_r_v<int, app_main(int, char**)::{lambda()#1}&>, int>::type std::__invoke_r<int, app_main(int, char**)::{lambda()#1}&>(app_main(int, char**)::{lambda()#1}&) (invoke.h:116)
                          n1: 724800 0x40378A: std::_Function_handler<int (), app_main(int, char**)::{lambda()#1}>::_M_invoke(std::_Any_data const&) (std_function.h:295)
                           n1: 724800 0xC5D4E5: std::function<int ()>::operator()() const (std_function.h:581)
                            n1: 724800 0xC5D547: she::SDL2System::run(std::function<int ()>&&) (she.cpp:723)
                             n1: 724800 0x403361: app_main(int, char**) (main.cpp:73)
                              n0: 724800 0xC5AC2E: main (she.cpp:993)
          n0: 81612 in 3 places, all below massif's threshold (1.00%)
     n0: 34758 in 1 place, below massif's threshold (1.00%)
 n1: 271576 0x17FEBDB5: ???
  n1: 271576 0x17ED3A8B: ???
   n1: 271576 0x17D62CED: ???
    n1: 271576 0x17D73C10: ???
     n1: 271576 0x17CE02D6: ???
      n1: 271576 0x17CE4438: ???
       n1: 271576 0x17BECA0E: ???
        n1: 271576 0x17BDF119: ???
         n1: 271576 0x87E6D30: SDL_EGL_CreateContext (SDL_egl.c:1105)
          n1: 271576 0x8878F2D: Wayland_GLES_CreateContext (SDL_waylandopengles.c:60)
           n1: 271576 0x880E9F4: SDL_GL_CreateContext_REAL (SDL_video.c:5432)
            n1: 271576 0x8756277: GL_CreateRenderer.lto_priv.0 (SDL_render_gl.c:1847)
             n1: 271576 0x873E292: SDL_CreateRendererWithProperties_REAL (SDL_render.c:1142)
              n1: 271576 0x873E576: SDL_CreateRenderer_REAL (SDL_render.c:1287)
               n1: 271576 0x4EA2628: SDL_CreateRenderer_REAL (sdl2_compat.c:5986)
                n1: 271576 0xC39255: she::SDL2Display::SDL2Display(int, int, int)::{lambda()#1}::operator()() const (sdl2_display.cpp:83)
                 n1: 271576 0xC39389: __invoke_impl<void, she::SDL2Display::SDL2Display(int, int, int)::<lambda()>&> (invoke.h:63)
                  n1: 271576 0xC39389: __invoke_r<void, she::SDL2Display::SDL2Display(int, int, int)::<lambda()>&> (invoke.h:113)
                   n1: 271576 0xC39389: std::_Function_handler<void (), she::SDL2Display::SDL2Display(int, int, int)::{lambda()#1}>::_M_invoke(std::_Any_data const&) (std_function.h:295)
                    n1: 271576 0x421E25: std::function<void ()>::operator()() const (std_function.h:581)
                     n1: 271576 0xC60013: she::SDL2System::gfx(std::function<void ()>&&, bool) (she.cpp:680)
                      n1: 271576 0xC38110: she::SDL2Display::SDL2Display(int, int, int) (sdl2_display.cpp:73)
                       n1: 271576 0xC5C3B6: she::SDL2System::createDisplay(int, int, int) (she.cpp:872)
                        n1: 271576 0x690189: app::create_main_display(bool, bool&, std::__cxx11::basic_string<char, std::char_traits<char>, std::allocator<char> >&) (gui.cpp:112)
                         n1: 271576 0x690A8C: app::init_module_gui() (gui.cpp:164)
                          n1: 271576 0x6894AC: app::LegacyModules::LegacyModules(int) (modules.cpp:47)
                           n1: 271576 0x4164B3: std::__detail::_MakeUniq<app::LegacyModules>::__single_object std::make_unique<app::LegacyModules, int>(int&&) (unique_ptr.h:1105)
                            n1: 271576 0x405304: app::App::initialize(app::AppOptions const&) (app.cpp:164)
                             n1: 271576 0x402CED: app_main(int, char**)::{lambda()#1}::operator()() const (main.cpp:87)
                              n1: 271576 0x403C20: int std::__invoke_impl<int, app_main(int, char**)::{lambda()#1}&>(std::__invoke_other, app_main(int, char**)::{lambda()#1}&) (invoke.h:63)
                               n1: 271576 0x4039CB: std::enable_if<is_invocable_r_v<int, app_main(int, char**)::{lambda()#1}&>, int>::type std::__invoke_r<int, app_main(int, char**)::{lambda()#1}&>(app_main(int, char**)::{lambda()#1}&) (invoke.h:116)
                                n0: 271576 0x40378A: std::_Function_handler<int (), app_main(int, char**)::{lambda()#1}>::_M_invoke(std::_Any_data const&) (std_function.h:295)
 n1: 240944 0x87F71DB: real_malloc (SDL_malloc.c:6334)
  n1: 240944 0x87F71DB: SDL_malloc_REAL (SDL_malloc.c:6459)
   n2: 240944 0x87F71DB: SDL_CreateSurface_REAL (SDL_surface.c:221)
    n1: 238280 0x4EA9154: SDL_CreateRGBSurfaceWithFormat_REAL (sdl2_compat.c:4435)
     n1: 238280 0xC57528: she::SDL2Surface::applyScale(int) (sdl2_surface.cpp:168)
      n1: 238280 0x9EB15C: app::skin::SkinTheme::sliceSheet(she::Surface*, gfx::RectT<int> const&) (skin_theme.cpp:859)
       n0: 238280 in 11 places, all below massif's threshold (1.00%)
    n0: 2664 in 3 places, all below massif's threshold (1.00%)
#-----------
snapshot=53
#-----------
time=7270757674
mem_heap_B=22283209
mem_heap_extra_B=801831
mem_stacks_B=0
heap_tree=empty
#-----------
snapshot=54
#-----------
time=7353465047
mem_heap_B=22287192
mem_heap_extra_B=802656
mem_stacks_B=0
heap_tree=empty
#-----------
snapshot=55
#-----------
time=7436192165
mem_heap_B=22287145
mem_heap_extra_B=802063
mem_stacks_B=0
heap_tree=empty
#-----------
snapshot=56
#-----------
time=7518892069
mem_heap_B=22285737
mem_heap_extra_B=801823
mem_stacks_B=0
heap_tree=empty
#-----------
snapshot=57
#-----------
time=7601582575
mem_heap_B=22286977
mem_heap_extra_B=802415
mem_stacks_B=0
heap_tree=empty
#-----------
snapshot=58
#-----------
time=7684287983
mem_heap_B=22293226
mem_heap_extra_B=804070
mem_stacks_B=0
heap_tree=empty
#-----------
snapshot=59
#-----------
time=7766980985
mem_heap_B=22292086
mem_heap_extra_B=804082
mem_stacks_B=0
heap_tree=empty
#-----------
snapshot=60
#-----------
time=7849794534
mem_heap_B=22294237
mem_heap_extra_B=804907
mem_stacks_B=0
heap_tree=empty
#-----------
snapshot=61
#-----------
time=7932720702
mem_heap_B=22294362
mem_heap_extra_B=804174
mem_stacks_B=0
heap_tree=empty
#-----------
snapshot=62
#-----------
time=8015518514
mem_heap_B=22294842
mem_heap_extra_B=804230
mem_stacks_B=0
heap_tree=detailed
n8: 22294842 (heap allocation functions) malloc/new/new[], --alloc-fns, etc.
 n3: 9651888 0x181DDF1C: ???
  n2: 5730464 0x181DF139: ???
   n0: 5328032 in 375 places, all below massif's threshold (1.00%)
   n1: 402432 0x18068FE1: ???
    n0: 402432 in 29 places, all below massif's threshold (1.00%)
  n2: 3372560 0x181DEB02: ???
   n4: 3306928 0x181DEC14: ???
    n3: 1636576 0x182425A1: ???
     n1: 753296 0x18243E2A: ???
      n1: 753296 0x182FCEFC: ???
       n1: 753296 0x182FDD39: ???
        n2: 753296 0x182FE09B: ???
         n1: 425776 0x17D816B9: ???
          n1: 425776 0x17D82608: ???
           n1: 425776 0x17D82D64: ???
            n1: 425776 0x17D8444B: ???
             n1: 425776 0x17D845CC: ???
              n1: 425776 0x1802FD0D: ???
               n1: 425776 0x17FE8D96: ???
                n1: 425776 0x8756CB2: CompileShaderProgram (SDL_shaders_gl.c:587)
                 n1: 425776 0x8756CB2: GL_CreateShaderContext (SDL_shaders_gl.c:685)
                  n1: 425776 0x8756CB2: GL_CreateRenderer.lto_priv.0 (SDL_render_gl.c:1947)
                   n1: 425776 0x873E292: SDL_CreateRendererWithProperties_REAL (SDL_render.c:1142)
                    n1: 425776 0x873E576: SDL_CreateRenderer_REAL (SDL_render.c:1287)
                     n1: 425776 0x4EA2628: SDL_CreateRenderer_REAL (sdl2_compat.c:5986)
                      n1: 425776 0xC39255: she::SDL2Display::SDL2Display(int, int, int)::{lambda()#1}::operator()() const (sdl2_display.cpp:83)
                       n1: 425776 0xC39389: __invoke_impl<void, she::SDL2Display::SDL2Display(int, int, int)::<lambda()>&> (invoke.h:63)
                        n1: 425776 0xC39389: __invoke_r<void, she::SDL2Display::SDL2Display(int, int, int)::<lambda()>&> (invoke.h:113)
                         n1: 425776 0xC39389: std::_Function_handler<void (), she::SDL2Display::SDL2Display(int, int, int)::{lambda()#1}>::_M_invoke(std::_Any_data const&) (std_function.h:295)
                          n1: 425776 0x421E25: std::function<void ()>::operator()() const (std_function.h:581)
                           n1: 425776 0xC60013: she::SDL2System::gfx(std::function<void ()>&&, bool) (she.cpp:680)
                            n1: 425776 0xC38110: she::SDL2Display::SDL2Display(int, int, int) (sdl2_display.cpp:73)
                             n1: 425776 0xC5C3B6: she::SDL2System::createDisplay(int, int, int) (she.cpp:872)
                              n1: 425776 0x690189: app::create_main_display(bool, bool&, std::__cxx11::basic_string<char, std::char_traits<char>, std::allocator<char> >&) (gui.cpp:112)
                               n1: 425776 0x690A8C: app::init_module_gui() (gui.cpp:164)
                                n1: 425776 0x6894AC: app::LegacyModules::LegacyModules(int) (modules.cpp:47)
                                 n1: 425776 0x4164B3: std::__detail::_MakeUniq<app::LegacyModules>::__single_object std::make_unique<app::LegacyModules, int>(int&&) (unique_ptr.h:1105)
                                  n0: 425776 0x405304: app::App::initialize(app::AppOptions const&) (app.cpp:164)
         n1: 327520 0x17D823C6: ???
          n1: 327520 0x17D82836: ???
           n1: 327520 0x17D82E94: ???
            n1: 327520 0x17D8444B: ???
             n1: 327520 0x17D845CC: ???
              n1: 327520 0x1802FD0D: ???
               n1: 327520 0x17FE8D96: ???
                n1: 327520 0x8756CB2: CompileShaderProgram (SDL_shaders_gl.c:587)
                 n1: 327520 0x8756CB2: GL_CreateShaderContext (SDL_shaders_gl.c:685)
                  n1: 327520 0x8756CB2: GL_CreateRenderer.lto_priv.0 (SDL_render_gl.c:1947)
                   n1: 327520 0x873E292: SDL_CreateRendererWithProperties_REAL (SDL_render.c:1142)
                    n1: 327520 0x873E576: SDL_CreateRenderer_REAL (SDL_render.c:1287)
                     n1: 327520 0x4EA2628: SDL_CreateRenderer_REAL (sdl2_compat.c:5986)
                      n1: 327520 0xC39255: she::SDL2Display::SDL2Display(int, int, int)::{lambda()#1}::operator()() const (sdl2_display.cpp:83)
                       n1: 327520 0xC39389: __invoke_impl<void, she::SDL2Display::SDL2Display(int, int, int)::<lambda()>&> (invoke.h:63)
                        n1: 327520 0xC39389: __invoke_r<void, she::SDL2Display::SDL2Display(int, int, int)::<lambda()>&> (invoke.h:113)
                         n1: 327520 0xC39389: std::_Function_handler<void (), she::SDL2Display::SDL2Display(int, int, int)::{lambda()#1}>::_M_invoke(std::_Any_data const&) (std_function.h:295)
                          n1: 327520 0x421E25: std::function<void ()>::operator()() const (std_function.h:581)
                           n1: 327520 0xC60013: she::SDL2System::gfx(std::function<void ()>&&, bool) (she.cpp:680)
                            n1: 327520 0xC38110: she::SDL2Display::SDL2Display(int, int, int) (sdl2_display.cpp:73)
                             n1: 327520 0xC5C3B6: she::SDL2System::createDisplay(int, int, int) (she.cpp:872)
                              n1: 327520 0x690189: app::create_main_display(bool, bool&, std::__cxx11::basic_string<char, std::char_traits<char>, std::allocator<char> >&) (gui.cpp:112)
                               n1: 327520 0x690A8C: app::init_module_gui() (gui.cpp:164)
                                n1: 327520 0x6894AC: app::LegacyModules::LegacyModules(int) (modules.cpp:47)
                                 n1: 327520 0x4164B3: std::__detail::_MakeUniq<app::LegacyModules>::__single_object std::make_unique<app::LegacyModules, int>(int&&) (unique_ptr.h:1105)
                                  n0: 327520 0x405304: app::App::initialize(app::AppOptions const&) (app.cpp:164)
     n2: 457504 0x18243C98: ???
      n1: 457504 0x182FCC9D: ???
       n1: 457504 0x182FDD39: ???
        n2: 457504 0x182FE09B: ???
         n1: 457504 0x17D823C6: ???
          n1: 457504 0x17D82836: ???
           n1: 457504 0x17D82E94: ???
            n1: 457504 0x17D8444B: ???
             n1: 457504 0x17D845CC: ???
              n1: 457504 0x1802FD0D: ???
               n1: 457504 0x17FE8D96: ???
                n1: 457504 0x8756CB2: CompileShaderProgram (SDL_shaders_gl.c:587)
                 n1: 457504 0x8756CB2: GL_CreateShaderContext (SDL_shaders_gl.c:685)
                  n1: 457504 0x8756CB2: GL_CreateRenderer.lto_priv.0 (SDL_render_gl.c:1947)
                   n1: 457504 0x873E292: SDL_CreateRendererWithProperties_REAL (SDL_render.c:1142)
                    n1: 457504 0x873E576: SDL_CreateRenderer_REAL (SDL_render.c:1287)
                     n1: 457504 0x4EA2628: SDL_CreateRenderer_REAL (sdl2_compat.c:5986)
                      n1: 457504 0xC39255: she::SDL2Display::SDL2Display(int, int, int)::{lambda()#1}::operator()() const (sdl2_display.cpp:83)
                       n1: 457504 0xC39389: __invoke_impl<void, she::SDL2Display::SDL2Display(int, int, int)::<lambda()>&> (invoke.h:63)
                        n1: 457504 0xC39389: __invoke_r<void, she::SDL2Display::SDL2Display(int, int, int)::<lambda()>&> (invoke.h:113)
                         n1: 457504 0xC39389: std::_Function_handler<void (), she::SDL2Display::SDL2Display(int, int, int)::{lambda()#1}>::_M_invoke(std::_Any_data const&) (std_function.h:295)
                          n1: 457504 0x421E25: std::function<void ()>::operator()() const (std_function.h:581)
                           n1: 457504 0xC60013: she::SDL2System::gfx(std::function<void ()>&&, bool) (she.cpp:680)
                            n1: 457504 0xC38110: she::SDL2Display::SDL2Display(int, int, int) (sdl2_display.cpp:73)
                             n1: 457504 0xC5C3B6: she::SDL2System::createDisplay(int, int, int) (she.cpp:872)
                              n1: 457504 0x690189: app::create_main_display(bool, bool&, std::__cxx11::basic_string<char, std::char_traits<char>, std::allocator<char> >&) (gui.cpp:112)
                               n1: 457504 0x690A8C: app::init_module_gui() (gui.cpp:164)
                                n1: 457504 0x6894AC: app::LegacyModules::LegacyModules(int) (modules.cpp:47)
                                 n1: 457504 0x4164B3: std::__detail::_MakeUniq<app::LegacyModules>::__single_object std::make_unique<app::LegacyModules, int>(int&&) (unique_ptr.h:1105)
                                  n0: 457504 0x405304: app::App::initialize(app::AppOptions const&) (app.cpp:164)
         n0: 0 in 1 place, below massif's threshold (1.00%)
      n0: 0 in 2 places, all below massif's threshold (1.00%)
     n2: 425776 0x18243EBD: ???
      n1: 425776 0x182FCFBE: ???
       n1: 425776 0x182FDD39: ???
        n1: 425776 0x182FE09B: ???
         n1: 425776 0x17D823C6: ???
          n1: 425776 0x17D82836: ???
           n1: 425776 0x17D82E94: ???
            n1: 425776 0x17D8444B: ???
             n1: 425776 0x17D845CC: ???
              n1: 425776 0x1802FD0D: ???
               n1: 425776 0x17FE8D96: ???
                n1: 425776 0x8756CB2: CompileShaderProgram (SDL_shaders_gl.c:587)
                 n1: 425776 0x8756CB2: GL_CreateShaderContext (SDL_shaders_gl.c:685)
                  n1: 425776 0x8756CB2: GL_CreateRenderer.lto_priv.0 (SDL_render_gl.c:1947)
                   n1: 425776 0x873E292: SDL_CreateRendererWithProperties_REAL (SDL_render.c:1142)
                    n1: 425776 0x873E576: SDL_CreateRenderer_REAL (SDL_render.c:1287)
                     n1: 425776 0x4EA2628: SDL_CreateRenderer_REAL (sdl2_compat.c:5986)
                      n1: 425776 0xC39255: she::SDL2Display::SDL2Display(int, int, int)::{lambda()#1}::operator()() const (sdl2_display.cpp:83)
                       n1: 425776 0xC39389: __invoke_impl<void, she::SDL2Display::SDL2Display(int, int, int)::<lambda()>&> (invoke.h:63)
                        n1: 425776 0xC39389: __invoke_r<void, she::SDL2Display::SDL2Display(int, int, int)::<lambda()>&> (invoke.h:113)
                         n1: 425776 0xC39389: std::_Function_handler<void (), she::SDL2Display::SDL2Display(int, int, int)::{lambda()#1}>::_M_invoke(std::_Any_data const&) (std_function.h:295)
                          n1: 425776 0x421E25: std::function<void ()>::operator()() const (std_function.h:581)
                           n1: 425776 0xC60013: she::SDL2System::gfx(std::function<void ()>&&, bool) (she.cpp:680)
                            n1: 425776 0xC38110: she::SDL2Display::SDL2Display(int, int, int) (sdl2_display.cpp:73)
                             n1: 425776 0xC5C3B6: she::SDL2System::createDisplay(int, int, int) (she.cpp:872)
                              n1: 425776 0x690189: app::create_main_display(bool, bool&, std::__cxx11::basic_string<char, std::char_traits<char>, std::allocator<char> >&) (gui.cpp:112)
                               n1: 425776 0x690A8C: app::init_module_gui() (gui.cpp:164)
                                n1: 425776 0x6894AC: app::LegacyModules::LegacyModules(int) (modules.cpp:47)
                                 n1: 425776 0x4164B3: std::__detail::_MakeUniq<app::LegacyModules>::__single_object std::make_unique<app::LegacyModules, int>(int&&) (unique_ptr.h:1105)
                                  n0: 425776 0x405304: app::App::initialize(app::AppOptions const&) (app.cpp:164)
      n0: 0 in 1 place, below massif's threshold (1.00%)
    n2: 851552 0x18243D84: ???
     n1: 818800 0x182FCB49: ???
      n1: 818800 0x182FDD39: ???
       n2: 818800 0x182FE09B: ???
        n1: 425776 0x17D816B9: ???
         n1: 425776 0x17D82608: ???
          n1: 425776 0x17D82D64: ???
           n1: 425776 0x17D8444B: ???
            n1: 425776 0x17D845CC: ???
             n1: 425776 0x1802FD0D: ???
              n1: 425776 0x17FE8D96: ???
               n1: 425776 0x8756CB2: CompileShaderProgram (SDL_shaders_gl.c:587)
                n1: 425776 0x8756CB2: GL_CreateShaderContext (SDL_shaders_gl.c:685)
                 n1: 425776 0x8756CB2: GL_CreateRenderer.lto_priv.0 (SDL_render_gl.c:1947)
                  n1: 425776 0x873E292: SDL_CreateRendererWithProperties_REAL (SDL_render.c:1142)
                   n1: 425776 0x873E576: SDL_CreateRenderer_REAL (SDL_render.c:1287)
                    n1: 425776 0x4EA2628: SDL_CreateRenderer_REAL (sdl2_compat.c:5986)
                     n1: 425776 0xC39255: she::SDL2Display::SDL2Display(int, int, int)::{lambda()#1}::operator()() const (sdl2_display.cpp:83)
                      n1: 425776 0xC39389: __invoke_impl<void, she::SDL2Display::SDL2Display(int, int, int)::<lambda()>&> (invoke.h:63)
                       n1: 425776 0xC39389: __invoke_r<void, she::SDL2Display::SDL2Display(int, int, int)::<lambda()>&> (invoke.h:113)
                        n1: 425776 0xC39389: std::_Function_handler<void (), she::SDL2Display::SDL2Display(int, int, int)::{lambda()#1}>::_M_invoke(std::_Any_data const&) (std_function.h:295)
                         n1: 425776 0x421E25: std::function<void ()>::operator()() const (std_function.h:581)
                          n1: 425776 0xC60013: she::SDL2System::gfx(std::function<void ()>&&, bool) (she.cpp:680)
                           n1: 425776 0xC38110: she::SDL2Display::SDL2Display(int, int, int) (sdl2_display.cpp:73)
                            n1: 425776 0xC5C3B6: she::SDL2System::createDisplay(int, int, int) (she.cpp:872)
                             n1: 425776 0x690189: app::create_main_display(bool, bool&, std::__cxx11::basic_string<char, std::char_traits<char>, std::allocator<char> >&) (gui.cpp:112)
                              n1: 425776 0x690A8C: app::init_module_gui() (gui.cpp:164)
                               n1: 425776 0x6894AC: app::LegacyModules::LegacyModules(int) (modules.cpp:47)
                                n1: 425776 0x4164B3: std::__detail::_MakeUniq<app::LegacyModules>::__single_object std::make_unique<app::LegacyModules, int>(int&&) (unique_ptr.h:1105)
                                 n1: 425776 0x405304: app::App::initialize(app::AppOptions const&) (app.cpp:164)
                                  n0: 425776 0x402CED: app_main(int, char**)::{lambda()#1}::operator()() const (main.cpp:87)
        n1: 393024 0x17D823C6: ???
         n1: 393024 0x17D82836: ???
          n1: 393024 0x17D82E94: ???
           n1: 393024 0x17D8444B: ???
            n1: 393024 0x17D845CC: ???
             n1: 393024 0x1802FD0D: ???
              n1: 393024 0x17FE8D96: ???
               n1: 393024 0x8756CB2: CompileShaderProgram (SDL_shaders_gl.c:587)
                n1: 393024 0x8756CB2: GL_CreateShaderContext (SDL_shaders_gl.c:685)
                 n1: 393024 0x8756CB2: GL_CreateRenderer.lto_priv.0 (SDL_render_gl.c:1947)
                  n1: 393024 0x873E292: SDL_CreateRendererWithProperties_REAL (SDL_render.c:1142)
                   n1: 393024 0x873E576: SDL_CreateRenderer_REAL (SDL_render.c:1287)
                    n1: 393024 0x4EA2628: SDL_CreateRenderer_REAL (sdl2_compat.c:5986)
                     n1: 393024 0xC39255: she::SDL2Display::SDL2Display(int, int, int)::{lambda()#1}::operator()() const (sdl2_display.cpp:83)
                      n1: 393024 0xC39389: __invoke_impl<void, she::SDL2Display::SDL2Display(int, int, int)::<lambda()>&> (invoke.h:63)
                       n1: 393024 0xC39389: __invoke_r<void, she::SDL2Display::SDL2Display(int, int, int)::<lambda()>&> (invoke.h:113)
                        n1: 393024 0xC39389: std::_Function_handler<void (), she::SDL2Display::SDL2Display(int, int, int)::{lambda()#1}>::_M_invoke(std::_Any_data const&) (std_function.h:295)
                         n1: 393024 0x421E25: std::function<void ()>::operator()() const (std_function.h:581)
                          n1: 393024 0xC60013: she::SDL2System::gfx(std::function<void ()>&&, bool) (she.cpp:680)
                           n1: 393024 0xC38110: she::SDL2Display::SDL2Display(int, int, int) (sdl2_display.cpp:73)
                            n1: 393024 0xC5C3B6: she::SDL2System::createDisplay(int, int, int) (she.cpp:872)
                             n1: 393024 0x690189: app::create_main_display(bool, bool&, std::__cxx11::basic_string<char, std::char_traits<char>, std::allocator<char> >&) (gui.cpp:112)
                              n1: 393024 0x690A8C: app::init_module_gui() (gui.cpp:164)
                               n1: 393024 0x6894AC: app::LegacyModules::LegacyModules(int) (modules.cpp:47)
                                n1: 393024 0x4164B3: std::__detail::_MakeUniq<app::LegacyModules>::__single_object std::make_unique<app::LegacyModules, int>(int&&) (unique_ptr.h:1105)
                                 n1: 393024 0x405304: app::App::initialize(app::AppOptions const&) (app.cpp:164)
                                  n0: 393024 0x402CED: app_main(int, char**)::{lambda()#1}::operator()() const (main.cpp:87)
     n0: 32752 in 3 places, all below massif's threshold (1.00%)
    n1: 818800 0x182FADA5: ???
     n2: 818800 0x182FDFCF: ???
      n1: 425776 0x17D816B9: ???
       n1: 425776 0x17D82608: ???
        n1: 425776 0x17D82D64: ???
         n1: 425776 0x17D8444B: ???
          n1: 425776 0x17D845CC: ???
           n1: 425776 0x1802FD0D: ???
            n1: 425776 0x17FE8D96: ???
             n1: 425776 0x8756CB2: CompileShaderProgram (SDL_shaders_gl.c:587)
              n1: 425776 0x8756CB2: GL_CreateShaderContext (SDL_shaders_gl.c:685)
               n1: 425776 0x8756CB2: GL_CreateRenderer.lto_priv.0 (SDL_render_gl.c:1947)
                n1: 425776 0x873E292: SDL_CreateRendererWithProperties_REAL (SDL_render.c:1142)
                 n1: 425776 0x873E576: SDL_CreateRenderer_REAL (SDL_render.c:1287)
                  n1: 425776 0x4EA2628: SDL_CreateRenderer_REAL (sdl2_compat.c:5986)
                   n1: 425776 0xC39255: she::SDL2Display::SDL2Display(int, int, int)::{lambda()#1}::operator()() const (sdl2_display.cpp:83)
                    n1: 425776 0xC39389: __invoke_impl<void, she::SDL2Display::SDL2Display(int, int, int)::<lambda()>&> (invoke.h:63)
                     n1: 425776 0xC39389: __invoke_r<void, she::SDL2Display::SDL2Display(int, int, int)::<lambda()>&> (invoke.h:113)
                      n1: 425776 0xC39389: std::_Function_handler<void (), she::SDL2Display::SDL2Display(int, int, int)::{lambda()#1}>::_M_invoke(std::_Any_data const&) (std_function.h:295)
                       n1: 425776 0x421E25: std::function<void ()>::operator()() const (std_function.h:581)
                        n1: 425776 0xC60013: she::SDL2System::gfx(std::function<void ()>&&, bool) (she.cpp:680)
                         n1: 425776 0xC38110: she::SDL2Display::SDL2Display(int, int, int) (sdl2_display.cpp:73)
                          n1: 425776 0xC5C3B6: she::SDL2System::createDisplay(int, int, int) (she.cpp:872)
                           n1: 425776 0x690189: app::create_main_display(bool, bool&, std::__cxx11::basic_string<char, std::char_traits<char>, std::allocator<char> >&) (gui.cpp:112)
                            n1: 425776 0x690A8C: app::init_module_gui() (gui.cpp:164)
                             n1: 425776 0x6894AC: app::LegacyModules::LegacyModules(int) (modules.cpp:47)
                              n1: 425776 0x4164B3: std::__detail::_MakeUniq<app::LegacyModules>::__single_object std::make_unique<app::LegacyModules, int>(int&&) (unique_ptr.h:1105)
                               n1: 425776 0x405304: app::App::initialize(app::AppOptions const&) (app.cpp:164)
                                n1: 425776 0x402CED: app_main(int, char**)::{lambda()#1}::operator()() const (main.cpp:87)
                                 n1: 425776 0x403C20: int std::__invoke_impl<int, app_main(int, char**)::{lambda()#1}&>(std::__invoke_other, app_main(int, char**)::{lambda()#1}&) (invoke.h:63)
                                  n0: 425776 0x4039CB: std::enable_if<is_invocable_r_v<int, app_main(int, char**)::{lambda()#1}&>, int>::type std::__invoke_r<int, app_main(int, char**)::{lambda()#1}&>(app_main(int, char**)::{lambda()#1}&) (invoke.h:116)
      n1: 393024 0x17D823C6: ???
       n1: 393024 0x17D82836: ???
        n1: 393024 0x17D82E94: ???
         n1: 393024 0x17D8444B: ???
          n1: 393024 0x17D845CC: ???
           n1: 393024 0x1802FD0D: ???
            n1: 393024 0x17FE8D96: ???
             n1: 393024 0x8756CB2: CompileShaderProgram (SDL_shaders_gl.c:587)
              n1: 393024 0x8756CB2: GL_CreateShaderContext (SDL_shaders_gl.c:685)
               n1: 393024 0x8756CB2: GL_CreateRenderer.lto_priv.0 (SDL_render_gl.c:1947)
                n1: 393024 0x873E292: SDL_CreateRendererWithProperties_REAL (SDL_render.c:1142)
                 n1: 393024 0x873E576: SDL_CreateRenderer_REAL (SDL_render.c:1287)
                  n1: 393024 0x4EA2628: SDL_CreateRenderer_REAL (sdl2_compat.c:5986)
                   n1: 393024 0xC39255: she::SDL2Display::SDL2Display(int, int, int)::{lambda()#1}::operator()() const (sdl2_display.cpp:83)
                    n1: 393024 0xC39389: __invoke_impl<void, she::SDL2Display::SDL2Display(int, int, int)::<lambda()>&> (invoke.h:63)
                     n1: 393024 0xC39389: __invoke_r<void, she::SDL2Display::SDL2Display(int, int, int)::<lambda()>&> (invoke.h:113)
                      n1: 393024 0xC39389: std::_Function_handler<void (), she::SDL2Display::SDL2Display(int, int, int)::{lambda()#1}>::_M_invoke(std::_Any_data const&) (std_function.h:295)
                       n1: 393024 0x421E25: std::function<void ()>::operator()() const (std_function.h:581)
                        n1: 393024 0xC60013: she::SDL2System::gfx(std::function<void ()>&&, bool) (she.cpp:680)
                         n1: 393024 0xC38110: she::SDL2Display::SDL2Display(int, int, int) (sdl2_display.cpp:73)
                          n1: 393024 0xC5C3B6: she::SDL2System::createDisplay(int, int, int) (she.cpp:872)
                           n1: 393024 0x690189: app::create_main_display(bool, bool&, std::__cxx11::basic_string<char, std::char_traits<char>, std::allocator<char> >&) (gui.cpp:112)
                            n1: 393024 0x690A8C: app::init_module_gui() (gui.cpp:164)
                             n1: 393024 0x6894AC: app::LegacyModules::LegacyModules(int) (modules.cpp:47)
                              n1: 393024 0x4164B3: std::__detail::_MakeUniq<app::LegacyModules>::__single_object std::make_unique<app::LegacyModules, int>(int&&) (unique_ptr.h:1105)
                               n1: 393024 0x405304: app::App::initialize(app::AppOptions const&) (app.cpp:164)
                                n1: 393024 0x402CED: app_main(int, char**)::{lambda()#1}::operator()() const (main.cpp:87)
                                 n1: 393024 0x403C20: int std::__invoke_impl<int, app_main(int, char**)::{lambda()#1}&>(std::__invoke_other, app_main(int, char**)::{lambda()#1}&) (invoke.h:63)
                                  n0: 393024 0x4039CB: std::enable_if<is_invocable_r_v<int, app_main(int, char**)::{lambda()#1}&>, int>::type std::__invoke_r<int, app_main(int, char**)::{lambda()#1}&>(app_main(int, char**)::{lambda()#1}&) (invoke.h:116)
    n0: 0 in 2 places, all below massif's threshold (1.00%)
   n0: 65632 in 1 place, below massif's threshold (1.00%)
  n0: 548864 in 69 places, all below massif's threshold (1.00%)
 n1: 4263312 0x878F613: real_malloc (SDL_malloc.c:6334)
  n1: 4263312 0x878F613: SDL_malloc_REAL (SDL_malloc.c:6459)
   n1: 4263312 0x878F613: SDL_aligned_alloc_REAL (SDL_stdlib.c:540)
    n4: 4263312 0x87F73B5: SDL_CreateSurface_REAL (SDL_surface.c:236)
     n2: 2972272 0x4EA9115: SDL_CreateRGBSurface_REAL (sdl2_compat.c:4429)
      n2: 2347336 0xC589DE: she::SDL2Surface::SDL2Surface(int, int, she::SDL2Surface::DestroyFlag) (sdl2_surface.cpp:61)
       n2: 2347336 0xC37D92: she::SDL2Display::recreateSurface() (sdl2_display.cpp:216)
        n2: 2347336 0xC6285F: she::SDL2EventQueue::getEventInternal(she::Event&, bool) (she.cpp:423)
         n1: 2347336 0xC6394A: she::SDL2EventQueue::refresh() (she.cpp:347)
          n1: 2347336 0xC63A15: she::SDL2System::refresh() (she.cpp:789)
           n1: 2347336 0xC63C03: she::SDL2System::sleep() (she.cpp:697)
            n1: 2347336 0xC9187E: ui::MessageLoop::pumpMessages() (message_loop.cpp:30)
             n1: 2347336 0xC8321E: ui::Manager::run() (manager.cpp:172)
              n1: 2347336 0x40C798: app::App::run() (app.cpp:664)
               n1: 2347336 0x402D7D: app_main(int, char**)::{lambda()#1}::operator()() const (main.cpp:92)
                n1: 2347336 0x403C20: int std::__invoke_impl<int, app_main(int, char**)::{lambda()#1}&>(std::__invoke_other, app_main(int, char**)::{lambda()#1}&) (invoke.h:63)
                 n1: 2347336 0x4039CB: std::enable_if<is_invocable_r_v<int, app_main(int, char**)::{lambda()#1}&>, int>::type std::__invoke_r<int, app_main(int, char**)::{lambda()#1}&>(app_main(int, char**)::{lambda()#1}&) (invoke.h:116)
                  n1: 2347336 0x40378A: std::_Function_handler<int (), app_main(int, char**)::{lambda()#1}>::_M_invoke(std::_Any_data const&) (std_function.h:295)
                   n1: 2347336 0xC5D4E5: std::function<int ()>::operator()() const (std_function.h:581)
                    n1: 2347336 0xC5D547: she::SDL2System::run(std::function<int ()>&&) (she.cpp:723)
                     n1: 2347336 0x403361: app_main(int, char**) (main.cpp:73)
                      n0: 2347336 0xC5AC2E: main (she.cpp:993)
         n0: 0 in 1 place, below massif's threshold (1.00%)
        n0: 0 in 1 place, below massif's threshold (1.00%)
       n0: 0 in 1 place, below massif's threshold (1.00%)
      n1: 624936 0xC58DCB: she::SDL2Surface::SDL2Surface(int, int, int, she::SDL2Surface::DestroyFlag) (sdl2_surface.cpp:71)
       n2: 624936 0xC5C262: she::SDL2System::createRgbaSurface(int, int) (she.cpp:880)
        n1: 624072 0x91A9DC: app::Editor::drawOneSpriteUnclippedRect(ui::Graphics*, gfx::RectT<int> const&, int, int) (editor.cpp:533)
         n1: 624072 0x91B32D: app::Editor::drawSpriteUnclippedRect(ui::Graphics*, gfx::RectT<int> const&) (editor.cpp:566)
          n1: 624072 0x923366: app::Editor::onPaint(ui::PaintEvent&) (editor.cpp:1389)
           n1: 624072 0xCA792D: ui::Widget::paintEvent(ui::Graphics*) (widget.cpp:1054)
            n1: 624072 0xCA7BDE: ui::Widget::onProcessMessage(ui::Message*) (widget.cpp:1354)
             n1: 624072 0x922C04: app::Editor::onProcessMessage(ui::Message*) (editor.cpp:1346)
              n1: 624072 0x90C5CE: app::AppEditor::onProcessMessage(ui::Message*) (document_view.cpp:130)
               n1: 624072 0xCA20B6: ui::Widget::sendMessage(ui::Message*) (widget.cpp:1156)
                n1: 624072 0xC84B2A: ui::Manager::pumpQueue() (manager.cpp:1334)
                 n1: 624072 0xC84CA0: ui::Manager::dispatchMessages() (manager.cpp:604)
                  n1: 624072 0xC91849: ui::MessageLoop::pumpMessages() (message_loop.cpp:26)
                   n1: 624072 0xC8321E: ui::Manager::run() (manager.cpp:172)
                    n1: 624072 0x40C798: app::App::run() (app.cpp:664)
                     n1: 624072 0x402D7D: app_main(int, char**)::{lambda()#1}::operator()() const (main.cpp:92)
                      n1: 624072 0x403C20: int std::__invoke_impl<int, app_main(int, char**)::{lambda()#1}&>(std::__invoke_other, app_main(int, char**)::{lambda()#1}&) (invoke.h:63)
                       n1: 624072 0x4039CB: std::enable_if<is_invocable_r_v<int, app_main(int, char**)::{lambda()#1}&>, int>::type std::__invoke_r<int, app_main(int, char**)::{lambda()#1}&>(app_main(int, char**)::{lambda()#1}&) (invoke.h:116)
                        n1: 624072 0x40378A: std::_Function_handler<int (), app_main(int, char**)::{lambda()#1}>::_M_invoke(std::_Any_data const&) (std_function.h:295)
                         n1: 624072 0xC5D4E5: std::function<int ()>::operator()() const (std_function.h:581)
                          n1: 624072 0xC5D547: she::SDL2System::run(std::function<int ()>&&) (she.cpp:723)
                           n1: 624072 0x403361: app_main(int, char**) (main.cpp:73)
                            n0: 624072 0xC5AC2E: main (she.cpp:993)
        n0: 864 in 2 places, all below massif's threshold (1.00%)
     n1: 743240 0x4EA9154: SDL_CreateRGBSurfaceWithFormat_REAL (sdl2_compat.c:4435)
      n1: 743240 0xC57528: she::SDL2Surface::applyScale(int) (sdl2_surface.cpp:168)
       n2: 743240 0x9EB15C: app::skin::SkinTheme::sliceSheet(she::Surface*, gfx::RectT<int> const&) (skin_theme.cpp:859)
        n0: 418848 in 10 places, all below massif's threshold (1.00%)
        n1: 324392 0x9E7745: app::skin::SkinTheme::loadSkinXml(std::__cxx11::basic_string<char, std::char_traits<char>, std::allocator<char> > const&) (skin_theme.cpp:729)
         n1: 324392 0x9DF497: app::skin::SkinTheme::loadXml(std::__cxx11::basic_string<char, std::char_traits<char>, std::allocator<char> > const&) (skin_theme.cpp:325)
          n1: 324392 0x9DBC67: app::skin::SkinTheme::onRegenerate() (skin_theme.cpp:226)
           n1: 324392 0xC9B0A1: ui::Theme::regenerate() (theme.cpp:44)
            n1: 324392 0xC9B113: ui::CurrentTheme::set(ui::Theme*) (theme.cpp:64)
             n1: 324392 0x691160: app::init_module_gui() (gui.cpp:214)
              n1: 324392 0x6894AC: app::LegacyModules::LegacyModules(int) (modules.cpp:47)
               n1: 324392 0x4164B3: std::__detail::_MakeUniq<app::LegacyModules>::__single_object std::make_unique<app::LegacyModules, int>(int&&) (unique_ptr.h:1105)
                n1: 324392 0x405304: app::App::initialize(app::AppOptions const&) (app.cpp:164)
                 n1: 324392 0x402CED: app_main(int, char**)::{lambda()#1}::operator()() const (main.cpp:87)
                  n1: 324392 0x403C20: int std::__invoke_impl<int, app_main(int, char**)::{lambda()#1}&>(std::__invoke_other, app_main(int, char**)::{lambda()#1}&) (invoke.h:63)
                   n1: 324392 0x4039CB: std::enable_if<is_invocable_r_v<int, app_main(int, char**)::{lambda()#1}&>, int>::type std::__invoke_r<int, app_main(int, char**)::{lambda()#1}&>(app_main(int, char**)::{lambda()#1}&) (invoke.h:116)
                    n1: 324392 0x40378A: std::_Function_handler<int (), app_main(int, char**)::{lambda()#1}>::_M_invoke(std::_Any_data const&) (std_function.h:295)
                     n1: 324392 0xC5D4E5: std::function<int ()>::operator()() const (std_function.h:581)
                      n1: 324392 0xC5D547: she::SDL2System::run(std::function<int ()>&&) (she.cpp:723)
                       n1: 324392 0x403361: app_main(int, char**) (main.cpp:73)
                        n0: 324392 0xC5AC2E: main (she.cpp:993)
     n2: 547800 0x880156E: SDL_ConvertSurfaceRectAndColorspace.lto_priv.0 (SDL_surface.c:1930)
      n1: 531344 0x4EA90C3: SDL_ConvertSurfaceFormat_REAL (sdl2_compat.c:4357)
       n2: 531344 0xC5CC59: she::SDL2System::loadRgbaSurface(char const*) (she.cpp:909)
        n1: 326472 0x9DC16E: app::skin::SkinTheme::loadSheet(std::__cxx11::basic_string<char, std::char_traits<char>, std::allocator<char> > const&) (skin_theme.cpp:248)
         n1: 326472 0x9DBC1F: app::skin::SkinTheme::onRegenerate() (skin_theme.cpp:225)
          n1: 326472 0xC9B0A1: ui::Theme::regenerate() (theme.cpp:44)
           n1: 326472 0xC9B113: ui::CurrentTheme::set(ui::Theme*) (theme.cpp:64)
            n1: 326472 0x691160: app::init_module_gui() (gui.cpp:214)
             n1: 326472 0x6894AC: app::LegacyModules::LegacyModules(int) (modules.cpp:47)
              n1: 326472 0x4164B3: std::__detail::_MakeUniq<app::LegacyModules>::__single_object std::make_unique<app::LegacyModules, int>(int&&) (unique_ptr.h:1105)
               n1: 326472 0x405304: app::App::initialize(app::AppOptions const&) (app.cpp:164)
                n1: 326472 0x402CED: app_main(int, char**)::{lambda()#1}::operator()() const (main.cpp:87)
                 n1: 326472 0x403C20: int std::__invoke_impl<int, app_main(int, char**)::{lambda()#1}&>(std::__invoke_other, app_main(int, char**)::{lambda()#1}&) (invoke.h:63)
                  n1: 326472 0x4039CB: std::enable_if<is_invocable_r_v<int, app_main(int, char**)::{lambda()#1}&>, int>::type std::__invoke_r<int, app_main(int, char**)::{lambda()#1}&>(app_main(int, char**)::{lambda()#1}&) (invoke.h:116)
                   n1: 326472 0x40378A: std::_Function_handler<int (), app_main(int, char**)::{lambda()#1}>::_M_invoke(std::_Any_data const&) (std_function.h:295)
                    n1: 326472 0xC5D4E5: std::function<int ()>::operator()() const (std_function.h:581)
                     n1: 326472 0xC5D547: she::SDL2System::run(std::function<int ()>&&) (she.cpp:723)
                      n1: 326472 0x403361: app_main(int, char**) (main.cpp:73)
                       n0: 326472 0xC5AC2E: main (she.cpp:993)
        n0: 204872 in 1 place, below massif's threshold (1.00%)
      n0: 16456 in 1 place, below massif's threshold (1.00%)
     n0: 0 in 1 place, below massif's threshold (1.00%)
 n0: 3832912 in 1462 places, all below massif's threshold (1.00%)
 n1: 2347264 0x8752FC3: real_calloc (SDL_malloc.c:6335)
  n1: 2347264 0x8752FC3: SDL_calloc_REAL (SDL_malloc.c:6478)
   n1: 2347264 0x8752FC3: GL_CreateTexture (SDL_render_gl.c:601)
    n1: 2347264 0x873B0DE: SDL_CreateTextureWithProperties_REAL (SDL_render.c:1574)
     n1: 2347264 0x4EA36E3: SDL_CreateTexture_REAL (sdl2_compat.c:6698)
      n1: 2347264 0xC590AF: she::SDL2Surface::getTexture(SDL_Rect const*) (sdl2_surface.cpp:535)
       n1: 2347264 0xC375EA: she::SDL2Display::flip(gfx::RectT<int> const&) (sdl2_display.cpp:272)
        n1: 2347264 0xC5C935: she::SDL2EventQueue::forceFlip() (she.cpp:331)
         n2: 2347264 0xC6267D: she::SDL2EventQueue::getEventInternal(she::Event&, bool) (she.cpp:393)
          n1: 2347264 0xC6394A: she::SDL2EventQueue::refresh() (she.cpp:347)
           n1: 2347264 0xC63A15: she::SDL2System::refresh() (she.cpp:789)
            n1: 2347264 0xC63C03: she::SDL2System::sleep() (she.cpp:697)
             n1: 2347264 0xC9187E: ui::MessageLoop::pumpMessages() (message_loop.cpp:30)
              n1: 2347264 0xC8321E: ui::Manager::run() (manager.cpp:172)
               n1: 2347264 0x40C798: app::App::run() (app.cpp:664)
                n1: 2347264 0x402D7D: app_main(int, char**)::{lambda()#1}::operator()() const (main.cpp:92)
                 n1: 2347264 0x403C20: int std::__invoke_impl<int, app_main(int, char**)::{lambda()#1}&>(std::__invoke_other, app_main(int, char**)::{lambda()#1}&) (invoke.h:63)
                  n1: 2347264 0x4039CB: std::enable_if<is_invocable_r_v<int, app_main(int, char**)::{lambda()#1}&>, int>::type std::__invoke_r<int, app_main(int, char**)::{lambda()#1}&>(app_main(int, char**)::{lambda()#1}&) (invoke.h:116)
                   n1: 2347264 0x40378A: std::_Function_handler<int (), app_main(int, char**)::{lambda()#1}>::_M_invoke(std::_Any_data const&) (std_function.h:295)
                    n1: 2347264 0xC5D4E5: std::function<int ()>::operator()() const (std_function.h:581)
                     n1: 2347264 0xC5D547: she::SDL2System::run(std::function<int ()>&&) (she.cpp:723)
                      n1: 2347264 0x403361: app_main(int, char**) (main.cpp:73)
                       n0: 2347264 0xC5AC2E: main (she.cpp:993)
          n0: 0 in 1 place, below massif's threshold (1.00%)
 n1: 843474 0x4404C0: std::__new_allocator<unsigned char>::allocate(unsigned long, void const*) (new_allocator.h:162)
  n1: 843474 0x43A818: allocate (allocator.h:206)
   n1: 843474 0x43A818: allocate (alloc_traits.h:638)
    n2: 843474 0x43A818: std::_Vector_base<unsigned char, std::allocator<unsigned char> >::_M_allocate(unsigned long) (stl_vector.h:389)
     n1: 806412 0x464EA4: std::vector<unsigned char, std::allocator<unsigned char> >::_M_default_append(unsigned long) (vector.tcc:857)
      n1: 806412 0x464730: std::vector<unsigned char, std::allocator<unsigned char> >::resize(unsigned long) (stl_vector.h:1136)
       n1: 806412 0xBB1B81: doc::ImageBuffer::resizeIfNecessary(unsigned long) (image_buffer.h:27)
        n1: 806412 0xBB2C6C: doc::ImageImpl<doc::RgbTraits>::ImageImpl(int, int, base::SharedPtr<doc::ImageBuffer> const&) (image_impl.h:68)
         n2: 806412 0xBB15D3: doc::Image::create(doc::PixelFormat, int, int, base::SharedPtr<doc::ImageBuffer> const&) (image.cpp:55)
          n1: 724800 0x919E03: app::Editor::drawOneSpriteUnclippedRect(ui::Graphics*, gfx::RectT<int> const&, int, int) (editor.cpp:471)
           n1: 724800 0x91B32D: app::Editor::drawSpriteUnclippedRect(ui::Graphics*, gfx::RectT<int> const&) (editor.cpp:566)
            n1: 724800 0x923366: app::Editor::onPaint(ui::PaintEvent&) (editor.cpp:1389)
             n1: 724800 0xCA792D: ui::Widget::paintEvent(ui::Graphics*) (widget.cpp:1054)
              n1: 724800 0xCA7BDE: ui::Widget::onProcessMessage(ui::Message*) (widget.cpp:1354)
               n1: 724800 0x922C04: app::Editor::onProcessMessage(ui::Message*) (editor.cpp:1346)
                n1: 724800 0x90C5CE: app::AppEditor::onProcessMessage(ui::Message*) (document_view.cpp:130)
                 n1: 724800 0xCA20B6: ui::Widget::sendMessage(ui::Message*) (widget.cpp:1156)
                  n1: 724800 0xC84B2A: ui::Manager::pumpQueue() (manager.cpp:1334)
                   n1: 724800 0xC84CA0: ui::Manager::dispatchMessages() (manager.cpp:604)
                    n1: 724800 0xC91849: ui::MessageLoop::pumpMessages() (message_loop.cpp:26)
                     n1: 724800 0xC8321E: ui::Manager::run() (manager.cpp:172)
                      n1: 724800 0x40C798: app::App::run() (app.cpp:664)
                       n1: 724800 0x402D7D: app_main(int, char**)::{lambda()#1}::operator()() const (main.cpp:92)
                        n1: 724800 0x403C20: int std::__invoke_impl<int, app_main(int, char**)::{lambda()#1}&>(std::__invoke_other, app_main(int, char**)::{lambda()#1}&) (invoke.h:63)
                         n1: 724800 0x4039CB: std::enable_if<is_invocable_r_v<int, app_main(int, char**)::{lambda()#1}&>, int>::type std::__invoke_r<int, app_main(int, char**)::{lambda()#1}&>(app_main(int, char**)::{lambda()#1}&) (invoke.h:116)
                          n1: 724800 0x40378A: std::_Function_handler<int (), app_main(int, char**)::{lambda()#1}>::_M_invoke(std::_Any_data const&) (std_function.h:295)
                           n1: 724800 0xC5D4E5: std::function<int ()>::operator()() const (std_function.h:581)
                            n1: 724800 0xC5D547: she::SDL2System::run(std::function<int ()>&&) (she.cpp:723)
                             n1: 724800 0x403361: app_main(int, char**) (main.cpp:73)
                              n0: 724800 0xC5AC2E: main (she.cpp:993)
          n0: 81612 in 3 places, all below massif's threshold (1.00%)
     n0: 37062 in 1 place, below massif's threshold (1.00%)
 n1: 843472 0x17D62C8D: ???
  n1: 843472 0x17D73C10: ???
   n1: 843472 0x17CE02D6: ???
    n1: 843472 0x17CE4438: ???
     n1: 843472 0x17BECA0E: ???
      n1: 843472 0x17BDF119: ???
       n1: 843472 0x87E6D30: SDL_EGL_CreateContext (SDL_egl.c:1105)
        n1: 843472 0x8878F2D: Wayland_GLES_CreateContext (SDL_waylandopengles.c:60)
         n1: 843472 0x880E9F4: SDL_GL_CreateContext_REAL (SDL_video.c:5432)
          n1: 843472 0x8756277: GL_CreateRenderer.lto_priv.0 (SDL_render_gl.c:1847)
           n1: 843472 0x873E292: SDL_CreateRendererWithProperties_REAL (SDL_render.c:1142)
            n1: 843472 0x873E576: SDL_CreateRenderer_REAL (SDL_render.c:1287)
             n1: 843472 0x4EA2628: SDL_CreateRenderer_REAL (sdl2_compat.c:5986)
              n1: 843472 0xC39255: she::SDL2Display::SDL2Display(int, int, int)::{lambda()#1}::operator()() const (sdl2_display.cpp:83)
               n1: 843472 0xC39389: __invoke_impl<void, she::SDL2Display::SDL2Display(int, int, int)::<lambda()>&> (invoke.h:63)
                n1: 843472 0xC39389: __invoke_r<void, she::SDL2Display::SDL2Display(int, int, int)::<lambda()>&> (invoke.h:113)
                 n1: 843472 0xC39389: std::_Function_handler<void (), she::SDL2Display::SDL2Display(int, int, int)::{lambda()#1}>::_M_invoke(std::_Any_data const&) (std_function.h:295)
                  n1: 843472 0x421E25: std::function<void ()>::operator()() const (std_function.h:581)
                   n1: 843472 0xC60013: she::SDL2System::gfx(std::function<void ()>&&, bool) (she.cpp:680)
                    n1: 843472 0xC38110: she::SDL2Display::SDL2Display(int, int, int) (sdl2_display.cpp:73)
                     n1: 843472 0xC5C3B6: she::SDL2System::createDisplay(int, int, int) (she.cpp:872)
                      n1: 843472 0x690189: app::create_main_display(bool, bool&, std::__cxx11::basic_string<char, std::char_traits<char>, std::allocator<char> >&) (gui.cpp:112)
                       n1: 843472 0x690A8C: app::init_module_gui() (gui.cpp:164)
                        n1: 843472 0x6894AC: app::LegacyModules::LegacyModules(int) (modules.cpp:47)
                         n1: 843472 0x4164B3: std::__detail::_MakeUniq<app::LegacyModules>::__single_object std::make_unique<app::LegacyModules, int>(int&&) (unique_ptr.h:1105)
                          n1: 843472 0x405304: app::App::initialize(app::AppOptions const&) (app.cpp:164)
                           n1: 843472 0x402CED: app_main(int, char**)::{lambda()#1}::operator()() const (main.cpp:87)
                            n1: 843472 0x403C20: int std::__invoke_impl<int, app_main(int, char**)::{lambda()#1}&>(std::__invoke_other, app_main(int, char**)::{lambda()#1}&) (invoke.h:63)
                             n1: 843472 0x4039CB: std::enable_if<is_invocable_r_v<int, app_main(int, char**)::{lambda()#1}&>, int>::type std::__invoke_r<int, app_main(int, char**)::{lambda()#1}&>(app_main(int, char**)::{lambda()#1}&) (invoke.h:116)
                              n1: 843472 0x40378A: std::_Function_handler<int (), app_main(int, char**)::{lambda()#1}>::_M_invoke(std::_Any_data const&) (std_function.h:295)
                               n1: 843472 0xC5D4E5: std::function<int ()>::operator()() const (std_function.h:581)
                                n0: 843472 0xC5D547: she::SDL2System::run(std::function<int ()>&&) (she.cpp:723)
 n1: 271576 0x17FEBDB5: ???
  n1: 271576 0x17ED3A8B: ???
   n1: 271576 0x17D62CED: ???
    n1: 271576 0x17D73C10: ???
     n1: 271576 0x17CE02D6: ???
      n1: 271576 0x17CE4438: ???
       n1: 271576 0x17BECA0E: ???
        n1: 271576 0x17BDF119: ???
         n1: 271576 0x87E6D30: SDL_EGL_CreateContext (SDL_egl.c:1105)
          n1: 271576 0x8878F2D: Wayland_GLES_CreateContext (SDL_waylandopengles.c:60)
           n1: 271576 0x880E9F4: SDL_GL_CreateContext_REAL (SDL_video.c:5432)
            n1: 271576 0x8756277: GL_CreateRenderer.lto_priv.0 (SDL_render_gl.c:1847)
             n1: 271576 0x873E292: SDL_CreateRendererWithProperties_REAL (SDL_render.c:1142)
              n1: 271576 0x873E576: SDL_CreateRenderer_REAL (SDL_render.c:1287)
               n1: 271576 0x4EA2628: SDL_CreateRenderer_REAL (sdl2_compat.c:5986)
                n1: 271576 0xC39255: she::SDL2Display::SDL2Display(int, int, int)::{lambda()#1}::operator()() const (sdl2_display.cpp:83)
                 n1: 271576 0xC39389: __invoke_impl<void, she::SDL2Display::SDL2Display(int, int, int)::<lambda()>&> (invoke.h:63)
                  n1: 271576 0xC39389: __invoke_r<void, she::SDL2Display::SDL2Display(int, int, int)::<lambda()>&> (invoke.h:113)
                   n1: 271576 0xC39389: std::_Function_handler<void (), she::SDL2Display::SDL2Display(int, int, int)::{lambda()#1}>::_M_invoke(std::_Any_data const&) (std_function.h:295)
                    n1: 271576 0x421E25: std::function<void ()>::operator()() const (std_function.h:581)
                     n1: 271576 0xC60013: she::SDL2System::gfx(std::function<void ()>&&, bool) (she.cpp:680)
                      n1: 271576 0xC38110: she::SDL2Display::SDL2Display(int, int, int) (sdl2_display.cpp:73)
                       n1: 271576 0xC5C3B6: she::SDL2System::createDisplay(int, int, int) (she.cpp:872)
                        n1: 271576 0x690189: app::create_main_display(bool, bool&, std::__cxx11::basic_string<char, std::char_traits<char>, std::allocator<char> >&) (gui.cpp:112)
                         n1: 271576 0x690A8C: app::init_module_gui() (gui.cpp:164)
                          n1: 271576 0x6894AC: app::LegacyModules::LegacyModules(int) (modules.cpp:47)
                           n1: 271576 0x4164B3: std::__detail::_MakeUniq<app::LegacyModules>::__single_object std::make_unique<app::LegacyModules, int>(int&&) (unique_ptr.h:1105)
                            n1: 271576 0x405304: app::App::initialize(app::AppOptions const&) (app.cpp:164)
                             n1: 271576 0x402CED: app_main(int, char**)::{lambda()#1}::operator()() const (main.cpp:87)
                              n1: 271576 0x403C20: int std::__invoke_impl<int, app_main(int, char**)::{lambda()#1}&>(std::__invoke_other, app_main(int, char**)::{lambda()#1}&) (invoke.h:63)
                               n1: 271576 0x4039CB: std::enable_if<is_invocable_r_v<int, app_main(int, char**)::{lambda()#1}&>, int>::type std::__invoke_r<int, app_main(int, char**)::{lambda()#1}&>(app_main(int, char**)::{lambda()#1}&) (invoke.h:116)
                                n0: 271576 0x40378A: std::_Function_handler<int (), app_main(int, char**)::{lambda()#1}>::_M_invoke(std::_Any_data const&) (std_function.h:295)
 n1: 240944 0x87F71DB: real_malloc (SDL_malloc.c:6334)
  n1: 240944 0x87F71DB: SDL_malloc_REAL (SDL_malloc.c:6459)
   n2: 240944 0x87F71DB: SDL_CreateSurface_REAL (SDL_surface.c:221)
    n1: 238280 0x4EA9154: SDL_CreateRGBSurfaceWithFormat_REAL (sdl2_compat.c:4435)
     n1: 238280 0xC57528: she::SDL2Surface::applyScale(int) (sdl2_surface.cpp:168)
      n1: 238280 0x9EB15C: app::skin::SkinTheme::sliceSheet(she::Surface*, gfx::RectT<int> const&) (skin_theme.cpp:859)
       n0: 238280 in 11 places, all below massif's threshold (1.00%)
    n0: 2664 in 3 places, all below massif's threshold (1.00%)
#-----------
snapshot=63
#-----------
time=8098853761
mem_heap_B=22293826
mem_heap_extra_B=804086
mem_stacks_B=0
heap_tree=empty
#-----------
snapshot=64
#-----------
time=8181543851
mem_heap_B=22297001
mem_heap_extra_B=804751
mem_stacks_B=0
heap_tree=empty
#-----------
snapshot=65
#-----------
time=8264323309
mem_heap_B=22298693
mem_heap_extra_B=806435
mem_stacks_B=0
heap_tree=empty
#-----------
snapshot=66
#-----------
time=8348029404
mem_heap_B=22300650
mem_heap_extra_B=804438
mem_stacks_B=0
heap_tree=empty
#-----------
snapshot=67
#-----------
time=8430805846
mem_heap_B=22322515
mem_heap_extra_B=804189
mem_stacks_B=0
heap_tree=empty
#-----------
snapshot=68
#-----------
time=8513515278
mem_heap_B=22336808
mem_heap_extra_B=806032
mem_stacks_B=0
heap_tree=empty
#-----------
snapshot=69
#-----------
time=8603326350
mem_heap_B=2400441
mem_heap_extra_B=91583
mem_stacks_B=0
heap_tree=empty
#-----------
snapshot=70
#-----------
time=8686529466
mem_heap_B=2400447
mem_heap_extra_B=91593
mem_stacks_B=0
heap_tree=empty
#-----------
snapshot=71
#-----------
time=8769606118
mem_heap_B=2400454
mem_heap_extra_B=91586
mem_stacks_B=0
heap_tree=empty
#-----------
snapshot=72
#-----------
time=8852353415
mem_heap_B=2400455
mem_heap_extra_B=91585
mem_stacks_B=0
heap_tree=detailed
n11: 2400455 (heap allocation functions) malloc/new/new[], --alloc-fns, etc.
 n1: 1367312 0x878F613: real_malloc (SDL_malloc.c:6334)
  n1: 1367312 0x878F613: SDL_malloc_REAL (SDL_malloc.c:6459)
   n1: 1367312 0x878F613: SDL_aligned_alloc_REAL (SDL_stdlib.c:540)
    n3: 1367312 0x87F73B5: SDL_CreateSurface_REAL (SDL_surface.c:236)
     n1: 743240 0x4EA9154: SDL_CreateRGBSurfaceWithFormat_REAL (sdl2_compat.c:4435)
      n1: 743240 0xC57528: she::SDL2Surface::applyScale(int) (sdl2_surface.cpp:168)
       n8: 743240 0x9EB15C: app::skin::SkinTheme::sliceSheet(she::Surface*, gfx::RectT<int> const&) (skin_theme.cpp:859)
        n1: 324392 0x9E7745: app::skin::SkinTheme::loadSkinXml(std::__cxx11::basic_string<char, std::char_traits<char>, std::allocator<char> > const&) (skin_theme.cpp:729)
         n1: 324392 0x9DF497: app::skin::SkinTheme::loadXml(std::__cxx11::basic_string<char, std::char_traits<char>, std::allocator<char> > const&) (skin_theme.cpp:325)
          n1: 324392 0x9DBC67: app::skin::SkinTheme::onRegenerate() (skin_theme.cpp:226)
           n1: 324392 0xC9B0A1: ui::Theme::regenerate() (theme.cpp:44)
            n1: 324392 0xC9B113: ui::CurrentTheme::set(ui::Theme*) (theme.cpp:64)
             n1: 324392 0x691160: app::init_module_gui() (gui.cpp:214)
              n1: 324392 0x6894AC: app::LegacyModules::LegacyModules(int) (modules.cpp:47)
               n1: 324392 0x4164B3: std::__detail::_MakeUniq<app::LegacyModules>::__single_object std::make_unique<app::LegacyModules, int>(int&&) (unique_ptr.h:1105)
                n1: 324392 0x405304: app::App::initialize(app::AppOptions const&) (app.cpp:164)
                 n1: 324392 0x402CED: app_main(int, char**)::{lambda()#1}::operator()() const (main.cpp:87)
                  n1: 324392 0x403C20: int std::__invoke_impl<int, app_main(int, char**)::{lambda()#1}&>(std::__invoke_other, app_main(int, char**)::{lambda()#1}&) (invoke.h:63)
                   n1: 324392 0x4039CB: std::enable_if<is_invocable_r_v<int, app_main(int, char**)::{lambda()#1}&>, int>::type std::__invoke_r<int, app_main(int, char**)::{lambda()#1}&>(app_main(int, char**)::{lambda()#1}&) (invoke.h:116)
                    n1: 324392 0x40378A: std::_Function_handler<int (), app_main(int, char**)::{lambda()#1}>::_M_invoke(std::_Any_data const&) (std_function.h:295)
                     n1: 324392 0xC5D4E5: std::function<int ()>::operator()() const (std_function.h:581)
                      n1: 324392 0xC5D547: she::SDL2System::run(std::function<int ()>&&) (she.cpp:723)
                       n1: 324392 0x403361: app_main(int, char**) (main.cpp:73)
                        n0: 324392 0xC5AC2E: main (she.cpp:993)
        n1: 108368 0x9E676B: app::skin::SkinTheme::loadSkinXml(std::__cxx11::basic_string<char, std::char_traits<char>, std::allocator<char> > const&) (skin_theme.cpp:669)
         n1: 108368 0x9DF497: app::skin::SkinTheme::loadXml(std::__cxx11::basic_string<char, std::char_traits<char>, std::allocator<char> > const&) (skin_theme.cpp:325)
          n1: 108368 0x9DBC67: app::skin::SkinTheme::onRegenerate() (skin_theme.cpp:226)
           n1: 108368 0xC9B0A1: ui::Theme::regenerate() (theme.cpp:44)
            n1: 108368 0xC9B113: ui::CurrentTheme::set(ui::Theme*) (theme.cpp:64)
             n1: 108368 0x691160: app::init_module_gui() (gui.cpp:214)
              n1: 108368 0x6894AC: app::LegacyModules::LegacyModules(int) (modules.cpp:47)
               n1: 108368 0x4164B3: std::__detail::_MakeUniq<app::LegacyModules>::__single_object std::make_unique<app::LegacyModules, int>(int&&) (unique_ptr.h:1105)
                n1: 108368 0x405304: app::App::initialize(app::AppOptions const&) (app.cpp:164)
                 n1: 108368 0x402CED: app_main(int, char**)::{lambda()#1}::operator()() const (main.cpp:87)
                  n1: 108368 0x403C20: int std::__invoke_impl<int, app_main(int, char**)::{lambda()#1}&>(std::__invoke_other, app_main(int, char**)::{lambda()#1}&) (invoke.h:63)
                   n1: 108368 0x4039CB: std::enable_if<is_invocable_r_v<int, app_main(int, char**)::{lambda()#1}&>, int>::type std::__invoke_r<int, app_main(int, char**)::{lambda()#1}&>(app_main(int, char**)::{lambda()#1}&) (invoke.h:116)
                    n1: 108368 0x40378A: std::_Function_handler<int (), app_main(int, char**)::{lambda()#1}>::_M_invoke(std::_Any_data const&) (std_function.h:295)
                     n1: 108368 0xC5D4E5: std::function<int ()>::operator()() const (std_function.h:581)
                      n1: 108368 0xC5D547: she::SDL2System::run(std::function<int ()>&&) (she.cpp:723)
                       n1: 108368 0x403361: app_main(int, char**) (main.cpp:73)
                        n0: 108368 0xC5AC2E: main (she.cpp:993)
        n1: 108368 0x9E6E2B: app::skin::SkinTheme::loadSkinXml(std::__cxx11::basic_string<char, std::char_traits<char>, std::allocator<char> > const&) (skin_theme.cpp:702)
         n1: 108368 0x9DF497: app::skin::SkinTheme::loadXml(std::__cxx11::basic_string<char, std::char_traits<char>, std::allocator<char> > const&) (skin_theme.cpp:325)
          n1: 108368 0x9DBC67: app::skin::SkinTheme::onRegenerate() (skin_theme.cpp:226)
           n1: 108368 0xC9B0A1: ui::Theme::regenerate() (theme.cpp:44)
            n1: 108368 0xC9B113: ui::CurrentTheme::set(ui::Theme*) (theme.cpp:64)
             n1: 108368 0x691160: app::init_module_gui() (gui.cpp:214)
              n1: 108368 0x6894AC: app::LegacyModules::LegacyModules(int) (modules.cpp:47)
               n1: 108368 0x4164B3: std::__detail::_MakeUniq<app::LegacyModules>::__single_object std::make_unique<app::LegacyModules, int>(int&&) (unique_ptr.h:1105)
                n1: 108368 0x405304: app::App::initialize(app::AppOptions const&) (app.cpp:164)
                 n1: 108368 0x402CED: app_main(int, char**)::{lambda()#1}::operator()() const (main.cpp:87)
                  n1: 108368 0x403C20: int std::__invoke_impl<int, app_main(int, char**)::{lambda()#1}&>(std::__invoke_other, app_main(int, char**)::{lambda()#1}&) (invoke.h:63)
                   n1: 108368 0x4039CB: std::enable_if<is_invocable_r_v<int, app_main(int, char**)::{lambda()#1}&>, int>::type std::__invoke_r<int, app_main(int, char**)::{lambda()#1}&>(app_main(int, char**)::{lambda()#1}&) (invoke.h:116)
                    n1: 108368 0x40378A: std::_Function_handler<int (), app_main(int, char**)::{lambda()#1}>::_M_invoke(std::_Any_data const&) (std_function.h:295)
                     n1: 108368 0xC5D4E5: std::function<int ()>::operator()() const (std_function.h:581)
                      n1: 108368 0xC5D547: she::SDL2System::run(std::function<int ()>&&) (she.cpp:723)
                       n1: 108368 0x403361: app_main(int, char**) (main.cpp:73)
                        n0: 108368 0xC5AC2E: main (she.cpp:993)
        n0: 86752 in 4 places, all below massif's threshold (1.00%)
        n1: 31048 0x9E8080: app::skin::SkinTheme::loadSkinXml(std::__cxx11::basic_string<char, std::char_traits<char>, std::allocator<char> > const&) (skin_theme.cpp:745)
         n1: 31048 0x9DF497: app::skin::SkinTheme::loadXml(std::__cxx11::basic_string<char, std::char_traits<char>, std::allocator<char> > const&) (skin_theme.cpp:325)
          n1: 31048 0x9DBC67: app::skin::SkinTheme::onRegenerate() (skin_theme.cpp:226)
           n1: 31048 0xC9B0A1: ui::Theme::regenerate() (theme.cpp:44)
            n1: 31048 0xC9B113: ui::CurrentTheme::set(ui::Theme*) (theme.cpp:64)
             n1: 31048 0x691160: app::init_module_gui() (gui.cpp:214)
              n1: 31048 0x6894AC: app::LegacyModules::LegacyModules(int) (modules.cpp:47)
               n1: 31048 0x4164B3: std::__detail::_MakeUniq<app::LegacyModules>::__single_object std::make_unique<app::LegacyModules, int>(int&&) (unique_ptr.h:1105)
                n1: 31048 0x405304: app::App::initialize(app::AppOptions const&) (app.cpp:164)
                 n1: 31048 0x402CED: app_main(int, char**)::{lambda()#1}::operator()() const (main.cpp:87)
                  n1: 31048 0x403C20: int std::__invoke_impl<int, app_main(int, char**)::{lambda()#1}&>(std::__invoke_other, app_main(int, char**)::{lambda()#1}&) (invoke.h:63)
                   n1: 31048 0x4039CB: std::enable_if<is_invocable_r_v<int, app_main(int, char**)::{lambda()#1}&>, int>::type std::__invoke_r<int, app_main(int, char**)::{lambda()#1}&>(app_main(int, char**)::{lambda()#1}&) (invoke.h:116)
                    n1: 31048 0x40378A: std::_Function_handler<int (), app_main(int, char**)::{lambda()#1}>::_M_invoke(std::_Any_data const&) (std_function.h:295)
                     n1: 31048 0xC5D4E5: std::function<int ()>::operator()() const (std_function.h:581)
                      n1: 31048 0xC5D547: she::SDL2System::run(std::function<int ()>&&) (she.cpp:723)
                       n1: 31048 0x403361: app_main(int, char**) (main.cpp:73)
                        n0: 31048 0xC5AC2E: main (she.cpp:993)
        n1: 28392 0x9E7E30: app::skin::SkinTheme::loadSkinXml(std::__cxx11::basic_string<char, std::char_traits<char>, std::allocator<char> > const&) (skin_theme.cpp:743)
         n1: 28392 0x9DF497: app::skin::SkinTheme::loadXml(std::__cxx11::basic_string<char, std::char_traits<char>, std::allocator<char> > const&) (skin_theme.cpp:325)
          n1: 28392 0x9DBC67: app::skin::SkinTheme::onRegenerate() (skin_theme.cpp:226)
           n1: 28392 0xC9B0A1: ui::Theme::regenerate() (theme.cpp:44)
            n1: 28392 0xC9B113: ui::CurrentTheme::set(ui::Theme*) (theme.cpp:64)
             n1: 28392 0x691160: app::init_module_gui() (gui.cpp:214)
              n1: 28392 0x6894AC: app::LegacyModules::LegacyModules(int) (modules.cpp:47)
               n1: 28392 0x4164B3: std::__detail::_MakeUniq<app::LegacyModules>::__single_object std::make_unique<app::LegacyModules, int>(int&&) (unique_ptr.h:1105)
                n1: 28392 0x405304: app::App::initialize(app::AppOptions const&) (app.cpp:164)
                 n1: 28392 0x402CED: app_main(int, char**)::{lambda()#1}::operator()() const (main.cpp:87)
                  n1: 28392 0x403C20: int std::__invoke_impl<int, app_main(int, char**)::{lambda()#1}&>(std::__invoke_other, app_main(int, char**)::{lambda()#1}&) (invoke.h:63)
                   n1: 28392 0x4039CB: std::enable_if<is_invocable_r_v<int, app_main(int, char**)::{lambda()#1}&>, int>::type std::__invoke_r<int, app_main(int, char**)::{lambda()#1}&>(app_main(int, char**)::{lambda()#1}&) (invoke.h:116)
                    n1: 28392 0x40378A: std::_Function_handler<int (), app_main(int, char**)::{lambda()#1}>::_M_invoke(std::_Any_data const&) (std_function.h:295)
                     n1: 28392 0xC5D4E5: std::function<int ()>::operator()() const (std_function.h:581)
                      n1: 28392 0xC5D547: she::SDL2System::run(std::function<int ()>&&) (she.cpp:723)
                       n1: 28392 0x403361: app_main(int, char**) (main.cpp:73)
                        n0: 28392 0xC5AC2E: main (she.cpp:993)
        n1: 28104 0x9E7BFC: app::skin::SkinTheme::loadSkinXml(std::__cxx11::basic_string<char, std::char_traits<char>, std::allocator<char> > const&) (skin_theme.cpp:741)
         n1: 28104 0x9DF497: app::skin::SkinTheme::loadXml(std::__cxx11::basic_string<char, std::char_traits<char>, std::allocator<char> > const&) (skin_theme.cpp:325)
          n1: 28104 0x9DBC67: app::skin::SkinTheme::onRegenerate() (skin_theme.cpp:226)
           n1: 28104 0xC9B0A1: ui::Theme::regenerate() (theme.cpp:44)
            n1: 28104 0xC9B113: ui::CurrentTheme::set(ui::Theme*) (theme.cpp:64)
             n1: 28104 0x691160: app::init_module_gui() (gui.cpp:214)
              n1: 28104 0x6894AC: app::LegacyModules::LegacyModules(int) (modules.cpp:47)
               n1: 28104 0x4164B3: std::__detail::_MakeUniq<app::LegacyModules>::__single_object std::make_unique<app::LegacyModules, int>(int&&) (unique_ptr.h:1105)
                n1: 28104 0x405304: app::App::initialize(app::AppOptions const&) (app.cpp:164)
                 n1: 28104 0x402CED: app_main(int, char**)::{lambda()#1}::operator()() const (main.cpp:87)
                  n1: 28104 0x403C20: int std::__invoke_impl<int, app_main(int, char**)::{lambda()#1}&>(std::__invoke_other, app_main(int, char**)::{lambda()#1}&) (invoke.h:63)
                   n1: 28104 0x4039CB: std::enable_if<is_invocable_r_v<int, app_main(int, char**)::{lambda()#1}&>, int>::type std::__invoke_r<int, app_main(int, char**)::{lambda()#1}&>(app_main(int, char**)::{lambda()#1}&) (invoke.h:116)
                    n1: 28104 0x40378A: std::_Function_handler<int (), app_main(int, char**)::{lambda()#1}>::_M_invoke(std::_Any_data const&) (std_function.h:295)
                     n1: 28104 0xC5D4E5: std::function<int ()>::operator()() const (std_function.h:581)
                      n1: 28104 0xC5D547: she::SDL2System::run(std::function<int ()>&&) (she.cpp:723)
                       n1: 28104 0x403361: app_main(int, char**) (main.cpp:73)
                        n0: 28104 0xC5AC2E: main (she.cpp:993)
        n1: 27816 0x9E8298: app::skin::SkinTheme::loadSkinXml(std::__cxx11::basic_string<char, std::char_traits<char>, std::allocator<char> > const&) (skin_theme.cpp:747)
         n1: 27816 0x9DF497: app::skin::SkinTheme::loadXml(std::__cxx11::basic_string<char, std::char_traits<char>, std::allocator<char> > const&) (skin_theme.cpp:325)
          n1: 27816 0x9DBC67: app::skin::SkinTheme::onRegenerate() (skin_theme.cpp:226)
           n1: 27816 0xC9B0A1: ui::Theme::regenerate() (theme.cpp:44)
            n1: 27816 0xC9B113: ui::CurrentTheme::set(ui::Theme*) (theme.cpp:64)
             n1: 27816 0x691160: app::init_module_gui() (gui.cpp:214)
              n1: 27816 0x6894AC: app::LegacyModules::LegacyModules(int) (modules.cpp:47)
               n1: 27816 0x4164B3: std::__detail::_MakeUniq<app::LegacyModules>::__single_object std::make_unique<app::LegacyModules, int>(int&&) (unique_ptr.h:1105)
                n1: 27816 0x405304: app::App::initialize(app::AppOptions const&) (app.cpp:164)
                 n1: 27816 0x402CED: app_main(int, char**)::{lambda()#1}::operator()() const (main.cpp:87)
                  n1: 27816 0x403C20: int std::__invoke_impl<int, app_main(int, char**)::{lambda()#1}&>(std::__invoke_other, app_main(int, char**)::{lambda()#1}&) (invoke.h:63)
                   n1: 27816 0x4039CB: std::enable_if<is_invocable_r_v<int, app_main(int, char**)::{lambda()#1}&>, int>::type std::__invoke_r<int, app_main(int, char**)::{lambda()#1}&>(app_main(int, char**)::{lambda()#1}&) (invoke.h:116)
                    n1: 27816 0x40378A: std::_Function_handler<int (), app_main(int, char**)::{lambda()#1}>::_M_invoke(std::_Any_data const&) (std_function.h:295)
                     n1: 27816 0xC5D4E5: std::function<int ()>::operator()() const (std_function.h:581)
                      n1: 27816 0xC5D547: she::SDL2System::run(std::function<int ()>&&) (she.cpp:723)
                       n1: 27816 0x403361: app_main(int, char**) (main.cpp:73)
                        n0: 27816 0xC5AC2E: main (she.cpp:993)
     n2: 624072 0x4EA9115: SDL_CreateRGBSurface_REAL (sdl2_compat.c:4429)
      n1: 624072 0xC58DCB: she::SDL2Surface::SDL2Surface(int, int, int, she::SDL2Surface::DestroyFlag) (sdl2_surface.cpp:71)
       n2: 624072 0xC5C262: she::SDL2System::createRgbaSurface(int, int) (she.cpp:880)
        n1: 624072 0x91A9DC: app::Editor::drawOneSpriteUnclippedRect(ui::Graphics*, gfx::RectT<int> const&, int, int) (editor.cpp:533)
         n1: 624072 0x91B32D: app::Editor::drawSpriteUnclippedRect(ui::Graphics*, gfx::RectT<int> const&) (editor.cpp:566)
          n1: 624072 0x923366: app::Editor::onPaint(ui::PaintEvent&) (editor.cpp:1389)
           n1: 624072 0xCA792D: ui::Widget::paintEvent(ui::Graphics*) (widget.cpp:1054)
            n1: 624072 0xCA7BDE: ui::Widget::onProcessMessage(ui::Message*) (widget.cpp:1354)
             n1: 624072 0x922C04: app::Editor::onProcessMessage(ui::Message*) (editor.cpp:1346)
              n1: 624072 0x90C5CE: app::AppEditor::onProcessMessage(ui::Message*) (document_view.cpp:130)
               n1: 624072 0xCA20B6: ui::Widget::sendMessage(ui::Message*) (widget.cpp:1156)
                n1: 624072 0xC84B2A: ui::Manager::pumpQueue() (manager.cpp:1334)
                 n1: 624072 0xC84CA0: ui::Manager::dispatchMessages() (manager.cpp:604)
                  n1: 624072 0xC91849: ui::MessageLoop::pumpMessages() (message_loop.cpp:26)
                   n1: 624072 0xC8321E: ui::Manager::run() (manager.cpp:172)
                    n1: 624072 0x40C798: app::App::run() (app.cpp:664)
                     n1: 624072 0x402D7D: app_main(int, char**)::{lambda()#1}::operator()() const (main.cpp:92)
                      n1: 624072 0x403C20: int std::__invoke_impl<int, app_main(int, char**)::{lambda()#1}&>(std::__invoke_other, app_main(int, char**)::{lambda()#1}&) (invoke.h:63)
                       n1: 624072 0x4039CB: std::enable_if<is_invocable_r_v<int, app_main(int, char**)::{lambda()#1}&>, int>::type std::__invoke_r<int, app_main(int, char**)::{lambda()#1}&>(app_main(int, char**)::{lambda()#1}&) (invoke.h:116)
                        n1: 624072 0x40378A: std::_Function_handler<int (), app_main(int, char**)::{lambda()#1}>::_M_invoke(std::_Any_data const&) (std_function.h:295)
                         n1: 624072 0xC5D4E5: std::function<int ()>::operator()() const (std_function.h:581)
                          n1: 624072 0xC5D547: she::SDL2System::run(std::function<int ()>&&) (she.cpp:723)
                           n1: 624072 0x403361: app_main(int, char**) (main.cpp:73)
                            n0: 624072 0xC5AC2E: main (she.cpp:993)
        n0: 0 in 2 places, all below massif's threshold (1.00%)
      n0: 0 in 1 place, below massif's threshold (1.00%)
     n0: 0 in 2 places, all below massif's threshold (1.00%)
 n0: 240685 in 1480 places, all below massif's threshold (1.00%)
 n1: 238576 0x87F71DB: real_malloc (SDL_malloc.c:6334)
  n1: 238576 0x87F71DB: SDL_malloc_REAL (SDL_malloc.c:6459)
   n2: 238576 0x87F71DB: SDL_CreateSurface_REAL (SDL_surface.c:221)
    n1: 238280 0x4EA9154: SDL_CreateRGBSurfaceWithFormat_REAL (sdl2_compat.c:4435)
     n1: 238280 0xC57528: she::SDL2Surface::applyScale(int) (sdl2_surface.cpp:168)
      n2: 238280 0x9EB15C: app::skin::SkinTheme::sliceSheet(she::Surface*, gfx::RectT<int> const&) (skin_theme.cpp:859)
       n0: 188256 in 10 places, all below massif's threshold (1.00%)
       n1: 50024 0x9E7745: app::skin::SkinTheme::loadSkinXml(std::__cxx11::basic_string<char, std::char_traits<char>, std::allocator<char> > const&) (skin_theme.cpp:729)
        n1: 50024 0x9DF497: app::skin::SkinTheme::loadXml(std::__cxx11::basic_string<char, std::char_traits<char>, std::allocator<char> > const&) (skin_theme.cpp:325)
         n1: 50024 0x9DBC67: app::skin::SkinTheme::onRegenerate() (skin_theme.cpp:226)
          n1: 50024 0xC9B0A1: ui::Theme::regenerate() (theme.cpp:44)
           n1: 50024 0xC9B113: ui::CurrentTheme::set(ui::Theme*) (theme.cpp:64)
            n1: 50024 0x691160: app::init_module_gui() (gui.cpp:214)
             n1: 50024 0x6894AC: app::LegacyModules::LegacyModules(int) (modules.cpp:47)
              n1: 50024 0x4164B3: std::__detail::_MakeUniq<app::LegacyModules>::__single_object std::make_unique<app::LegacyModules, int>(int&&) (unique_ptr.h:1105)
               n1: 50024 0x405304: app::App::initialize(app::AppOptions const&) (app.cpp:164)
                n1: 50024 0x402CED: app_main(int, char**)::{lambda()#1}::operator()() const (main.cpp:87)
                 n1: 50024 0x403C20: int std::__invoke_impl<int, app_main(int, char**)::{lambda()#1}&>(std::__invoke_other, app_main(int, char**)::{lambda()#1}&) (invoke.h:63)
                  n1: 50024 0x4039CB: std::enable_if<is_invocable_r_v<int, app_main(int, char**)::{lambda()#1}&>, int>::type std::__invoke_r<int, app_main(int, char**)::{lambda()#1}&>(app_main(int, char**)::{lambda()#1}&) (invoke.h:116)
                   n1: 50024 0x40378A: std::_Function_handler<int (), app_main(int, char**)::{lambda()#1}>::_M_invoke(std::_Any_data const&) (std_function.h:295)
                    n1: 50024 0xC5D4E5: std::function<int ()>::operator()() const (std_function.h:581)
                     n1: 50024 0xC5D547: she::SDL2System::run(std::function<int ()>&&) (she.cpp:723)
                      n1: 50024 0x403361: app_main(int, char**) (main.cpp:73)
                       n0: 50024 0xC5AC2E: main (she.cpp:993)
    n0: 296 in 3 places, all below massif's threshold (1.00%)
 n1: 122664 0x878E27D: real_calloc (SDL_malloc.c:6335)
  n2: 122664 0x878E27D: SDL_calloc_REAL (SDL_malloc.c:6478)
   n2: 77472 0x4EA8C56: CreateSurface2from3.lto_priv.0 (sdl2_compat.c:3997)
    n1: 77280 0xC57528: she::SDL2Surface::applyScale(int) (sdl2_surface.cpp:168)
     n1: 77280 0x9EB15C: app::skin::SkinTheme::sliceSheet(she::Surface*, gfx::RectT<int> const&) (skin_theme.cpp:859)
      n0: 77280 in 11 places, all below massif's threshold (1.00%)
    n0: 192 in 5 places, all below massif's threshold (1.00%)
   n1: 45192 0x4EAD53D: SDL_AllocFormat_REAL (sdl2_compat.c:9688)
    n2: 45192 0x4EA8C93: CreateSurface2from3.lto_priv.0 (sdl2_compat.c:4007)
     n1: 45080 0xC57528: she::SDL2Surface::applyScale(int) (sdl2_surface.cpp:168)
      n1: 45080 0x9EB15C: app::skin::SkinTheme::sliceSheet(she::Surface*, gfx::RectT<int> const&) (skin_theme.cpp:859)
       n0: 45080 in 11 places, all below massif's threshold (1.00%)
     n0: 112 in 5 places, all below massif's threshold (1.00%)
 n1: 98304 0x204A5426: allocate_buffer (lib/Support/MemAlloc.cpp:16)
  n1: 98304 0x204A5426: allocateBuckets (include/llvm/ADT/DenseMap.h:837)
   n1: 98304 0x204A5426: initWithExactBucketCount (include/llvm/ADT/DenseMap.h:383)
    n1: 98304 0x204A5426: DenseMap (include/llvm/ADT/DenseMap.h:760)
     n1: 98304 0x204A5426: llvm::DenseMapBase<llvm::DenseMap<llvm::StringRef, llvm::cl::Option*, llvm::DenseMapInfo<llvm::StringRef, void>, llvm::detail::DenseMapPair<llvm::StringRef, llvm::cl::Option*> >, llvm::StringRef, llvm::cl::Option*, llvm::DenseMapInfo<llvm::StringRef, void>, llvm::detail::DenseMapPair<llvm::StringRef, llvm::cl::Option*> >::grow(unsigned int) (include/llvm/ADT/DenseMap.h:569)
      n1: 98304 0x201A610F: findBucketForInsertion<llvm::StringRef> (include/llvm/ADT/DenseMap.h:594)
       n1: 98304 0x201A610F: lookupOrInsertIntoBucket<llvm::StringRef, llvm::cl::Option *> (include/llvm/ADT/DenseMap.h:510)
        n1: 98304 0x201A610F: try_emplace_impl<llvm::StringRef, llvm::cl::Option *> (include/llvm/ADT/DenseMap.h:518)
         n1: 98304 0x201A610F: insert (include/llvm/ADT/DenseMap.h:249)
          n1: 98304 0x201A610F: addOption (lib/Support/CommandLine.cpp:237)
           n1: 98304 0x201A610F: operator() (lib/Support/CommandLine.cpp:270)
            n1: 98304 0x201A610F: callback_fn<(lambda at /builddir/build/BUILD/llvm-22.1.8-build/llvm-project-22.1.8.src/llvm/lib/Support/CommandLine.cpp:270:27)> (include/llvm/ADT/STLFunctionalExtras.h:46)
             n1: 98304 0x201A610F: operator() (include/llvm/ADT/STLFunctionalExtras.h:69)
              n1: 98304 0x201A610F: forEachSubCommand (lib/Support/CommandLine.cpp:0)
               n1: 98304 0x201A610F: addOption (lib/Support/CommandLine.cpp:270)
                n2: 98304 0x201A610F: llvm::cl::Option::addArgument() (lib/Support/CommandLine.cpp:453)
                 n1: 98304 0x204F42D8: __cxx_global_var_init.14 (lib/Analysis/InlineCost.cpp:86)
                  n1: 98304 0x204F42D8: _GLOBAL__sub_I_InlineCost.cpp (lib/Analysis/InlineCost.cpp:0)
                   n1: 98304 0x40053EE: call_init (dl-init.c:74)
                    n1: 98304 0x40053EE: call_init (dl-init.c:26)
                     n1: 98304 0x40054CC: _dl_init (dl-init.c:121)
                      n1: 98304 0x40017D6: _dl_catch_exception (dl-catch.c:215)
                       n1: 98304 0x400C598: dl_open_worker (dl-open.c:799)
                        n1: 98304 0x4001728: _dl_catch_exception (dl-catch.c:241)
                         n1: 98304 0x400CA69: _dl_open (dl-open.c:900)
                          n1: 98304 0x543F0C3: dlopen_doit (dlopen.c:56)
                           n1: 98304 0x4001728: _dl_catch_exception (dl-catch.c:241)
                            n1: 98304 0x4001878: _dl_catch_error (dl-catch.c:260)
                             n1: 98304 0x543EBB2: _dlerror_run (dlerror.c:138)
                              n1: 98304 0x543F17A: dlopen_implementation (dlopen.c:71)
                               n1: 98304 0x543F17A: dlopen@@GLIBC_2.34 (dlopen.c:81)
                                n1: 98304 0x17BD00DE: ???
                                 n1: 98304 0x17BD0993: ???
                                  n1: 98304 0x54481DB: __pthread_once_slow.isra.0 (pthread_once.c:116)
                                   n1: 98304 0x5448258: pthread_once@@GLIBC_2.34 (pthread_once.c:143)
                                    n1: 98304 0x17BCEF9B: ???
                                     n1: 98304 0x87E61E6: SDL_EGL_LoadLibraryInternal (SDL_egl.c:482)
                                      n1: 98304 0x87E61E6: SDL_EGL_LoadLibraryOnly (SDL_egl.c:512)
                                       n1: 98304 0x8878ED6: SDL_EGL_LoadLibrary (SDL_egl.c:538)
                                        n1: 98304 0x8878ED6: Wayland_GLES_LoadLibrary (SDL_waylandopengles.c:49)
                                         n1: 98304 0x880C02D: SDL_GL_LoadLibrary_REAL (SDL_video.c:4735)
                                          n1: 98304 0x8814B50: SDL_ReconfigureWindowInternal (SDL_video.c:2685)
                                           n1: 98304 0x8814B50: SDL_ReconfigureWindow (SDL_video.c:2870)
                                            n1: 98304 0x8757010: GL_CreateRenderer.lto_priv.0 (SDL_render_gl.c:1803)
                                             n1: 98304 0x873E292: SDL_CreateRendererWithProperties_REAL (SDL_render.c:1142)
                                              n1: 98304 0x873E576: SDL_CreateRenderer_REAL (SDL_render.c:1287)
                                               n1: 98304 0x4EA2628: SDL_CreateRenderer_REAL (sdl2_compat.c:5986)
                                                n1: 98304 0xC39255: she::SDL2Display::SDL2Display(int, int, int)::{lambda()#1}::operator()() const (sdl2_display.cpp:83)
                                                 n1: 98304 0xC39389: __invoke_impl<void, she::SDL2Display::SDL2Display(int, int, int)::<lambda()>&> (invoke.h:63)
                                                  n1: 98304 0xC39389: __invoke_r<void, she::SDL2Display::SDL2Display(int, int, int)::<lambda()>&> (invoke.h:113)
                                                   n1: 98304 0xC39389: std::_Function_handler<void (), she::SDL2Display::SDL2Display(int, int, int)::{lambda()#1}>::_M_invoke(std::_Any_data const&) (std_function.h:295)
                                                    n0: 98304 0x421E25: std::function<void ()>::operator()() const (std_function.h:581)
                 n0: 0 in 6 places, all below massif's threshold (1.00%)
 n1: 92568 0x44344E: app::AppMenus::convertXmlelemToMenuitem(tinyxml2::XMLElement*) (app_menus.cpp:191)
  n2: 92568 0x442E82: app::AppMenus::convertXmlelemToMenu(tinyxml2::XMLElement*) (app_menus.cpp:151)
   n1: 65664 0x443757: app::AppMenus::convertXmlelemToMenuitem(tinyxml2::XMLElement*) (app_menus.cpp:206)
    n2: 65664 0x442E82: app::AppMenus::convertXmlelemToMenu(tinyxml2::XMLElement*) (app_menus.cpp:151)
     n1: 45600 0x442B93: app::AppMenus::loadMenus(tinyxml2::XMLHandle&) (app_menus.cpp:130)
      n1: 45600 0x441E7C: app::AppMenus::reload() (app_menus.cpp:65)
       n1: 45600 0x9A92E9: app::MainWindow::MainWindow() (main_window.cpp:55)
        n1: 45600 0x4059D3: app::App::initialize(app::AppOptions const&) (app.cpp:197)
         n1: 45600 0x402CED: app_main(int, char**)::{lambda()#1}::operator()() const (main.cpp:87)
          n1: 45600 0x403C20: int std::__invoke_impl<int, app_main(int, char**)::{lambda()#1}&>(std::__invoke_other, app_main(int, char**)::{lambda()#1}&) (invoke.h:63)
           n1: 45600 0x4039CB: std::enable_if<is_invocable_r_v<int, app_main(int, char**)::{lambda()#1}&>, int>::type std::__invoke_r<int, app_main(int, char**)::{lambda()#1}&>(app_main(int, char**)::{lambda()#1}&) (invoke.h:116)
            n1: 45600 0x40378A: std::_Function_handler<int (), app_main(int, char**)::{lambda()#1}>::_M_invoke(std::_Any_data const&) (std_function.h:295)
             n1: 45600 0xC5D4E5: std::function<int ()>::operator()() const (std_function.h:581)
              n1: 45600 0xC5D547: she::SDL2System::run(std::function<int ()>&&) (she.cpp:723)
               n1: 45600 0x403361: app_main(int, char**) (main.cpp:73)
                n0: 45600 0xC5AC2E: main (she.cpp:993)
     n0: 20064 in 1 place, below massif's threshold (1.00%)
   n1: 26904 0x442B93: app::AppMenus::loadMenus(tinyxml2::XMLHandle&) (app_menus.cpp:130)
    n1: 26904 0x441E7C: app::AppMenus::reload() (app_menus.cpp:65)
     n1: 26904 0x9A92E9: app::MainWindow::MainWindow() (main_window.cpp:55)
      n1: 26904 0x4059D3: app::App::initialize(app::AppOptions const&) (app.cpp:197)
       n1: 26904 0x402CED: app_main(int, char**)::{lambda()#1}::operator()() const (main.cpp:87)
        n1: 26904 0x403C20: int std::__invoke_impl<int, app_main(int, char**)::{lambda()#1}&>(std::__invoke_other, app_main(int, char**)::{lambda()#1}&) (invoke.h:63)
         n1: 26904 0x4039CB: std::enable_if<is_invocable_r_v<int, app_main(int, char**)::{lambda()#1}&>, int>::type std::__invoke_r<int, app_main(int, char**)::{lambda()#1}&>(app_main(int, char**)::{lambda()#1}&) (invoke.h:116)
          n1: 26904 0x40378A: std::_Function_handler<int (), app_main(int, char**)::{lambda()#1}>::_M_invoke(std::_Any_data const&) (std_function.h:295)
           n1: 26904 0xC5D4E5: std::function<int ()>::operator()() const (std_function.h:581)
            n1: 26904 0xC5D547: she::SDL2System::run(std::function<int ()>&&) (she.cpp:723)
             n1: 26904 0x403361: app_main(int, char**) (main.cpp:73)
              n0: 26904 0xC5AC2E: main (she.cpp:993)
 n1: 73728 0x5139FB3: pool (eh_alloc.cc:235)
  n1: 73728 0x5139FB3: __static_initialization_and_destruction_0 (eh_alloc.cc:373)
   n1: 73728 0x5139FB3: _GLOBAL__sub_I_eh_alloc.cc (eh_alloc.cc:456)
    n1: 73728 0x40053EE: call_init (dl-init.c:74)
     n1: 73728 0x40053EE: call_init (dl-init.c:26)
      n1: 73728 0x40054CC: _dl_init (dl-init.c:121)
       n0: 73728 0x401E71F: ??? (in /usr/lib64/ld-linux-x86-64.so.2)
 n1: 63396 0x4B1CFC4: ft_alloc (ftsystem.c:113)
  n1: 63396 0x4B1CFC4: ft_mem_qrealloc (ftutil.c:145)
   n2: 63396 0x4B1CFC4: ft_mem_realloc.constprop.0 (ftutil.c:101)
    n1: 61696 0x4B1D1D5: hash_rehash (fthash.c:146)
     n2: 61696 0x4B1D1D5: hash_insert.lto_priv.0 (fthash.c:257)
      n1: 61696 0x4B7B095: ft_hash_num_insert_no_overwrite (fthash.c:328)
       n1: 61696 0x4B7B095: add_substitute (afadjust.c:1205)
        n1: 61696 0x4B837CD: af_reverse_character_map_new (afadjust.c:1497)
         n1: 61696 0x4B837CD: af_latin_metrics_init (aflatin.c:1165)
          n1: 61696 0x4B85AAA: af_face_globals_get_metrics (afglobal.c:490)
           n1: 61696 0x4B85AAA: af_loader_load_glyph (afloader.c:301)
            n1: 61696 0x4B85AAA: af_autofitter_load_glyph.lto_priv.0 (afmodule.c:498)
             n1: 61696 0x4B1AFF2: FT_Load_Glyph (ftobjs.c:1064)
              n1: 61696 0xAA98D8: ft::NoCache::loadGlyph(FT_FaceRec_*, unsigned int, bool) (face.h:172)
               n1: 61696 0xAA9E6D: ft::SimpleCache::loadGlyph(FT_FaceRec_*, unsigned int, bool) (face.h:229)
                n2: 61696 0xAAB483: void ft::FaceFT<ft::SimpleCache>::forEachGlyph<ft::FaceFT<ft::SimpleCache>::calcTextBounds(std::__cxx11::basic_string<char, std::char_traits<char>, std::allocator<char> > const&)::{lambda(ft::Glyph&)#1}>(std::__cxx11::basic_string<char, std::char_traits<char>, std::allocator<char> > const&, ft::FaceFT<ft::SimpleCache>::calcTextBounds(std::__cxx11::basic_string<char, std::char_traits<char>, std::allocator<char> > const&)::{lambda(ft::Glyph&)#1}) (face.h:123)
                 n1: 61696 0xC36BB8: calcTextBounds (face.h:150)
                  n1: 61696 0xC36BB8: she::FreeTypeFont::textLength(std::__cxx11::basic_string<char, std::char_traits<char>, std::allocator<char> > const&) const (freetype_font.cpp:57)
                   n1: 61696 0xC7CB52: ui::IntEntry::onSizeHint(ui::SizeHintEvent&) (int_entry.cpp:133)
                    n1: 61696 0xCA8B70: ui::Widget::sizeHint() (widget.cpp:1194)
                     n1: 61696 0xC685BA: ui::Box::onResize(ui::ResizeEvent&) (box.cpp:144)
                      n1: 61696 0xCA1D26: ui::Widget::setBounds(gfx::RectT<int> const&) (widget.cpp:667)
                       n1: 61696 0xCA529C: ui::Widget::layout() (widget.cpp:596)
                        n1: 61696 0x8CB0F2: app::ContextBar::updateForTool(app::tools::Tool*) (context_bar.cpp:1754)
                         n1: 61696 0x8C8642: app::ContextBar::updateForActiveTool() (context_bar.cpp:1587)
                          n1: 61696 0x8CCDAB: app::ContextBar::setActiveBrush(base::SharedPtr<doc::Brush> const&) (context_bar.cpp:1876)
                           n1: 61696 0x8C68B4: app::ContextBar::ContextBar() (context_bar.cpp:1500)
                            n1: 61696 0x9A9531: app::MainWindow::MainWindow() (main_window.cpp:62)
                             n1: 61696 0x4059D3: app::App::initialize(app::AppOptions const&) (app.cpp:197)
                              n1: 61696 0x402CED: app_main(int, char**)::{lambda()#1}::operator()() const (main.cpp:87)
                               n1: 61696 0x403C20: int std::__invoke_impl<int, app_main(int, char**)::{lambda()#1}&>(std::__invoke_other, app_main(int, char**)::{lambda()#1}&) (invoke.h:63)
                                n1: 61696 0x4039CB: std::enable_if<is_invocable_r_v<int, app_main(int, char**)::{lambda()#1}&>, int>::type std::__invoke_r<int, app_main(int, char**)::{lambda()#1}&>(app_main(int, char**)::{lambda()#1}&) (invoke.h:116)
                                 n1: 61696 0x40378A: std::_Function_handler<int (), app_main(int, char**)::{lambda()#1}>::_M_invoke(std::_Any_data const&) (std_function.h:295)
                                  n1: 61696 0xC5D4E5: std::function<int ()>::operator()() const (std_function.h:581)
                                   n1: 61696 0xC5D547: she::SDL2System::run(std::function<int ()>&&) (she.cpp:723)
                                    n1: 61696 0x403361: app_main(int, char**) (main.cpp:73)
                                     n0: 61696 0xC5AC2E: main (she.cpp:993)
                 n0: 0 in 1 place, below massif's threshold (1.00%)
      n0: 0 in 3 places, all below massif's threshold (1.00%)
    n0: 1700 in 5 places, all below massif's threshold (1.00%)
 n1: 42950 0x4B80500: ft_alloc (ftsystem.c:113)
  n1: 42950 0x4B80500: ft_mem_qalloc (ftutil.c:75)
   n1: 42950 0x4B80500: af_parse_gsub (afgsub.c:326)
    n1: 42950 0x4B80500: af_face_globals_new (afglobal.c:369)
     n1: 42950 0x4B85E04: af_loader_reset (afloader.c:55)
      n1: 42950 0x4B85E04: af_loader_load_glyph (afloader.c:291)
       n1: 42950 0x4B85E04: af_autofitter_load_glyph.lto_priv.0 (afmodule.c:498)
        n1: 42950 0x4B1AFF2: FT_Load_Glyph (ftobjs.c:1064)
         n1: 42950 0xAA98D8: ft::NoCache::loadGlyph(FT_FaceRec_*, unsigned int, bool) (face.h:172)
          n1: 42950 0xAA9E6D: ft::SimpleCache::loadGlyph(FT_FaceRec_*, unsigned int, bool) (face.h:229)
           n2: 42950 0xAAB483: void ft::FaceFT<ft::SimpleCache>::forEachGlyph<ft::FaceFT<ft::SimpleCache>::calcTextBounds(std::__cxx11::basic_string<char, std::char_traits<char>, std::allocator<char> > const&)::{lambda(ft::Glyph&)#1}>(std::__cxx11::basic_string<char, std::char_traits<char>, std::allocator<char> > const&, ft::FaceFT<ft::SimpleCache>::calcTextBounds(std::__cxx11::basic_string<char, std::char_traits<char>, std::allocator<char> > const&)::{lambda(ft::Glyph&)#1}) (face.h:123)
            n1: 42950 0xC36BB8: calcTextBounds (face.h:150)
             n1: 42950 0xC36BB8: she::FreeTypeFont::textLength(std::__cxx11::basic_string<char, std::char_traits<char>, std::allocator<char> > const&) const (freetype_font.cpp:57)
              n1: 42950 0xC7CB52: ui::IntEntry::onSizeHint(ui::SizeHintEvent&) (int_entry.cpp:133)
               n1: 42950 0xCA8B70: ui::Widget::sizeHint() (widget.cpp:1194)
                n1: 42950 0xC685BA: ui::Box::onResize(ui::ResizeEvent&) (box.cpp:144)
                 n1: 42950 0xCA1D26: ui::Widget::setBounds(gfx::RectT<int> const&) (widget.cpp:667)
                  n1: 42950 0xCA529C: ui::Widget::layout() (widget.cpp:596)
                   n1: 42950 0x8CB0F2: app::ContextBar::updateForTool(app::tools::Tool*) (context_bar.cpp:1754)
                    n1: 42950 0x8C8642: app::ContextBar::updateForActiveTool() (context_bar.cpp:1587)
                     n1: 42950 0x8CCDAB: app::ContextBar::setActiveBrush(base::SharedPtr<doc::Brush> const&) (context_bar.cpp:1876)
                      n1: 42950 0x8C68B4: app::ContextBar::ContextBar() (context_bar.cpp:1500)
                       n1: 42950 0x9A9531: app::MainWindow::MainWindow() (main_window.cpp:62)
                        n1: 42950 0x4059D3: app::App::initialize(app::AppOptions const&) (app.cpp:197)
                         n1: 42950 0x402CED: app_main(int, char**)::{lambda()#1}::operator()() const (main.cpp:87)
                          n1: 42950 0x403C20: int std::__invoke_impl<int, app_main(int, char**)::{lambda()#1}&>(std::__invoke_other, app_main(int, char**)::{lambda()#1}&) (invoke.h:63)
                           n1: 42950 0x4039CB: std::enable_if<is_invocable_r_v<int, app_main(int, char**)::{lambda()#1}&>, int>::type std::__invoke_r<int, app_main(int, char**)::{lambda()#1}&>(app_main(int, char**)::{lambda()#1}&) (invoke.h:116)
                            n1: 42950 0x40378A: std::_Function_handler<int (), app_main(int, char**)::{lambda()#1}>::_M_invoke(std::_Any_data const&) (std_function.h:295)
                             n1: 42950 0xC5D4E5: std::function<int ()>::operator()() const (std_function.h:581)
                              n1: 42950 0xC5D547: she::SDL2System::run(std::function<int ()>&&) (she.cpp:723)
                               n1: 42950 0x403361: app_main(int, char**) (main.cpp:73)
                                n0: 42950 0xC5AC2E: main (she.cpp:993)
            n0: 0 in 1 place, below massif's threshold (1.00%)
 n2: 32240 0xC5C234: she::SDL2System::createRgbaSurface(int, int) (she.cpp:880)
  n1: 32200 0x9EB012: app::skin::SkinTheme::sliceSheet(she::Surface*, gfx::RectT<int> const&) (skin_theme.cpp:851)
   n0: 32200 in 11 places, all below massif's threshold (1.00%)
  n0: 40 in 2 places, all below massif's threshold (1.00%)
 n1: 28032 0x42B12F: std::__new_allocator<std::_Sp_counted_ptr_inplace<obs::safe_list<obs::slot<void ()> >, std::allocator<void>, (__gnu_cxx::_Lock_policy)2> >::allocate(unsigned long, void const*) (new_allocator.h:162)
  n1: 28032 0x4264EB: allocate (allocator.h:206)
   n1: 28032 0x4264EB: allocate (alloc_traits.h:638)
    n1: 28032 0x4264EB: std::__allocated_ptr<std::allocator<std::_Sp_counted_ptr_inplace<obs::safe_list<obs::slot<void ()> >, std::allocator<void>, (__gnu_cxx::_Lock_policy)2> > > std::__allocate_guarded<std::allocator<std::_Sp_counted_ptr_inplace<obs::safe_list<obs::slot<void ()> >, std::allocator<void>, (__gnu_cxx::_Lock_policy)2> > >(std::allocator<std::_Sp_counted_ptr_inplace<obs::safe_list<obs::slot<void ()> >, std::allocator<void>, (__gnu_cxx::_Lock_policy)2> >&) (allocated_ptr.h:103)
     n1: 28032 0x422EB5: std::__shared_count<(__gnu_cxx::_Lock_policy)2>::__shared_count<obs::safe_list<obs::slot<void ()> >, std::allocator<void>>(obs::safe_list<obs::slot<void ()> >*&, std::_Sp_alloc_shared_tag<std::allocator<void> >) (shared_ptr_base.h:1035)
      n1: 28032 0x41E9C9: std::__shared_ptr<obs::safe_list<obs::slot<void ()> >, (__gnu_cxx::_Lock_policy)2>::__shared_ptr<std::allocator<void>>(std::_Sp_alloc_shared_tag<std::allocator<void> >) (shared_ptr_base.h:1813)
       n1: 28032 0x418BE6: std::shared_ptr<obs::safe_list<obs::slot<void ()> > >::shared_ptr<std::allocator<void>>(std::_Sp_alloc_shared_tag<std::allocator<void> >) (shared_ptr.h:463)
        n1: 28032 0x413B4B: std::shared_ptr<obs::safe_list<obs::slot<void ()> > > std::make_shared<obs::safe_list<obs::slot<void ()> >>() (shared_ptr.h:1066)
         n2: 28032 0x410954: obs::signal<void ()>::signal() (signal.h:89)
          n1: 28032 0xC905B1: ui::MenuItem::MenuItem(std::__cxx11::basic_string<char, std::char_traits<char>, std::allocator<char> > const&) (menu.cpp:197)
           n2: 28032 0x8659B2: app::AppMenuItem::AppMenuItem(char const*, app::Command*, app::Params const&) (app_menuitem.cpp:38)
            n1: 25984 0x4434CC: app::AppMenus::convertXmlelemToMenuitem(tinyxml2::XMLElement*) (app_menus.cpp:191)
             n1: 25984 0x442E82: app::AppMenus::convertXmlelemToMenu(tinyxml2::XMLElement*) (app_menus.cpp:151)
              n0: 25984 in 2 places, all below massif's threshold (1.00%)
            n0: 2048 in 8 places, all below massif's threshold (1.00%)
          n0: 0 in 23 places, all below massif's threshold (1.00%)
